chunk_id,document_id,series_id,chunk_index,section,text,department,category,subcategory,document_type,country,classification,allowed_roles,allowed_departments,version,status,owner_team,source_system,updated_at,content_hash
ENG-000001-C00,ENG-000001,ENG-DATABASE-00001,0,Read Replicas — Global,"Read Replicas — Global
Read Replicas — Global
# Read Replicas — Global",Software Engineering,Databases,read replicas,coding_standard,GLOBAL,INTERNAL,"[""employee"", ""engineer"", ""tech_lead"", ""architect""]",[],1.4,ACTIVE,Backend Platform,sharepoint,2026-06-02,624b98235ed1
ENG-000001-C01,ENG-000001,ENG-DATABASE-00001,1,Purpose,"Read Replicas — Global
Purpose
The standard exists to reduce inconsistent implementation, avoid repeated support effort, and provide an auditable source of truth.",Software Engineering,Databases,read replicas,coding_standard,GLOBAL,INTERNAL,"[""employee"", ""engineer"", ""tech_lead"", ""architect""]",[],1.4,ACTIVE,Backend Platform,sharepoint,2026-06-02,bfa358b9e8e2
ENG-000001-C02,ENG-000001,ENG-DATABASE-00001,2,Scope,"Read Replicas — Global
Scope
Archived versions remain available for audit purposes but must not be used for new decisions. This version is the global baseline; country-specific documents may impose additional requirements.",Software Engineering,Databases,read replicas,coding_standard,GLOBAL,INTERNAL,"[""employee"", ""engineer"", ""tech_lead"", ""architect""]",[],1.4,ACTIVE,Backend Platform,sharepoint,2026-06-02,72ff16f151e1
ENG-000001-C03,ENG-000001,ENG-DATABASE-00001,3,Requirements,"Read Replicas — Global
Requirements
- Read Replicas must follow the current approved policy and ownership model. - Operational evidence for read replicas should be retained according to the applicable retention schedule. - Exceptions involving read replicas require documented approval from the responsible owner. - Teams should use standard tooling and published procedures when working with read replicas.",Software Engineering,Databases,read replicas,coding_standard,GLOBAL,INTERNAL,"[""employee"", ""engineer"", ""tech_lead"", ""architect""]",[],1.4,ACTIVE,Backend Platform,sharepoint,2026-06-02,08391470cdaa
ENG-000001-C04,ENG-000001,ENG-DATABASE-00001,4,Controls,"Read Replicas — Global
Controls
Requests requiring elevated access must be approved by the designated owner and recorded in the enterprise service system.",Software Engineering,Databases,read replicas,coding_standard,GLOBAL,INTERNAL,"[""employee"", ""engineer"", ""tech_lead"", ""architect""]",[],1.4,ACTIVE,Backend Platform,sharepoint,2026-06-02,d9c055082577
ENG-000001-C05,ENG-000001,ENG-DATABASE-00001,5,Procedure,"Read Replicas — Global
Procedure
1. Confirm that the request concerns read replicas.
2. Verify the relevant owner, country, environment, and current version.
3. Follow the approved workflow and capture evidence.
4. Escalate unresolved or exceptional cases to Backend Platform.",Software Engineering,Databases,read replicas,coding_standard,GLOBAL,INTERNAL,"[""employee"", ""engineer"", ""tech_lead"", ""architect""]",[],1.4,ACTIVE,Backend Platform,sharepoint,2026-06-02,0a9fbc6d9f1a
ENG-000001-C06,ENG-000001,ENG-DATABASE-00001,6,Validation,"Read Replicas — Global
Validation
Verify the current document version before acting.",Software Engineering,Databases,read replicas,coding_standard,GLOBAL,INTERNAL,"[""employee"", ""engineer"", ""tech_lead"", ""architect""]",[],1.4,ACTIVE,Backend Platform,sharepoint,2026-06-02,1e94312dc9f2
ENG-000001-C07,ENG-000001,ENG-DATABASE-00001,7,Version,"Read Replicas — Global
Version
Version 1.4. Status: ACTIVE.",Software Engineering,Databases,read replicas,coding_standard,GLOBAL,INTERNAL,"[""employee"", ""engineer"", ""tech_lead"", ""architect""]",[],1.4,ACTIVE,Backend Platform,sharepoint,2026-06-02,bcf0bc3468c5
ENG-000002-C00,ENG-000002,ENG-TESTING-00002,0,Integration Testing — Ireland v1.4,"Integration Testing — Ireland v1.4
Integration Testing — Ireland v1.4
# Integration Testing — Ireland v1.4",Software Engineering,Testing,integration testing,technical_standard,IE,INTERNAL,"[""employee"", ""engineer"", ""tech_lead"", ""architect""]",[],1.4,ARCHIVED,Frontend Platform,google_drive,2026-08-14,3056bc3fbe3e
ENG-000002-C01,ENG-000002,ENG-TESTING-00002,1,Purpose,"Integration Testing — Ireland v1.4
Purpose
The standard exists to reduce inconsistent implementation, avoid repeated support effort, and provide an auditable source of truth.",Software Engineering,Testing,integration testing,technical_standard,IE,INTERNAL,"[""employee"", ""engineer"", ""tech_lead"", ""architect""]",[],1.4,ARCHIVED,Frontend Platform,google_drive,2026-08-14,9aece7d592cd
ENG-000002-C02,ENG-000002,ENG-TESTING-00002,2,Scope,"Integration Testing — Ireland v1.4
Scope
It applies to employees, contractors, and managed service teams where the stated scope is relevant. This version applies to Ireland.",Software Engineering,Testing,integration testing,technical_standard,IE,INTERNAL,"[""employee"", ""engineer"", ""tech_lead"", ""architect""]",[],1.4,ARCHIVED,Frontend Platform,google_drive,2026-08-14,c9672f4338df
ENG-000002-C03,ENG-000002,ENG-TESTING-00002,3,Requirements,"Integration Testing — Ireland v1.4
Requirements
- Integration Testing must follow the current approved policy and ownership model. - Operational evidence for integration testing should be retained according to the applicable retention schedule. - Exceptions involving integration testing require documented approval from the responsible owner. - Teams should use standard tooling and published procedures when working with integration testing.",Software Engineering,Testing,integration testing,technical_standard,IE,INTERNAL,"[""employee"", ""engineer"", ""tech_lead"", ""architect""]",[],1.4,ARCHIVED,Frontend Platform,google_drive,2026-08-14,9856797fa218
ENG-000002-C04,ENG-000002,ENG-TESTING-00002,4,Controls,"Integration Testing — Ireland v1.4
Controls
Sensitive information must follow the organisation's classification and least-privilege requirements.",Software Engineering,Testing,integration testing,technical_standard,IE,INTERNAL,"[""employee"", ""engineer"", ""tech_lead"", ""architect""]",[],1.4,ARCHIVED,Frontend Platform,google_drive,2026-08-14,64b18ccdce34
ENG-000002-C05,ENG-000002,ENG-TESTING-00002,5,Procedure,"Integration Testing — Ireland v1.4
Procedure
1. Confirm that the request concerns integration testing.
2. Verify the relevant owner, country, environment, and current version.
3. Follow the approved workflow and capture evidence.
4. Escalate unresolved or exceptional cases to Frontend Platform.",Software Engineering,Testing,integration testing,technical_standard,IE,INTERNAL,"[""employee"", ""engineer"", ""tech_lead"", ""architect""]",[],1.4,ARCHIVED,Frontend Platform,google_drive,2026-08-14,db8db61739b3
ENG-000002-C06,ENG-000002,ENG-TESTING-00002,6,Validation,"Integration Testing — Ireland v1.4
Validation
If the procedure does not resolve the issue, escalate to the listed owner team with timestamps, identifiers, and evidence.",Software Engineering,Testing,integration testing,technical_standard,IE,INTERNAL,"[""employee"", ""engineer"", ""tech_lead"", ""architect""]",[],1.4,ARCHIVED,Frontend Platform,google_drive,2026-08-14,6b90bad78c9a
ENG-000002-C07,ENG-000002,ENG-TESTING-00002,7,Version,"Integration Testing — Ireland v1.4
Version
Version 1.4. Status: ARCHIVED. This document is archived and retained only for historical reference.",Software Engineering,Testing,integration testing,technical_standard,IE,INTERNAL,"[""employee"", ""engineer"", ""tech_lead"", ""architect""]",[],1.4,ARCHIVED,Frontend Platform,google_drive,2026-08-14,3ecc7cbaa53b
ENG-000003-C00,ENG-000003,ENG-TESTING-00002,0,Integration Testing — Ireland v2.4,"Integration Testing — Ireland v2.4
Integration Testing — Ireland v2.4
# Integration Testing — Ireland v2.4",Software Engineering,Testing,integration testing,technical_standard,IE,INTERNAL,"[""employee"", ""engineer"", ""tech_lead"", ""architect""]",[],2.4,ARCHIVED,Frontend Platform,servicenow,2024-02-02,601d5a7de533
ENG-000003-C01,ENG-000003,ENG-TESTING-00002,1,Purpose,"Integration Testing — Ireland v2.4
Purpose
The standard exists to reduce inconsistent implementation, avoid repeated support effort, and provide an auditable source of truth.",Software Engineering,Testing,integration testing,technical_standard,IE,INTERNAL,"[""employee"", ""engineer"", ""tech_lead"", ""architect""]",[],2.4,ARCHIVED,Frontend Platform,servicenow,2024-02-02,bf61360b6f06
ENG-000003-C02,ENG-000003,ENG-TESTING-00002,2,Scope,"Integration Testing — Ireland v2.4
Scope
Country-specific and role-specific exceptions override the global baseline only when explicitly documented. This version applies to Ireland.",Software Engineering,Testing,integration testing,technical_standard,IE,INTERNAL,"[""employee"", ""engineer"", ""tech_lead"", ""architect""]",[],2.4,ARCHIVED,Frontend Platform,servicenow,2024-02-02,ec4ad8cfc7cb
ENG-000003-C03,ENG-000003,ENG-TESTING-00002,3,Requirements,"Integration Testing — Ireland v2.4
Requirements
- Integration Testing must follow the current approved policy and ownership model. - Operational evidence for integration testing should be retained according to the applicable retention schedule. - Exceptions involving integration testing require documented approval from the responsible owner. - Teams should use standard tooling and published procedures when working with integration testing.",Software Engineering,Testing,integration testing,technical_standard,IE,INTERNAL,"[""employee"", ""engineer"", ""tech_lead"", ""architect""]",[],2.4,ARCHIVED,Frontend Platform,servicenow,2024-02-02,1a085324a8c6
ENG-000003-C04,ENG-000003,ENG-TESTING-00002,4,Controls,"Integration Testing — Ireland v2.4
Controls
Sensitive information must follow the organisation's classification and least-privilege requirements.",Software Engineering,Testing,integration testing,technical_standard,IE,INTERNAL,"[""employee"", ""engineer"", ""tech_lead"", ""architect""]",[],2.4,ARCHIVED,Frontend Platform,servicenow,2024-02-02,79846bfe5425
ENG-000003-C05,ENG-000003,ENG-TESTING-00002,5,Procedure,"Integration Testing — Ireland v2.4
Procedure
1. Confirm that the request concerns integration testing.
2. Verify the relevant owner, country, environment, and current version.
3. Follow the approved workflow and capture evidence.
4. Escalate unresolved or exceptional cases to Frontend Platform.",Software Engineering,Testing,integration testing,technical_standard,IE,INTERNAL,"[""employee"", ""engineer"", ""tech_lead"", ""architect""]",[],2.4,ARCHIVED,Frontend Platform,servicenow,2024-02-02,383c283c377f
ENG-000003-C06,ENG-000003,ENG-TESTING-00002,6,Validation,"Integration Testing — Ireland v2.4
Validation
Do not bypass required controls simply to shorten resolution time.",Software Engineering,Testing,integration testing,technical_standard,IE,INTERNAL,"[""employee"", ""engineer"", ""tech_lead"", ""architect""]",[],2.4,ARCHIVED,Frontend Platform,servicenow,2024-02-02,a25f99fbdb6f
ENG-000003-C07,ENG-000003,ENG-TESTING-00002,7,Version,"Integration Testing — Ireland v2.4
Version
Version 2.4. Status: ARCHIVED. This document is archived and retained only for historical reference.",Software Engineering,Testing,integration testing,technical_standard,IE,INTERNAL,"[""employee"", ""engineer"", ""tech_lead"", ""architect""]",[],2.4,ARCHIVED,Frontend Platform,servicenow,2024-02-02,8ef3c80e877d
ENG-000004-C00,ENG-000004,ENG-TESTING-00002,0,Integration Testing — Ireland v3.0,"Integration Testing — Ireland v3.0
Integration Testing — Ireland v3.0
# Integration Testing — Ireland v3.0",Software Engineering,Testing,integration testing,technical_standard,IE,INTERNAL,"[""employee"", ""engineer"", ""tech_lead"", ""architect""]",[],3.0,ACTIVE,Frontend Platform,sharepoint,2026-01-28,a5508924cfbf
ENG-000004-C01,ENG-000004,ENG-TESTING-00002,1,Purpose,"Integration Testing — Ireland v3.0
Purpose
Teams must apply this guidance when working with integration testing in production or employee-facing environments.",Software Engineering,Testing,integration testing,technical_standard,IE,INTERNAL,"[""employee"", ""engineer"", ""tech_lead"", ""architect""]",[],3.0,ACTIVE,Frontend Platform,sharepoint,2026-01-28,abf1dab599a9
ENG-000004-C02,ENG-000004,ENG-TESTING-00002,2,Scope,"Integration Testing — Ireland v3.0
Scope
Archived versions remain available for audit purposes but must not be used for new decisions. This version applies to Ireland.",Software Engineering,Testing,integration testing,technical_standard,IE,INTERNAL,"[""employee"", ""engineer"", ""tech_lead"", ""architect""]",[],3.0,ACTIVE,Frontend Platform,sharepoint,2026-01-28,4e13017318fa
ENG-000004-C03,ENG-000004,ENG-TESTING-00002,3,Requirements,"Integration Testing — Ireland v3.0
Requirements
- Integration Testing must follow the current approved policy and ownership model. - Operational evidence for integration testing should be retained according to the applicable retention schedule. - Exceptions involving integration testing require documented approval from the responsible owner. - Teams should use standard tooling and published procedures when working with integration testing.",Software Engineering,Testing,integration testing,technical_standard,IE,INTERNAL,"[""employee"", ""engineer"", ""tech_lead"", ""architect""]",[],3.0,ACTIVE,Frontend Platform,sharepoint,2026-01-28,2a95cd2024f4
ENG-000004-C04,ENG-000004,ENG-TESTING-00002,4,Controls,"Integration Testing — Ireland v3.0
Controls
Requests requiring elevated access must be approved by the designated owner and recorded in the enterprise service system.",Software Engineering,Testing,integration testing,technical_standard,IE,INTERNAL,"[""employee"", ""engineer"", ""tech_lead"", ""architect""]",[],3.0,ACTIVE,Frontend Platform,sharepoint,2026-01-28,bcd5da25284b
ENG-000004-C05,ENG-000004,ENG-TESTING-00002,5,Procedure,"Integration Testing — Ireland v3.0
Procedure
1. Confirm that the request concerns integration testing.
2. Verify the relevant owner, country, environment, and current version.
3. Follow the approved workflow and capture evidence.
4. Escalate unresolved or exceptional cases to Frontend Platform.",Software Engineering,Testing,integration testing,technical_standard,IE,INTERNAL,"[""employee"", ""engineer"", ""tech_lead"", ""architect""]",[],3.0,ACTIVE,Frontend Platform,sharepoint,2026-01-28,581cd33e8031
ENG-000004-C06,ENG-000004,ENG-TESTING-00002,6,Validation,"Integration Testing — Ireland v3.0
Validation
Do not bypass required controls simply to shorten resolution time.",Software Engineering,Testing,integration testing,technical_standard,IE,INTERNAL,"[""employee"", ""engineer"", ""tech_lead"", ""architect""]",[],3.0,ACTIVE,Frontend Platform,sharepoint,2026-01-28,d4a233e95083
ENG-000004-C07,ENG-000004,ENG-TESTING-00002,7,Version,"Integration Testing — Ireland v3.0
Version
Version 3.0. Status: ACTIVE.",Software Engineering,Testing,integration testing,technical_standard,IE,INTERNAL,"[""employee"", ""engineer"", ""tech_lead"", ""architect""]",[],3.0,ACTIVE,Frontend Platform,sharepoint,2026-01-28,7c08fd25ed09
ENG-000005-C00,ENG-000005,ENG-FRONTEND-00003,0,Accessibility — United States,"Accessibility — United States
Accessibility — United States
# Accessibility — United States",Software Engineering,Frontend,accessibility,api_guide,US,INTERNAL,"[""employee"", ""engineer"", ""tech_lead"", ""architect""]",[],1.2,ACTIVE,Data Platform,github,2024-03-30,e655694f14b4
ENG-000005-C01,ENG-000005,ENG-FRONTEND-00003,1,Purpose,"Accessibility — United States
Purpose
The standard exists to reduce inconsistent implementation, avoid repeated support effort, and provide an auditable source of truth.",Software Engineering,Frontend,accessibility,api_guide,US,INTERNAL,"[""employee"", ""engineer"", ""tech_lead"", ""architect""]",[],1.2,ACTIVE,Data Platform,github,2024-03-30,b6d779947638
ENG-000005-C02,ENG-000005,ENG-FRONTEND-00003,2,Scope,"Accessibility — United States
Scope
Archived versions remain available for audit purposes but must not be used for new decisions. This version applies to United States.",Software Engineering,Frontend,accessibility,api_guide,US,INTERNAL,"[""employee"", ""engineer"", ""tech_lead"", ""architect""]",[],1.2,ACTIVE,Data Platform,github,2024-03-30,8d8a03f8e496
ENG-000005-C03,ENG-000005,ENG-FRONTEND-00003,3,Requirements,"Accessibility — United States
Requirements
- Accessibility must follow the current approved policy and ownership model. - Operational evidence for accessibility should be retained according to the applicable retention schedule. - Exceptions involving accessibility require documented approval from the responsible owner. - Teams should use standard tooling and published procedures when working with accessibility.",Software Engineering,Frontend,accessibility,api_guide,US,INTERNAL,"[""employee"", ""engineer"", ""tech_lead"", ""architect""]",[],1.2,ACTIVE,Data Platform,github,2024-03-30,90b0f755a8e1
ENG-000005-C04,ENG-000005,ENG-FRONTEND-00003,4,Controls,"Accessibility — United States
Controls
Changes affecting production require peer review, traceable evidence, and rollback instructions.",Software Engineering,Frontend,accessibility,api_guide,US,INTERNAL,"[""employee"", ""engineer"", ""tech_lead"", ""architect""]",[],1.2,ACTIVE,Data Platform,github,2024-03-30,dc7b1a62fd83
ENG-000005-C05,ENG-000005,ENG-FRONTEND-00003,5,Procedure,"Accessibility — United States
Procedure
1. Confirm that the request concerns accessibility.
2. Verify the relevant owner, country, environment, and current version.
3. Follow the approved workflow and capture evidence.
4. Escalate unresolved or exceptional cases to Data Platform.",Software Engineering,Frontend,accessibility,api_guide,US,INTERNAL,"[""employee"", ""engineer"", ""tech_lead"", ""architect""]",[],1.2,ACTIVE,Data Platform,github,2024-03-30,72725bb9591b
ENG-000005-C06,ENG-000005,ENG-FRONTEND-00003,6,Validation,"Accessibility — United States
Validation
Verify the current document version before acting.",Software Engineering,Frontend,accessibility,api_guide,US,INTERNAL,"[""employee"", ""engineer"", ""tech_lead"", ""architect""]",[],1.2,ACTIVE,Data Platform,github,2024-03-30,db8424a59ce8
ENG-000005-C07,ENG-000005,ENG-FRONTEND-00003,7,Version,"Accessibility — United States
Version
Version 1.2. Status: ACTIVE.",Software Engineering,Frontend,accessibility,api_guide,US,INTERNAL,"[""employee"", ""engineer"", ""tech_lead"", ""architect""]",[],1.2,ACTIVE,Data Platform,github,2024-03-30,68fde56eaef1
ENG-000006-C00,ENG-000006,ENG-JAVA-SER-00004,0,Gradle Builds — United States,"Gradle Builds — United States
Gradle Builds — United States
# Gradle Builds — United States",Software Engineering,Java Services,Gradle builds,migration_guide,US,INTERNAL,"[""employee"", ""engineer"", ""tech_lead"", ""architect""]",[],1.0,ACTIVE,Data Platform,google_drive,2025-04-29,ab44fee63d6d
ENG-000006-C01,ENG-000006,ENG-JAVA-SER-00004,1,Purpose,"Gradle Builds — United States
Purpose
Teams must apply this guidance when working with Gradle builds in production or employee-facing environments.",Software Engineering,Java Services,Gradle builds,migration_guide,US,INTERNAL,"[""employee"", ""engineer"", ""tech_lead"", ""architect""]",[],1.0,ACTIVE,Data Platform,google_drive,2025-04-29,5bb5cc98302e
ENG-000006-C02,ENG-000006,ENG-JAVA-SER-00004,2,Scope,"Gradle Builds — United States
Scope
Country-specific and role-specific exceptions override the global baseline only when explicitly documented. This version applies to United States.",Software Engineering,Java Services,Gradle builds,migration_guide,US,INTERNAL,"[""employee"", ""engineer"", ""tech_lead"", ""architect""]",[],1.0,ACTIVE,Data Platform,google_drive,2025-04-29,ef6e6528c972
ENG-000006-C03,ENG-000006,ENG-JAVA-SER-00004,3,Requirements,"Gradle Builds — United States
Requirements
- Gradle Builds must follow the current approved policy and ownership model. - Operational evidence for Gradle builds should be retained according to the applicable retention schedule. - Exceptions involving Gradle builds require documented approval from the responsible owner. - Teams should use standard tooling and published procedures when working with Gradle builds.",Software Engineering,Java Services,Gradle builds,migration_guide,US,INTERNAL,"[""employee"", ""engineer"", ""tech_lead"", ""architect""]",[],1.0,ACTIVE,Data Platform,google_drive,2025-04-29,77c127a07a9b
ENG-000006-C04,ENG-000006,ENG-JAVA-SER-00004,4,Controls,"Gradle Builds — United States
Controls
Changes affecting production require peer review, traceable evidence, and rollback instructions.",Software Engineering,Java Services,Gradle builds,migration_guide,US,INTERNAL,"[""employee"", ""engineer"", ""tech_lead"", ""architect""]",[],1.0,ACTIVE,Data Platform,google_drive,2025-04-29,9867ba5d2453
ENG-000006-C05,ENG-000006,ENG-JAVA-SER-00004,5,Procedure,"Gradle Builds — United States
Procedure
1. Confirm that the request concerns Gradle builds.
2. Verify the relevant owner, country, environment, and current version.
3. Follow the approved workflow and capture evidence.
4. Escalate unresolved or exceptional cases to Data Platform.",Software Engineering,Java Services,Gradle builds,migration_guide,US,INTERNAL,"[""employee"", ""engineer"", ""tech_lead"", ""architect""]",[],1.0,ACTIVE,Data Platform,google_drive,2025-04-29,eb07762ffcc7
ENG-000006-C06,ENG-000006,ENG-JAVA-SER-00004,6,Validation,"Gradle Builds — United States
Validation
If the procedure does not resolve the issue, escalate to the listed owner team with timestamps, identifiers, and evidence.",Software Engineering,Java Services,Gradle builds,migration_guide,US,INTERNAL,"[""employee"", ""engineer"", ""tech_lead"", ""architect""]",[],1.0,ACTIVE,Data Platform,google_drive,2025-04-29,a2843004a76d
ENG-000006-C07,ENG-000006,ENG-JAVA-SER-00004,7,Version,"Gradle Builds — United States
Version
Version 1.0. Status: ACTIVE.",Software Engineering,Java Services,Gradle builds,migration_guide,US,INTERNAL,"[""employee"", ""engineer"", ""tech_lead"", ""architect""]",[],1.0,ACTIVE,Data Platform,google_drive,2025-04-29,14f52af1bc34
ENG-000007-C00,ENG-000007,ENG-MESSAGIN-00005,0,Consumer Retries — United Kingdom,"Consumer Retries — United Kingdom
Consumer Retries — United Kingdom
# Consumer Retries — United Kingdom",Software Engineering,Messaging,consumer retries,coding_standard,UK,EMPLOYEE,"[""employee"", ""engineer"", ""tech_lead"", ""architect""]",[],1.0,ACTIVE,Data Platform,hr_portal,2025-03-12,35ee2a800c4e
ENG-000007-C01,ENG-000007,ENG-MESSAGIN-00005,1,Purpose,"Consumer Retries — United Kingdom
Purpose
The standard exists to reduce inconsistent implementation, avoid repeated support effort, and provide an auditable source of truth.",Software Engineering,Messaging,consumer retries,coding_standard,UK,EMPLOYEE,"[""employee"", ""engineer"", ""tech_lead"", ""architect""]",[],1.0,ACTIVE,Data Platform,hr_portal,2025-03-12,b0aa9d683466
ENG-000007-C02,ENG-000007,ENG-MESSAGIN-00005,2,Scope,"Consumer Retries — United Kingdom
Scope
Country-specific and role-specific exceptions override the global baseline only when explicitly documented. This version applies to United Kingdom.",Software Engineering,Messaging,consumer retries,coding_standard,UK,EMPLOYEE,"[""employee"", ""engineer"", ""tech_lead"", ""architect""]",[],1.0,ACTIVE,Data Platform,hr_portal,2025-03-12,bb56488624fd
ENG-000007-C03,ENG-000007,ENG-MESSAGIN-00005,3,Requirements,"Consumer Retries — United Kingdom
Requirements
- Consumer Retries must follow the current approved policy and ownership model. - Operational evidence for consumer retries should be retained according to the applicable retention schedule. - Exceptions involving consumer retries require documented approval from the responsible owner. - Teams should use standard tooling and published procedures when working with consumer retries.",Software Engineering,Messaging,consumer retries,coding_standard,UK,EMPLOYEE,"[""employee"", ""engineer"", ""tech_lead"", ""architect""]",[],1.0,ACTIVE,Data Platform,hr_portal,2025-03-12,5f67360ca6ff
ENG-000007-C04,ENG-000007,ENG-MESSAGIN-00005,4,Controls,"Consumer Retries — United Kingdom
Controls
Changes affecting production require peer review, traceable evidence, and rollback instructions.",Software Engineering,Messaging,consumer retries,coding_standard,UK,EMPLOYEE,"[""employee"", ""engineer"", ""tech_lead"", ""architect""]",[],1.0,ACTIVE,Data Platform,hr_portal,2025-03-12,07716174af21
ENG-000007-C05,ENG-000007,ENG-MESSAGIN-00005,5,Procedure,"Consumer Retries — United Kingdom
Procedure
1. Confirm that the request concerns consumer retries.
2. Verify the relevant owner, country, environment, and current version.
3. Follow the approved workflow and capture evidence.
4. Escalate unresolved or exceptional cases to Data Platform.",Software Engineering,Messaging,consumer retries,coding_standard,UK,EMPLOYEE,"[""employee"", ""engineer"", ""tech_lead"", ""architect""]",[],1.0,ACTIVE,Data Platform,hr_portal,2025-03-12,c8e47f71f18b
ENG-000007-C06,ENG-000007,ENG-MESSAGIN-00005,6,Validation,"Consumer Retries — United Kingdom
Validation
Verify the current document version before acting.",Software Engineering,Messaging,consumer retries,coding_standard,UK,EMPLOYEE,"[""employee"", ""engineer"", ""tech_lead"", ""architect""]",[],1.0,ACTIVE,Data Platform,hr_portal,2025-03-12,0c7f2b637741
ENG-000007-C07,ENG-000007,ENG-MESSAGIN-00005,7,Version,"Consumer Retries — United Kingdom
Version
Version 1.0. Status: ACTIVE.",Software Engineering,Messaging,consumer retries,coding_standard,UK,EMPLOYEE,"[""employee"", ""engineer"", ""tech_lead"", ""architect""]",[],1.0,ACTIVE,Data Platform,hr_portal,2025-03-12,e91611f31c34
ENG-000008-C00,ENG-000008,ENG-PYTHON-B-00006,0,Pytest Strategy — Ireland,"Pytest Strategy — Ireland
Pytest Strategy — Ireland
# Pytest Strategy — Ireland",Software Engineering,Python Backend,pytest strategy,migration_guide,IE,EMPLOYEE,"[""employee"", ""engineer"", ""tech_lead"", ""architect""]",[],1.2,ACTIVE,Architecture Guild,servicenow,2026-09-23,bbda2787b343
ENG-000008-C01,ENG-000008,ENG-PYTHON-B-00006,1,Purpose,"Pytest Strategy — Ireland
Purpose
The standard exists to reduce inconsistent implementation, avoid repeated support effort, and provide an auditable source of truth.",Software Engineering,Python Backend,pytest strategy,migration_guide,IE,EMPLOYEE,"[""employee"", ""engineer"", ""tech_lead"", ""architect""]",[],1.2,ACTIVE,Architecture Guild,servicenow,2026-09-23,6d45bc04d0c0
ENG-000008-C02,ENG-000008,ENG-PYTHON-B-00006,2,Scope,"Pytest Strategy — Ireland
Scope
It applies to employees, contractors, and managed service teams where the stated scope is relevant. This version applies to Ireland.",Software Engineering,Python Backend,pytest strategy,migration_guide,IE,EMPLOYEE,"[""employee"", ""engineer"", ""tech_lead"", ""architect""]",[],1.2,ACTIVE,Architecture Guild,servicenow,2026-09-23,5dab37e9b5e4
ENG-000008-C03,ENG-000008,ENG-PYTHON-B-00006,3,Requirements,"Pytest Strategy — Ireland
Requirements
- Pytest Strategy must follow the current approved policy and ownership model. - Operational evidence for pytest strategy should be retained according to the applicable retention schedule. - Exceptions involving pytest strategy require documented approval from the responsible owner. - Teams should use standard tooling and published procedures when working with pytest strategy.",Software Engineering,Python Backend,pytest strategy,migration_guide,IE,EMPLOYEE,"[""employee"", ""engineer"", ""tech_lead"", ""architect""]",[],1.2,ACTIVE,Architecture Guild,servicenow,2026-09-23,4cd0cba00227
ENG-000008-C04,ENG-000008,ENG-PYTHON-B-00006,4,Controls,"Pytest Strategy — Ireland
Controls
Sensitive information must follow the organisation's classification and least-privilege requirements.",Software Engineering,Python Backend,pytest strategy,migration_guide,IE,EMPLOYEE,"[""employee"", ""engineer"", ""tech_lead"", ""architect""]",[],1.2,ACTIVE,Architecture Guild,servicenow,2026-09-23,c155f9cd9dc0
ENG-000008-C05,ENG-000008,ENG-PYTHON-B-00006,5,Procedure,"Pytest Strategy — Ireland
Procedure
1. Confirm that the request concerns pytest strategy.
2. Verify the relevant owner, country, environment, and current version.
3. Follow the approved workflow and capture evidence.
4. Escalate unresolved or exceptional cases to Architecture Guild.",Software Engineering,Python Backend,pytest strategy,migration_guide,IE,EMPLOYEE,"[""employee"", ""engineer"", ""tech_lead"", ""architect""]",[],1.2,ACTIVE,Architecture Guild,servicenow,2026-09-23,2c4c14f82169
ENG-000008-C06,ENG-000008,ENG-PYTHON-B-00006,6,Validation,"Pytest Strategy — Ireland
Validation
If the procedure does not resolve the issue, escalate to the listed owner team with timestamps, identifiers, and evidence.",Software Engineering,Python Backend,pytest strategy,migration_guide,IE,EMPLOYEE,"[""employee"", ""engineer"", ""tech_lead"", ""architect""]",[],1.2,ACTIVE,Architecture Guild,servicenow,2026-09-23,ad4e161478c5
ENG-000008-C07,ENG-000008,ENG-PYTHON-B-00006,7,Version,"Pytest Strategy — Ireland
Version
Version 1.2. Status: ACTIVE.",Software Engineering,Python Backend,pytest strategy,migration_guide,IE,EMPLOYEE,"[""employee"", ""engineer"", ""tech_lead"", ""architect""]",[],1.2,ACTIVE,Architecture Guild,servicenow,2026-09-23,d78ba02388da
ENG-000009-C00,ENG-000009,ENG-TESTING-00007,0,Unit Testing — Singapore,"Unit Testing — Singapore
Unit Testing — Singapore
# Unit Testing — Singapore",Software Engineering,Testing,unit testing,design_note,SG,EMPLOYEE,"[""employee"", ""engineer"", ""tech_lead"", ""architect""]",[],1.1,ACTIVE,Data Platform,confluence,2025-11-11,69008594083b
ENG-000009-C01,ENG-000009,ENG-TESTING-00007,1,Purpose,"Unit Testing — Singapore
Purpose
The standard exists to reduce inconsistent implementation, avoid repeated support effort, and provide an auditable source of truth.",Software Engineering,Testing,unit testing,design_note,SG,EMPLOYEE,"[""employee"", ""engineer"", ""tech_lead"", ""architect""]",[],1.1,ACTIVE,Data Platform,confluence,2025-11-11,85c6baf7f26e
ENG-000009-C02,ENG-000009,ENG-TESTING-00007,2,Scope,"Unit Testing — Singapore
Scope
It applies to employees, contractors, and managed service teams where the stated scope is relevant. This version applies to Singapore.",Software Engineering,Testing,unit testing,design_note,SG,EMPLOYEE,"[""employee"", ""engineer"", ""tech_lead"", ""architect""]",[],1.1,ACTIVE,Data Platform,confluence,2025-11-11,0daaabb704bd
ENG-000009-C03,ENG-000009,ENG-TESTING-00007,3,Requirements,"Unit Testing — Singapore
Requirements
- Unit Testing must follow the current approved policy and ownership model. - Operational evidence for unit testing should be retained according to the applicable retention schedule. - Exceptions involving unit testing require documented approval from the responsible owner. - Teams should use standard tooling and published procedures when working with unit testing.",Software Engineering,Testing,unit testing,design_note,SG,EMPLOYEE,"[""employee"", ""engineer"", ""tech_lead"", ""architect""]",[],1.1,ACTIVE,Data Platform,confluence,2025-11-11,4b0f99efaf44
ENG-000009-C04,ENG-000009,ENG-TESTING-00007,4,Controls,"Unit Testing — Singapore
Controls
Changes affecting production require peer review, traceable evidence, and rollback instructions.",Software Engineering,Testing,unit testing,design_note,SG,EMPLOYEE,"[""employee"", ""engineer"", ""tech_lead"", ""architect""]",[],1.1,ACTIVE,Data Platform,confluence,2025-11-11,edac81695acc
ENG-000009-C05,ENG-000009,ENG-TESTING-00007,5,Procedure,"Unit Testing — Singapore
Procedure
1. Confirm that the request concerns unit testing.
2. Verify the relevant owner, country, environment, and current version.
3. Follow the approved workflow and capture evidence.
4. Escalate unresolved or exceptional cases to Data Platform.",Software Engineering,Testing,unit testing,design_note,SG,EMPLOYEE,"[""employee"", ""engineer"", ""tech_lead"", ""architect""]",[],1.1,ACTIVE,Data Platform,confluence,2025-11-11,5da929bd57c8
ENG-000009-C06,ENG-000009,ENG-TESTING-00007,6,Validation,"Unit Testing — Singapore
Validation
Verify the current document version before acting.",Software Engineering,Testing,unit testing,design_note,SG,EMPLOYEE,"[""employee"", ""engineer"", ""tech_lead"", ""architect""]",[],1.1,ACTIVE,Data Platform,confluence,2025-11-11,bc71a44fff87
ENG-000009-C07,ENG-000009,ENG-TESTING-00007,7,Version,"Unit Testing — Singapore
Version
Version 1.1. Status: ACTIVE.",Software Engineering,Testing,unit testing,design_note,SG,EMPLOYEE,"[""employee"", ""engineer"", ""tech_lead"", ""architect""]",[],1.1,ACTIVE,Data Platform,confluence,2025-11-11,e62fceee8b49
ENG-000010-C00,ENG-000010,ENG-APIS-00008,0,Error Envelopes — Australia,"Error Envelopes — Australia
Error Envelopes — Australia
# Error Envelopes — Australia",Software Engineering,APIs,error envelopes,technical_standard,AU,EMPLOYEE,"[""employee"", ""engineer"", ""tech_lead"", ""architect""]",[],1.3,ACTIVE,Frontend Platform,servicenow,2025-02-26,3c2f36244eb4
ENG-000010-C01,ENG-000010,ENG-APIS-00008,1,Purpose,"Error Envelopes — Australia
Purpose
This document defines the approved operating model for error envelopes within Northstar Digital Services.",Software Engineering,APIs,error envelopes,technical_standard,AU,EMPLOYEE,"[""employee"", ""engineer"", ""tech_lead"", ""architect""]",[],1.3,ACTIVE,Frontend Platform,servicenow,2025-02-26,4a7f200dbcac
ENG-000010-C02,ENG-000010,ENG-APIS-00008,2,Scope,"Error Envelopes — Australia
Scope
Archived versions remain available for audit purposes but must not be used for new decisions. This version applies to Australia.",Software Engineering,APIs,error envelopes,technical_standard,AU,EMPLOYEE,"[""employee"", ""engineer"", ""tech_lead"", ""architect""]",[],1.3,ACTIVE,Frontend Platform,servicenow,2025-02-26,1c4441f1afe6
ENG-000010-C03,ENG-000010,ENG-APIS-00008,3,Requirements,"Error Envelopes — Australia
Requirements
- Error Envelopes must follow the current approved policy and ownership model. - Operational evidence for error envelopes should be retained according to the applicable retention schedule. - Exceptions involving error envelopes require documented approval from the responsible owner. - Teams should use standard tooling and published procedures when working with error envelopes.",Software Engineering,APIs,error envelopes,technical_standard,AU,EMPLOYEE,"[""employee"", ""engineer"", ""tech_lead"", ""architect""]",[],1.3,ACTIVE,Frontend Platform,servicenow,2025-02-26,daf3612cddc8
ENG-000010-C04,ENG-000010,ENG-APIS-00008,4,Controls,"Error Envelopes — Australia
Controls
Requests requiring elevated access must be approved by the designated owner and recorded in the enterprise service system.",Software Engineering,APIs,error envelopes,technical_standard,AU,EMPLOYEE,"[""employee"", ""engineer"", ""tech_lead"", ""architect""]",[],1.3,ACTIVE,Frontend Platform,servicenow,2025-02-26,6b00f323faa3
ENG-000010-C05,ENG-000010,ENG-APIS-00008,5,Procedure,"Error Envelopes — Australia
Procedure
1. Confirm that the request concerns error envelopes.
2. Verify the relevant owner, country, environment, and current version.
3. Follow the approved workflow and capture evidence.
4. Escalate unresolved or exceptional cases to Frontend Platform.",Software Engineering,APIs,error envelopes,technical_standard,AU,EMPLOYEE,"[""employee"", ""engineer"", ""tech_lead"", ""architect""]",[],1.3,ACTIVE,Frontend Platform,servicenow,2025-02-26,2b9e918f6bd9
ENG-000010-C06,ENG-000010,ENG-APIS-00008,6,Validation,"Error Envelopes — Australia
Validation
Do not bypass required controls simply to shorten resolution time.",Software Engineering,APIs,error envelopes,technical_standard,AU,EMPLOYEE,"[""employee"", ""engineer"", ""tech_lead"", ""architect""]",[],1.3,ACTIVE,Frontend Platform,servicenow,2025-02-26,9b7ce0dc0532
ENG-000010-C07,ENG-000010,ENG-APIS-00008,7,Version,"Error Envelopes — Australia
Version
Version 1.3. Status: ACTIVE.",Software Engineering,APIs,error envelopes,technical_standard,AU,EMPLOYEE,"[""employee"", ""engineer"", ""tech_lead"", ""architect""]",[],1.3,ACTIVE,Frontend Platform,servicenow,2025-02-26,2ac7be8a8a20
ENG-000011-C00,ENG-000011,ENG-DATABASE-00009,0,Indexing — Global v1.2,"Indexing — Global v1.2
Indexing — Global v1.2
# Indexing — Global v1.2",Software Engineering,Databases,indexing,technical_standard,GLOBAL,INTERNAL,"[""employee"", ""engineer"", ""tech_lead"", ""architect""]",[],1.2,ARCHIVED,Backend Platform,servicenow,2026-08-23,63ddd5ad1077
ENG-000011-C01,ENG-000011,ENG-DATABASE-00009,1,Purpose,"Indexing — Global v1.2
Purpose
Teams must apply this guidance when working with indexing in production or employee-facing environments.",Software Engineering,Databases,indexing,technical_standard,GLOBAL,INTERNAL,"[""employee"", ""engineer"", ""tech_lead"", ""architect""]",[],1.2,ARCHIVED,Backend Platform,servicenow,2026-08-23,c876adcb8a87
ENG-000011-C02,ENG-000011,ENG-DATABASE-00009,2,Scope,"Indexing — Global v1.2
Scope
It applies to employees, contractors, and managed service teams where the stated scope is relevant. This version is the global baseline; country-specific documents may impose additional requirements.",Software Engineering,Databases,indexing,technical_standard,GLOBAL,INTERNAL,"[""employee"", ""engineer"", ""tech_lead"", ""architect""]",[],1.2,ARCHIVED,Backend Platform,servicenow,2026-08-23,470c88ec5ba5
ENG-000011-C03,ENG-000011,ENG-DATABASE-00009,3,Requirements,"Indexing — Global v1.2
Requirements
- Indexing must follow the current approved policy and ownership model. - Operational evidence for indexing should be retained according to the applicable retention schedule. - Exceptions involving indexing require documented approval from the responsible owner. - Teams should use standard tooling and published procedures when working with indexing.",Software Engineering,Databases,indexing,technical_standard,GLOBAL,INTERNAL,"[""employee"", ""engineer"", ""tech_lead"", ""architect""]",[],1.2,ARCHIVED,Backend Platform,servicenow,2026-08-23,4a6e9d4b4beb
ENG-000011-C04,ENG-000011,ENG-DATABASE-00009,4,Controls,"Indexing — Global v1.2
Controls
Sensitive information must follow the organisation's classification and least-privilege requirements.",Software Engineering,Databases,indexing,technical_standard,GLOBAL,INTERNAL,"[""employee"", ""engineer"", ""tech_lead"", ""architect""]",[],1.2,ARCHIVED,Backend Platform,servicenow,2026-08-23,beee1682b636
ENG-000011-C05,ENG-000011,ENG-DATABASE-00009,5,Procedure,"Indexing — Global v1.2
Procedure
1. Confirm that the request concerns indexing.
2. Verify the relevant owner, country, environment, and current version.
3. Follow the approved workflow and capture evidence.
4. Escalate unresolved or exceptional cases to Backend Platform.",Software Engineering,Databases,indexing,technical_standard,GLOBAL,INTERNAL,"[""employee"", ""engineer"", ""tech_lead"", ""architect""]",[],1.2,ARCHIVED,Backend Platform,servicenow,2026-08-23,0b03476afae0
ENG-000011-C06,ENG-000011,ENG-DATABASE-00009,6,Validation,"Indexing — Global v1.2
Validation
If the procedure does not resolve the issue, escalate to the listed owner team with timestamps, identifiers, and evidence.",Software Engineering,Databases,indexing,technical_standard,GLOBAL,INTERNAL,"[""employee"", ""engineer"", ""tech_lead"", ""architect""]",[],1.2,ARCHIVED,Backend Platform,servicenow,2026-08-23,4fbb9bfe1127
ENG-000011-C07,ENG-000011,ENG-DATABASE-00009,7,Version,"Indexing — Global v1.2
Version
Version 1.2. Status: ARCHIVED. This document is archived and retained only for historical reference.",Software Engineering,Databases,indexing,technical_standard,GLOBAL,INTERNAL,"[""employee"", ""engineer"", ""tech_lead"", ""architect""]",[],1.2,ARCHIVED,Backend Platform,servicenow,2026-08-23,471cf69512bb
ENG-000012-C00,ENG-000012,ENG-DATABASE-00009,0,Indexing — Global v2.2,"Indexing — Global v2.2
Indexing — Global v2.2
# Indexing — Global v2.2",Software Engineering,Databases,indexing,technical_standard,GLOBAL,INTERNAL,"[""employee"", ""engineer"", ""tech_lead"", ""architect""]",[],2.2,ACTIVE,Backend Platform,confluence,2026-09-23,1a8b0b2bf40e
ENG-000012-C01,ENG-000012,ENG-DATABASE-00009,1,Purpose,"Indexing — Global v2.2
Purpose
This document defines the approved operating model for indexing within Northstar Digital Services.",Software Engineering,Databases,indexing,technical_standard,GLOBAL,INTERNAL,"[""employee"", ""engineer"", ""tech_lead"", ""architect""]",[],2.2,ACTIVE,Backend Platform,confluence,2026-09-23,6b861220f850
ENG-000012-C02,ENG-000012,ENG-DATABASE-00009,2,Scope,"Indexing — Global v2.2
Scope
Archived versions remain available for audit purposes but must not be used for new decisions. This version is the global baseline; country-specific documents may impose additional requirements.",Software Engineering,Databases,indexing,technical_standard,GLOBAL,INTERNAL,"[""employee"", ""engineer"", ""tech_lead"", ""architect""]",[],2.2,ACTIVE,Backend Platform,confluence,2026-09-23,9d157c8b0464
ENG-000012-C03,ENG-000012,ENG-DATABASE-00009,3,Requirements,"Indexing — Global v2.2
Requirements
- Indexing must follow the current approved policy and ownership model. - Operational evidence for indexing should be retained according to the applicable retention schedule. - Exceptions involving indexing require documented approval from the responsible owner. - Teams should use standard tooling and published procedures when working with indexing.",Software Engineering,Databases,indexing,technical_standard,GLOBAL,INTERNAL,"[""employee"", ""engineer"", ""tech_lead"", ""architect""]",[],2.2,ACTIVE,Backend Platform,confluence,2026-09-23,675e5e04cdde
ENG-000012-C04,ENG-000012,ENG-DATABASE-00009,4,Controls,"Indexing — Global v2.2
Controls
Changes affecting production require peer review, traceable evidence, and rollback instructions.",Software Engineering,Databases,indexing,technical_standard,GLOBAL,INTERNAL,"[""employee"", ""engineer"", ""tech_lead"", ""architect""]",[],2.2,ACTIVE,Backend Platform,confluence,2026-09-23,15445cd6f729
ENG-000012-C05,ENG-000012,ENG-DATABASE-00009,5,Procedure,"Indexing — Global v2.2
Procedure
1. Confirm that the request concerns indexing.
2. Verify the relevant owner, country, environment, and current version.
3. Follow the approved workflow and capture evidence.
4. Escalate unresolved or exceptional cases to Backend Platform.",Software Engineering,Databases,indexing,technical_standard,GLOBAL,INTERNAL,"[""employee"", ""engineer"", ""tech_lead"", ""architect""]",[],2.2,ACTIVE,Backend Platform,confluence,2026-09-23,78416b54d76e
ENG-000012-C06,ENG-000012,ENG-DATABASE-00009,6,Validation,"Indexing — Global v2.2
Validation
If the procedure does not resolve the issue, escalate to the listed owner team with timestamps, identifiers, and evidence.",Software Engineering,Databases,indexing,technical_standard,GLOBAL,INTERNAL,"[""employee"", ""engineer"", ""tech_lead"", ""architect""]",[],2.2,ACTIVE,Backend Platform,confluence,2026-09-23,78888da2335a
ENG-000012-C07,ENG-000012,ENG-DATABASE-00009,7,Version,"Indexing — Global v2.2
Version
Version 2.2. Status: ACTIVE.",Software Engineering,Databases,indexing,technical_standard,GLOBAL,INTERNAL,"[""employee"", ""engineer"", ""tech_lead"", ""architect""]",[],2.2,ACTIVE,Backend Platform,confluence,2026-09-23,9b25c425c07a
ENG-000013-C00,ENG-000013,ENG-ARCHITEC-00010,0,Adr Process — Global,"Adr Process — Global
Adr Process — Global
# Adr Process — Global",Software Engineering,Architecture,ADR process,architecture_decision_record,GLOBAL,EMPLOYEE,"[""employee"", ""engineer"", ""tech_lead"", ""architect""]",[],1.2,ACTIVE,Data Platform,google_drive,2023-07-12,6341608876b9
ENG-000013-C01,ENG-000013,ENG-ARCHITEC-00010,1,Purpose,"Adr Process — Global
Purpose
Teams must apply this guidance when working with ADR process in production or employee-facing environments.",Software Engineering,Architecture,ADR process,architecture_decision_record,GLOBAL,EMPLOYEE,"[""employee"", ""engineer"", ""tech_lead"", ""architect""]",[],1.2,ACTIVE,Data Platform,google_drive,2023-07-12,c0aa76f61819
ENG-000013-C02,ENG-000013,ENG-ARCHITEC-00010,2,Scope,"Adr Process — Global
Scope
Archived versions remain available for audit purposes but must not be used for new decisions. This version is the global baseline; country-specific documents may impose additional requirements.",Software Engineering,Architecture,ADR process,architecture_decision_record,GLOBAL,EMPLOYEE,"[""employee"", ""engineer"", ""tech_lead"", ""architect""]",[],1.2,ACTIVE,Data Platform,google_drive,2023-07-12,0a8adf0cee52
ENG-000013-C03,ENG-000013,ENG-ARCHITEC-00010,3,Requirements,"Adr Process — Global
Requirements
- Adr Process must follow the current approved policy and ownership model. - Operational evidence for ADR process should be retained according to the applicable retention schedule. - Exceptions involving ADR process require documented approval from the responsible owner. - Teams should use standard tooling and published procedures when working with ADR process.",Software Engineering,Architecture,ADR process,architecture_decision_record,GLOBAL,EMPLOYEE,"[""employee"", ""engineer"", ""tech_lead"", ""architect""]",[],1.2,ACTIVE,Data Platform,google_drive,2023-07-12,9a2cacfe9071
ENG-000013-C04,ENG-000013,ENG-ARCHITEC-00010,4,Controls,"Adr Process — Global
Controls
Sensitive information must follow the organisation's classification and least-privilege requirements.",Software Engineering,Architecture,ADR process,architecture_decision_record,GLOBAL,EMPLOYEE,"[""employee"", ""engineer"", ""tech_lead"", ""architect""]",[],1.2,ACTIVE,Data Platform,google_drive,2023-07-12,0f8d1927bd9c
ENG-000013-C05,ENG-000013,ENG-ARCHITEC-00010,5,Procedure,"Adr Process — Global
Procedure
1. Confirm that the request concerns ADR process.
2. Verify the relevant owner, country, environment, and current version.
3. Follow the approved workflow and capture evidence.
4. Escalate unresolved or exceptional cases to Data Platform.",Software Engineering,Architecture,ADR process,architecture_decision_record,GLOBAL,EMPLOYEE,"[""employee"", ""engineer"", ""tech_lead"", ""architect""]",[],1.2,ACTIVE,Data Platform,google_drive,2023-07-12,4dcc3f2068ba
ENG-000013-C06,ENG-000013,ENG-ARCHITEC-00010,6,Validation,"Adr Process — Global
Validation
If the procedure does not resolve the issue, escalate to the listed owner team with timestamps, identifiers, and evidence.",Software Engineering,Architecture,ADR process,architecture_decision_record,GLOBAL,EMPLOYEE,"[""employee"", ""engineer"", ""tech_lead"", ""architect""]",[],1.2,ACTIVE,Data Platform,google_drive,2023-07-12,c61f0413ccfa
ENG-000013-C07,ENG-000013,ENG-ARCHITEC-00010,7,Version,"Adr Process — Global
Version
Version 1.2. Status: ACTIVE.",Software Engineering,Architecture,ADR process,architecture_decision_record,GLOBAL,EMPLOYEE,"[""employee"", ""engineer"", ""tech_lead"", ""architect""]",[],1.2,ACTIVE,Data Platform,google_drive,2023-07-12,c4c2a47732dc
ENG-000014-C00,ENG-000014,ENG-PYTHON-B-00011,0,Pytest Strategy — United Kingdom,"Pytest Strategy — United Kingdom
Pytest Strategy — United Kingdom
# Pytest Strategy — United Kingdom",Software Engineering,Python Backend,pytest strategy,api_guide,UK,INTERNAL,"[""employee"", ""engineer"", ""tech_lead"", ""architect""]",[],1.2,ACTIVE,Developer Experience,hr_portal,2025-03-30,59ab1e3b6e37
ENG-000014-C01,ENG-000014,ENG-PYTHON-B-00011,1,Purpose,"Pytest Strategy — United Kingdom
Purpose
Teams must apply this guidance when working with pytest strategy in production or employee-facing environments.",Software Engineering,Python Backend,pytest strategy,api_guide,UK,INTERNAL,"[""employee"", ""engineer"", ""tech_lead"", ""architect""]",[],1.2,ACTIVE,Developer Experience,hr_portal,2025-03-30,8505eae516f2
ENG-000014-C02,ENG-000014,ENG-PYTHON-B-00011,2,Scope,"Pytest Strategy — United Kingdom
Scope
It applies to employees, contractors, and managed service teams where the stated scope is relevant. This version applies to United Kingdom.",Software Engineering,Python Backend,pytest strategy,api_guide,UK,INTERNAL,"[""employee"", ""engineer"", ""tech_lead"", ""architect""]",[],1.2,ACTIVE,Developer Experience,hr_portal,2025-03-30,3a7502069c92
ENG-000014-C03,ENG-000014,ENG-PYTHON-B-00011,3,Requirements,"Pytest Strategy — United Kingdom
Requirements
- Pytest Strategy must follow the current approved policy and ownership model. - Operational evidence for pytest strategy should be retained according to the applicable retention schedule. - Exceptions involving pytest strategy require documented approval from the responsible owner. - Teams should use standard tooling and published procedures when working with pytest strategy.",Software Engineering,Python Backend,pytest strategy,api_guide,UK,INTERNAL,"[""employee"", ""engineer"", ""tech_lead"", ""architect""]",[],1.2,ACTIVE,Developer Experience,hr_portal,2025-03-30,6c6179661d12
ENG-000014-C04,ENG-000014,ENG-PYTHON-B-00011,4,Controls,"Pytest Strategy — United Kingdom
Controls
Requests requiring elevated access must be approved by the designated owner and recorded in the enterprise service system.",Software Engineering,Python Backend,pytest strategy,api_guide,UK,INTERNAL,"[""employee"", ""engineer"", ""tech_lead"", ""architect""]",[],1.2,ACTIVE,Developer Experience,hr_portal,2025-03-30,92497cd9ae75
ENG-000014-C05,ENG-000014,ENG-PYTHON-B-00011,5,Procedure,"Pytest Strategy — United Kingdom
Procedure
1. Confirm that the request concerns pytest strategy.
2. Verify the relevant owner, country, environment, and current version.
3. Follow the approved workflow and capture evidence.
4. Escalate unresolved or exceptional cases to Developer Experience.",Software Engineering,Python Backend,pytest strategy,api_guide,UK,INTERNAL,"[""employee"", ""engineer"", ""tech_lead"", ""architect""]",[],1.2,ACTIVE,Developer Experience,hr_portal,2025-03-30,8098037b86b5
ENG-000014-C06,ENG-000014,ENG-PYTHON-B-00011,6,Validation,"Pytest Strategy — United Kingdom
Validation
Verify the current document version before acting.",Software Engineering,Python Backend,pytest strategy,api_guide,UK,INTERNAL,"[""employee"", ""engineer"", ""tech_lead"", ""architect""]",[],1.2,ACTIVE,Developer Experience,hr_portal,2025-03-30,1b310c273aec
ENG-000014-C07,ENG-000014,ENG-PYTHON-B-00011,7,Version,"Pytest Strategy — United Kingdom
Version
Version 1.2. Status: ACTIVE.",Software Engineering,Python Backend,pytest strategy,api_guide,UK,INTERNAL,"[""employee"", ""engineer"", ""tech_lead"", ""architect""]",[],1.2,ACTIVE,Developer Experience,hr_portal,2025-03-30,29188ebc0be0
ENG-000015-C00,ENG-000015,ENG-APIS-00012,0,Error Envelopes — Global,"Error Envelopes — Global
Error Envelopes — Global
# Error Envelopes — Global",Software Engineering,APIs,error envelopes,coding_standard,GLOBAL,INTERNAL,"[""employee"", ""engineer"", ""tech_lead"", ""architect""]",[],1.3,ACTIVE,Frontend Platform,servicenow,2024-11-26,fb78b56f2c8d
ENG-000015-C01,ENG-000015,ENG-APIS-00012,1,Purpose,"Error Envelopes — Global
Purpose
The standard exists to reduce inconsistent implementation, avoid repeated support effort, and provide an auditable source of truth.",Software Engineering,APIs,error envelopes,coding_standard,GLOBAL,INTERNAL,"[""employee"", ""engineer"", ""tech_lead"", ""architect""]",[],1.3,ACTIVE,Frontend Platform,servicenow,2024-11-26,326f9c2cc0fb
ENG-000015-C02,ENG-000015,ENG-APIS-00012,2,Scope,"Error Envelopes — Global
Scope
It applies to employees, contractors, and managed service teams where the stated scope is relevant. This version is the global baseline; country-specific documents may impose additional requirements.",Software Engineering,APIs,error envelopes,coding_standard,GLOBAL,INTERNAL,"[""employee"", ""engineer"", ""tech_lead"", ""architect""]",[],1.3,ACTIVE,Frontend Platform,servicenow,2024-11-26,c7582b13a7d1
ENG-000015-C03,ENG-000015,ENG-APIS-00012,3,Requirements,"Error Envelopes — Global
Requirements
- Error Envelopes must follow the current approved policy and ownership model. - Operational evidence for error envelopes should be retained according to the applicable retention schedule. - Exceptions involving error envelopes require documented approval from the responsible owner. - Teams should use standard tooling and published procedures when working with error envelopes.",Software Engineering,APIs,error envelopes,coding_standard,GLOBAL,INTERNAL,"[""employee"", ""engineer"", ""tech_lead"", ""architect""]",[],1.3,ACTIVE,Frontend Platform,servicenow,2024-11-26,43236c05b326
ENG-000015-C04,ENG-000015,ENG-APIS-00012,4,Controls,"Error Envelopes — Global
Controls
Sensitive information must follow the organisation's classification and least-privilege requirements.",Software Engineering,APIs,error envelopes,coding_standard,GLOBAL,INTERNAL,"[""employee"", ""engineer"", ""tech_lead"", ""architect""]",[],1.3,ACTIVE,Frontend Platform,servicenow,2024-11-26,b0f49b73e620
ENG-000015-C05,ENG-000015,ENG-APIS-00012,5,Procedure,"Error Envelopes — Global
Procedure
1. Confirm that the request concerns error envelopes.
2. Verify the relevant owner, country, environment, and current version.
3. Follow the approved workflow and capture evidence.
4. Escalate unresolved or exceptional cases to Frontend Platform.",Software Engineering,APIs,error envelopes,coding_standard,GLOBAL,INTERNAL,"[""employee"", ""engineer"", ""tech_lead"", ""architect""]",[],1.3,ACTIVE,Frontend Platform,servicenow,2024-11-26,e510ceb2ce06
ENG-000015-C06,ENG-000015,ENG-APIS-00012,6,Validation,"Error Envelopes — Global
Validation
Verify the current document version before acting.",Software Engineering,APIs,error envelopes,coding_standard,GLOBAL,INTERNAL,"[""employee"", ""engineer"", ""tech_lead"", ""architect""]",[],1.3,ACTIVE,Frontend Platform,servicenow,2024-11-26,f3555f6a277e
ENG-000015-C07,ENG-000015,ENG-APIS-00012,7,Version,"Error Envelopes — Global
Version
Version 1.3. Status: ACTIVE.",Software Engineering,APIs,error envelopes,coding_standard,GLOBAL,INTERNAL,"[""employee"", ""engineer"", ""tech_lead"", ""architect""]",[],1.3,ACTIVE,Frontend Platform,servicenow,2024-11-26,efd80f57873b
ENG-000016-C00,ENG-000016,ENG-TESTING-00013,0,Unit Testing — Global,"Unit Testing — Global
Unit Testing — Global
# Unit Testing — Global",Software Engineering,Testing,unit testing,architecture_decision_record,GLOBAL,INTERNAL,"[""employee"", ""engineer"", ""tech_lead"", ""architect""]",[],1.4,ACTIVE,Data Platform,github,2025-11-27,3d29a5a04edd
ENG-000016-C01,ENG-000016,ENG-TESTING-00013,1,Purpose,"Unit Testing — Global
Purpose
Teams must apply this guidance when working with unit testing in production or employee-facing environments.",Software Engineering,Testing,unit testing,architecture_decision_record,GLOBAL,INTERNAL,"[""employee"", ""engineer"", ""tech_lead"", ""architect""]",[],1.4,ACTIVE,Data Platform,github,2025-11-27,235f1817fd5e
ENG-000016-C02,ENG-000016,ENG-TESTING-00013,2,Scope,"Unit Testing — Global
Scope
Country-specific and role-specific exceptions override the global baseline only when explicitly documented. This version is the global baseline; country-specific documents may impose additional requirements.",Software Engineering,Testing,unit testing,architecture_decision_record,GLOBAL,INTERNAL,"[""employee"", ""engineer"", ""tech_lead"", ""architect""]",[],1.4,ACTIVE,Data Platform,github,2025-11-27,a7225434317f
ENG-000016-C03,ENG-000016,ENG-TESTING-00013,3,Requirements,"Unit Testing — Global
Requirements
- Unit Testing must follow the current approved policy and ownership model. - Operational evidence for unit testing should be retained according to the applicable retention schedule. - Exceptions involving unit testing require documented approval from the responsible owner. - Teams should use standard tooling and published procedures when working with unit testing.",Software Engineering,Testing,unit testing,architecture_decision_record,GLOBAL,INTERNAL,"[""employee"", ""engineer"", ""tech_lead"", ""architect""]",[],1.4,ACTIVE,Data Platform,github,2025-11-27,2032c5a4a927
ENG-000016-C04,ENG-000016,ENG-TESTING-00013,4,Controls,"Unit Testing — Global
Controls
Requests requiring elevated access must be approved by the designated owner and recorded in the enterprise service system.",Software Engineering,Testing,unit testing,architecture_decision_record,GLOBAL,INTERNAL,"[""employee"", ""engineer"", ""tech_lead"", ""architect""]",[],1.4,ACTIVE,Data Platform,github,2025-11-27,57ac44446ae6
ENG-000016-C05,ENG-000016,ENG-TESTING-00013,5,Procedure,"Unit Testing — Global
Procedure
1. Confirm that the request concerns unit testing.
2. Verify the relevant owner, country, environment, and current version.
3. Follow the approved workflow and capture evidence.
4. Escalate unresolved or exceptional cases to Data Platform.",Software Engineering,Testing,unit testing,architecture_decision_record,GLOBAL,INTERNAL,"[""employee"", ""engineer"", ""tech_lead"", ""architect""]",[],1.4,ACTIVE,Data Platform,github,2025-11-27,335eb40fad86
ENG-000016-C06,ENG-000016,ENG-TESTING-00013,6,Validation,"Unit Testing — Global
Validation
Do not bypass required controls simply to shorten resolution time.",Software Engineering,Testing,unit testing,architecture_decision_record,GLOBAL,INTERNAL,"[""employee"", ""engineer"", ""tech_lead"", ""architect""]",[],1.4,ACTIVE,Data Platform,github,2025-11-27,e22426cfddce
ENG-000016-C07,ENG-000016,ENG-TESTING-00013,7,Version,"Unit Testing — Global
Version
Version 1.4. Status: ACTIVE.",Software Engineering,Testing,unit testing,architecture_decision_record,GLOBAL,INTERNAL,"[""employee"", ""engineer"", ""tech_lead"", ""architect""]",[],1.4,ACTIVE,Data Platform,github,2025-11-27,63887186a2c1
ENG-000017-C00,ENG-000017,ENG-JAVA-SER-00014,0,Dependency Management — Australia,"Dependency Management — Australia
Dependency Management — Australia
# Dependency Management — Australia",Software Engineering,Java Services,dependency management,architecture_decision_record,AU,CONFIDENTIAL,"[""tech_lead"", ""architect""]","[""Software Engineering""]",1.3,ACTIVE,Backend Platform,hr_portal,2025-06-28,44691163fd2c
ENG-000017-C01,ENG-000017,ENG-JAVA-SER-00014,1,Purpose,"Dependency Management — Australia
Purpose
This document defines the approved operating model for dependency management within Northstar Digital Services.",Software Engineering,Java Services,dependency management,architecture_decision_record,AU,CONFIDENTIAL,"[""tech_lead"", ""architect""]","[""Software Engineering""]",1.3,ACTIVE,Backend Platform,hr_portal,2025-06-28,6a12f3203308
ENG-000017-C02,ENG-000017,ENG-JAVA-SER-00014,2,Scope,"Dependency Management — Australia
Scope
Archived versions remain available for audit purposes but must not be used for new decisions. This version applies to Australia.",Software Engineering,Java Services,dependency management,architecture_decision_record,AU,CONFIDENTIAL,"[""tech_lead"", ""architect""]","[""Software Engineering""]",1.3,ACTIVE,Backend Platform,hr_portal,2025-06-28,6ab5a0f3f63c
ENG-000017-C03,ENG-000017,ENG-JAVA-SER-00014,3,Requirements,"Dependency Management — Australia
Requirements
- Dependency Management must follow the current approved policy and ownership model. - Operational evidence for dependency management should be retained according to the applicable retention schedule. - Exceptions involving dependency management require documented approval from the responsible owner. - Teams should use standard tooling and published procedures when working with dependency management.",Software Engineering,Java Services,dependency management,architecture_decision_record,AU,CONFIDENTIAL,"[""tech_lead"", ""architect""]","[""Software Engineering""]",1.3,ACTIVE,Backend Platform,hr_portal,2025-06-28,652b7d3e6863
ENG-000017-C04,ENG-000017,ENG-JAVA-SER-00014,4,Controls,"Dependency Management — Australia
Controls
Sensitive information must follow the organisation's classification and least-privilege requirements.",Software Engineering,Java Services,dependency management,architecture_decision_record,AU,CONFIDENTIAL,"[""tech_lead"", ""architect""]","[""Software Engineering""]",1.3,ACTIVE,Backend Platform,hr_portal,2025-06-28,6432022467b5
ENG-000017-C05,ENG-000017,ENG-JAVA-SER-00014,5,Procedure,"Dependency Management — Australia
Procedure
1. Confirm that the request concerns dependency management.
2. Verify the relevant owner, country, environment, and current version.
3. Follow the approved workflow and capture evidence.
4. Escalate unresolved or exceptional cases to Backend Platform.",Software Engineering,Java Services,dependency management,architecture_decision_record,AU,CONFIDENTIAL,"[""tech_lead"", ""architect""]","[""Software Engineering""]",1.3,ACTIVE,Backend Platform,hr_portal,2025-06-28,2e43eaaeebb0
ENG-000017-C06,ENG-000017,ENG-JAVA-SER-00014,6,Validation,"Dependency Management — Australia
Validation
Do not bypass required controls simply to shorten resolution time.",Software Engineering,Java Services,dependency management,architecture_decision_record,AU,CONFIDENTIAL,"[""tech_lead"", ""architect""]","[""Software Engineering""]",1.3,ACTIVE,Backend Platform,hr_portal,2025-06-28,68d3db848acb
ENG-000017-C07,ENG-000017,ENG-JAVA-SER-00014,7,Version,"Dependency Management — Australia
Version
Version 1.3. Status: ACTIVE.",Software Engineering,Java Services,dependency management,architecture_decision_record,AU,CONFIDENTIAL,"[""tech_lead"", ""architect""]","[""Software Engineering""]",1.3,ACTIVE,Backend Platform,hr_portal,2025-06-28,33a4f5d3f5eb
ENG-000018-C00,ENG-000018,ENG-DATABASE-00015,0,Indexing — India v1.1,"Indexing — India v1.1
Indexing — India v1.1
# Indexing — India v1.1",Software Engineering,Databases,indexing,api_guide,IN,INTERNAL,"[""employee"", ""engineer"", ""tech_lead"", ""architect""]",[],1.1,ARCHIVED,Architecture Guild,confluence,2025-06-28,2786c9017816
ENG-000018-C01,ENG-000018,ENG-DATABASE-00015,1,Purpose,"Indexing — India v1.1
Purpose
Teams must apply this guidance when working with indexing in production or employee-facing environments.",Software Engineering,Databases,indexing,api_guide,IN,INTERNAL,"[""employee"", ""engineer"", ""tech_lead"", ""architect""]",[],1.1,ARCHIVED,Architecture Guild,confluence,2025-06-28,deb2ed4ec707
ENG-000018-C02,ENG-000018,ENG-DATABASE-00015,2,Scope,"Indexing — India v1.1
Scope
Archived versions remain available for audit purposes but must not be used for new decisions. This version applies to India.",Software Engineering,Databases,indexing,api_guide,IN,INTERNAL,"[""employee"", ""engineer"", ""tech_lead"", ""architect""]",[],1.1,ARCHIVED,Architecture Guild,confluence,2025-06-28,b42d6933e7ea
ENG-000018-C03,ENG-000018,ENG-DATABASE-00015,3,Requirements,"Indexing — India v1.1
Requirements
- Indexing must follow the current approved policy and ownership model. - Operational evidence for indexing should be retained according to the applicable retention schedule. - Exceptions involving indexing require documented approval from the responsible owner. - Teams should use standard tooling and published procedures when working with indexing.",Software Engineering,Databases,indexing,api_guide,IN,INTERNAL,"[""employee"", ""engineer"", ""tech_lead"", ""architect""]",[],1.1,ARCHIVED,Architecture Guild,confluence,2025-06-28,4f1076c36de8
ENG-000018-C04,ENG-000018,ENG-DATABASE-00015,4,Controls,"Indexing — India v1.1
Controls
Requests requiring elevated access must be approved by the designated owner and recorded in the enterprise service system.",Software Engineering,Databases,indexing,api_guide,IN,INTERNAL,"[""employee"", ""engineer"", ""tech_lead"", ""architect""]",[],1.1,ARCHIVED,Architecture Guild,confluence,2025-06-28,66b18cb3a0f3
ENG-000018-C05,ENG-000018,ENG-DATABASE-00015,5,Procedure,"Indexing — India v1.1
Procedure
1. Confirm that the request concerns indexing.
2. Verify the relevant owner, country, environment, and current version.
3. Follow the approved workflow and capture evidence.
4. Escalate unresolved or exceptional cases to Architecture Guild.",Software Engineering,Databases,indexing,api_guide,IN,INTERNAL,"[""employee"", ""engineer"", ""tech_lead"", ""architect""]",[],1.1,ARCHIVED,Architecture Guild,confluence,2025-06-28,67a970d793dd
ENG-000018-C06,ENG-000018,ENG-DATABASE-00015,6,Validation,"Indexing — India v1.1
Validation
Do not bypass required controls simply to shorten resolution time.",Software Engineering,Databases,indexing,api_guide,IN,INTERNAL,"[""employee"", ""engineer"", ""tech_lead"", ""architect""]",[],1.1,ARCHIVED,Architecture Guild,confluence,2025-06-28,d5fe63a26b13
ENG-000018-C07,ENG-000018,ENG-DATABASE-00015,7,Version,"Indexing — India v1.1
Version
Version 1.1. Status: ARCHIVED. This document is archived and retained only for historical reference.",Software Engineering,Databases,indexing,api_guide,IN,INTERNAL,"[""employee"", ""engineer"", ""tech_lead"", ""architect""]",[],1.1,ARCHIVED,Architecture Guild,confluence,2025-06-28,693f2824cbf9
ENG-000019-C00,ENG-000019,ENG-DATABASE-00015,0,Indexing — India v2.4,"Indexing — India v2.4
Indexing — India v2.4
# Indexing — India v2.4",Software Engineering,Databases,indexing,api_guide,IN,INTERNAL,"[""employee"", ""engineer"", ""tech_lead"", ""architect""]",[],2.4,ARCHIVED,Architecture Guild,confluence,2026-09-23,0179c735112e
ENG-000019-C01,ENG-000019,ENG-DATABASE-00015,1,Purpose,"Indexing — India v2.4
Purpose
Teams must apply this guidance when working with indexing in production or employee-facing environments.",Software Engineering,Databases,indexing,api_guide,IN,INTERNAL,"[""employee"", ""engineer"", ""tech_lead"", ""architect""]",[],2.4,ARCHIVED,Architecture Guild,confluence,2026-09-23,0986cf138068
ENG-000019-C02,ENG-000019,ENG-DATABASE-00015,2,Scope,"Indexing — India v2.4
Scope
It applies to employees, contractors, and managed service teams where the stated scope is relevant. This version applies to India.",Software Engineering,Databases,indexing,api_guide,IN,INTERNAL,"[""employee"", ""engineer"", ""tech_lead"", ""architect""]",[],2.4,ARCHIVED,Architecture Guild,confluence,2026-09-23,78e66d5d51aa
ENG-000019-C03,ENG-000019,ENG-DATABASE-00015,3,Requirements,"Indexing — India v2.4
Requirements
- Indexing must follow the current approved policy and ownership model. - Operational evidence for indexing should be retained according to the applicable retention schedule. - Exceptions involving indexing require documented approval from the responsible owner. - Teams should use standard tooling and published procedures when working with indexing.",Software Engineering,Databases,indexing,api_guide,IN,INTERNAL,"[""employee"", ""engineer"", ""tech_lead"", ""architect""]",[],2.4,ARCHIVED,Architecture Guild,confluence,2026-09-23,57a0705a4b32
ENG-000019-C04,ENG-000019,ENG-DATABASE-00015,4,Controls,"Indexing — India v2.4
Controls
Changes affecting production require peer review, traceable evidence, and rollback instructions.",Software Engineering,Databases,indexing,api_guide,IN,INTERNAL,"[""employee"", ""engineer"", ""tech_lead"", ""architect""]",[],2.4,ARCHIVED,Architecture Guild,confluence,2026-09-23,908ff582a23a
ENG-000019-C05,ENG-000019,ENG-DATABASE-00015,5,Procedure,"Indexing — India v2.4
Procedure
1. Confirm that the request concerns indexing.
2. Verify the relevant owner, country, environment, and current version.
3. Follow the approved workflow and capture evidence.
4. Escalate unresolved or exceptional cases to Architecture Guild.",Software Engineering,Databases,indexing,api_guide,IN,INTERNAL,"[""employee"", ""engineer"", ""tech_lead"", ""architect""]",[],2.4,ARCHIVED,Architecture Guild,confluence,2026-09-23,6b10c7b0d678
ENG-000019-C06,ENG-000019,ENG-DATABASE-00015,6,Validation,"Indexing — India v2.4
Validation
Verify the current document version before acting.",Software Engineering,Databases,indexing,api_guide,IN,INTERNAL,"[""employee"", ""engineer"", ""tech_lead"", ""architect""]",[],2.4,ARCHIVED,Architecture Guild,confluence,2026-09-23,42908a215b14
ENG-000019-C07,ENG-000019,ENG-DATABASE-00015,7,Version,"Indexing — India v2.4
Version
Version 2.4. Status: ARCHIVED. This document is archived and retained only for historical reference.",Software Engineering,Databases,indexing,api_guide,IN,INTERNAL,"[""employee"", ""engineer"", ""tech_lead"", ""architect""]",[],2.4,ARCHIVED,Architecture Guild,confluence,2026-09-23,cef91344cd60
ENG-000020-C00,ENG-000020,ENG-DATABASE-00015,0,Indexing — India v3.2,"Indexing — India v3.2
Indexing — India v3.2
# Indexing — India v3.2",Software Engineering,Databases,indexing,api_guide,IN,INTERNAL,"[""employee"", ""engineer"", ""tech_lead"", ""architect""]",[],3.2,ACTIVE,Architecture Guild,github,2026-06-23,61710c5e51fa
ENG-000020-C01,ENG-000020,ENG-DATABASE-00015,1,Purpose,"Indexing — India v3.2
Purpose
This document defines the approved operating model for indexing within Northstar Digital Services.",Software Engineering,Databases,indexing,api_guide,IN,INTERNAL,"[""employee"", ""engineer"", ""tech_lead"", ""architect""]",[],3.2,ACTIVE,Architecture Guild,github,2026-06-23,90f0b46aa2c9
ENG-000020-C02,ENG-000020,ENG-DATABASE-00015,2,Scope,"Indexing — India v3.2
Scope
It applies to employees, contractors, and managed service teams where the stated scope is relevant. This version applies to India.",Software Engineering,Databases,indexing,api_guide,IN,INTERNAL,"[""employee"", ""engineer"", ""tech_lead"", ""architect""]",[],3.2,ACTIVE,Architecture Guild,github,2026-06-23,ed6ecf9a397d
ENG-000020-C03,ENG-000020,ENG-DATABASE-00015,3,Requirements,"Indexing — India v3.2
Requirements
- Indexing must follow the current approved policy and ownership model. - Operational evidence for indexing should be retained according to the applicable retention schedule. - Exceptions involving indexing require documented approval from the responsible owner. - Teams should use standard tooling and published procedures when working with indexing.",Software Engineering,Databases,indexing,api_guide,IN,INTERNAL,"[""employee"", ""engineer"", ""tech_lead"", ""architect""]",[],3.2,ACTIVE,Architecture Guild,github,2026-06-23,d491fedfbd97
ENG-000020-C04,ENG-000020,ENG-DATABASE-00015,4,Controls,"Indexing — India v3.2
Controls
Requests requiring elevated access must be approved by the designated owner and recorded in the enterprise service system.",Software Engineering,Databases,indexing,api_guide,IN,INTERNAL,"[""employee"", ""engineer"", ""tech_lead"", ""architect""]",[],3.2,ACTIVE,Architecture Guild,github,2026-06-23,2ade6b446432
ENG-000020-C05,ENG-000020,ENG-DATABASE-00015,5,Procedure,"Indexing — India v3.2
Procedure
1. Confirm that the request concerns indexing.
2. Verify the relevant owner, country, environment, and current version.
3. Follow the approved workflow and capture evidence.
4. Escalate unresolved or exceptional cases to Architecture Guild.",Software Engineering,Databases,indexing,api_guide,IN,INTERNAL,"[""employee"", ""engineer"", ""tech_lead"", ""architect""]",[],3.2,ACTIVE,Architecture Guild,github,2026-06-23,e7f5178b2e63
ENG-000020-C06,ENG-000020,ENG-DATABASE-00015,6,Validation,"Indexing — India v3.2
Validation
Do not bypass required controls simply to shorten resolution time.",Software Engineering,Databases,indexing,api_guide,IN,INTERNAL,"[""employee"", ""engineer"", ""tech_lead"", ""architect""]",[],3.2,ACTIVE,Architecture Guild,github,2026-06-23,00e44d93b26f
ENG-000020-C07,ENG-000020,ENG-DATABASE-00015,7,Version,"Indexing — India v3.2
Version
Version 3.2. Status: ACTIVE.",Software Engineering,Databases,indexing,api_guide,IN,INTERNAL,"[""employee"", ""engineer"", ""tech_lead"", ""architect""]",[],3.2,ACTIVE,Architecture Guild,github,2026-06-23,b3ee0c02a330
ENG-000021-C00,ENG-000021,ENG-JAVA-SER-00016,0,Service Templates — Australia,"Service Templates — Australia
Service Templates — Australia
# Service Templates — Australia",Software Engineering,Java Services,service templates,technical_standard,AU,EMPLOYEE,"[""employee"", ""engineer"", ""tech_lead"", ""architect""]",[],1.2,ACTIVE,Developer Experience,github,2026-09-07,7bdc0f077e1d
ENG-000021-C01,ENG-000021,ENG-JAVA-SER-00016,1,Purpose,"Service Templates — Australia
Purpose
The standard exists to reduce inconsistent implementation, avoid repeated support effort, and provide an auditable source of truth.",Software Engineering,Java Services,service templates,technical_standard,AU,EMPLOYEE,"[""employee"", ""engineer"", ""tech_lead"", ""architect""]",[],1.2,ACTIVE,Developer Experience,github,2026-09-07,2215ac55db53
ENG-000021-C02,ENG-000021,ENG-JAVA-SER-00016,2,Scope,"Service Templates — Australia
Scope
Archived versions remain available for audit purposes but must not be used for new decisions. This version applies to Australia.",Software Engineering,Java Services,service templates,technical_standard,AU,EMPLOYEE,"[""employee"", ""engineer"", ""tech_lead"", ""architect""]",[],1.2,ACTIVE,Developer Experience,github,2026-09-07,12a15d9da355
ENG-000021-C03,ENG-000021,ENG-JAVA-SER-00016,3,Requirements,"Service Templates — Australia
Requirements
- Service Templates must follow the current approved policy and ownership model. - Operational evidence for service templates should be retained according to the applicable retention schedule. - Exceptions involving service templates require documented approval from the responsible owner. - Teams should use standard tooling and published procedures when working with service templates.",Software Engineering,Java Services,service templates,technical_standard,AU,EMPLOYEE,"[""employee"", ""engineer"", ""tech_lead"", ""architect""]",[],1.2,ACTIVE,Developer Experience,github,2026-09-07,ef62ecba6343
ENG-000021-C04,ENG-000021,ENG-JAVA-SER-00016,4,Controls,"Service Templates — Australia
Controls
Requests requiring elevated access must be approved by the designated owner and recorded in the enterprise service system.",Software Engineering,Java Services,service templates,technical_standard,AU,EMPLOYEE,"[""employee"", ""engineer"", ""tech_lead"", ""architect""]",[],1.2,ACTIVE,Developer Experience,github,2026-09-07,f1095e888c51
ENG-000021-C05,ENG-000021,ENG-JAVA-SER-00016,5,Procedure,"Service Templates — Australia
Procedure
1. Confirm that the request concerns service templates.
2. Verify the relevant owner, country, environment, and current version.
3. Follow the approved workflow and capture evidence.
4. Escalate unresolved or exceptional cases to Developer Experience.",Software Engineering,Java Services,service templates,technical_standard,AU,EMPLOYEE,"[""employee"", ""engineer"", ""tech_lead"", ""architect""]",[],1.2,ACTIVE,Developer Experience,github,2026-09-07,738ce7774366
ENG-000021-C06,ENG-000021,ENG-JAVA-SER-00016,6,Validation,"Service Templates — Australia
Validation
Verify the current document version before acting.",Software Engineering,Java Services,service templates,technical_standard,AU,EMPLOYEE,"[""employee"", ""engineer"", ""tech_lead"", ""architect""]",[],1.2,ACTIVE,Developer Experience,github,2026-09-07,0d03b9ce7437
ENG-000021-C07,ENG-000021,ENG-JAVA-SER-00016,7,Version,"Service Templates — Australia
Version
Version 1.2. Status: ACTIVE.",Software Engineering,Java Services,service templates,technical_standard,AU,EMPLOYEE,"[""employee"", ""engineer"", ""tech_lead"", ""architect""]",[],1.2,ACTIVE,Developer Experience,github,2026-09-07,8dc160e186b6
ENG-000022-C00,ENG-000022,ENG-PYTHON-B-00017,0,Fastapi Service Standard — Australia,"Fastapi Service Standard — Australia
Fastapi Service Standard — Australia
# Fastapi Service Standard — Australia",Software Engineering,Python Backend,FastAPI service standard,migration_guide,AU,INTERNAL,"[""employee"", ""engineer"", ""tech_lead"", ""architect""]",[],1.4,ACTIVE,Architecture Guild,google_drive,2026-08-01,5b6f503902f9
ENG-000022-C01,ENG-000022,ENG-PYTHON-B-00017,1,Purpose,"Fastapi Service Standard — Australia
Purpose
The standard exists to reduce inconsistent implementation, avoid repeated support effort, and provide an auditable source of truth.",Software Engineering,Python Backend,FastAPI service standard,migration_guide,AU,INTERNAL,"[""employee"", ""engineer"", ""tech_lead"", ""architect""]",[],1.4,ACTIVE,Architecture Guild,google_drive,2026-08-01,417555448b45
ENG-000022-C02,ENG-000022,ENG-PYTHON-B-00017,2,Scope,"Fastapi Service Standard — Australia
Scope
Archived versions remain available for audit purposes but must not be used for new decisions. This version applies to Australia.",Software Engineering,Python Backend,FastAPI service standard,migration_guide,AU,INTERNAL,"[""employee"", ""engineer"", ""tech_lead"", ""architect""]",[],1.4,ACTIVE,Architecture Guild,google_drive,2026-08-01,1bf03f89ffdd
ENG-000022-C03,ENG-000022,ENG-PYTHON-B-00017,3,Requirements,"Fastapi Service Standard — Australia
Requirements
- Service contracts must use explicit schemas. - Health and readiness endpoints are required. - Timeouts, structured logging, and request IDs are mandatory in production. - Service contracts must use explicit schemas.",Software Engineering,Python Backend,FastAPI service standard,migration_guide,AU,INTERNAL,"[""employee"", ""engineer"", ""tech_lead"", ""architect""]",[],1.4,ACTIVE,Architecture Guild,google_drive,2026-08-01,0026a2dd0f21
ENG-000022-C04,ENG-000022,ENG-PYTHON-B-00017,4,Controls,"Fastapi Service Standard — Australia
Controls
Requests requiring elevated access must be approved by the designated owner and recorded in the enterprise service system.",Software Engineering,Python Backend,FastAPI service standard,migration_guide,AU,INTERNAL,"[""employee"", ""engineer"", ""tech_lead"", ""architect""]",[],1.4,ACTIVE,Architecture Guild,google_drive,2026-08-01,bdf6636fb0aa
ENG-000022-C05,ENG-000022,ENG-PYTHON-B-00017,5,Procedure,"Fastapi Service Standard — Australia
Procedure
1. Confirm that the request concerns FastAPI service standard.
2. Verify the relevant owner, country, environment, and current version.
3. Follow the approved workflow and capture evidence.
4. Escalate unresolved or exceptional cases to Architecture Guild.",Software Engineering,Python Backend,FastAPI service standard,migration_guide,AU,INTERNAL,"[""employee"", ""engineer"", ""tech_lead"", ""architect""]",[],1.4,ACTIVE,Architecture Guild,google_drive,2026-08-01,0defe1520a5d
ENG-000022-C06,ENG-000022,ENG-PYTHON-B-00017,6,Validation,"Fastapi Service Standard — Australia
Validation
If the procedure does not resolve the issue, escalate to the listed owner team with timestamps, identifiers, and evidence.",Software Engineering,Python Backend,FastAPI service standard,migration_guide,AU,INTERNAL,"[""employee"", ""engineer"", ""tech_lead"", ""architect""]",[],1.4,ACTIVE,Architecture Guild,google_drive,2026-08-01,b064242a3f13
ENG-000022-C07,ENG-000022,ENG-PYTHON-B-00017,7,Version,"Fastapi Service Standard — Australia
Version
Version 1.4. Status: ACTIVE.",Software Engineering,Python Backend,FastAPI service standard,migration_guide,AU,INTERNAL,"[""employee"", ""engineer"", ""tech_lead"", ""architect""]",[],1.4,ACTIVE,Architecture Guild,google_drive,2026-08-01,069f93b7d0e5
ENG-000023-C00,ENG-000023,ENG-ARCHITEC-00018,0,Service Boundaries — United States,"Service Boundaries — United States
Service Boundaries — United States
# Service Boundaries — United States",Software Engineering,Architecture,service boundaries,migration_guide,US,EMPLOYEE,"[""employee"", ""engineer"", ""tech_lead"", ""architect""]",[],1.3,ACTIVE,Developer Experience,hr_portal,2025-01-19,9b12312d8a87
ENG-000023-C01,ENG-000023,ENG-ARCHITEC-00018,1,Purpose,"Service Boundaries — United States
Purpose
The standard exists to reduce inconsistent implementation, avoid repeated support effort, and provide an auditable source of truth.",Software Engineering,Architecture,service boundaries,migration_guide,US,EMPLOYEE,"[""employee"", ""engineer"", ""tech_lead"", ""architect""]",[],1.3,ACTIVE,Developer Experience,hr_portal,2025-01-19,0c1f9e9d63a1
ENG-000023-C02,ENG-000023,ENG-ARCHITEC-00018,2,Scope,"Service Boundaries — United States
Scope
Archived versions remain available for audit purposes but must not be used for new decisions. This version applies to United States.",Software Engineering,Architecture,service boundaries,migration_guide,US,EMPLOYEE,"[""employee"", ""engineer"", ""tech_lead"", ""architect""]",[],1.3,ACTIVE,Developer Experience,hr_portal,2025-01-19,a8e4be597b12
ENG-000023-C03,ENG-000023,ENG-ARCHITEC-00018,3,Requirements,"Service Boundaries — United States
Requirements
- Service Boundaries must follow the current approved policy and ownership model. - Operational evidence for service boundaries should be retained according to the applicable retention schedule. - Exceptions involving service boundaries require documented approval from the responsible owner. - Teams should use standard tooling and published procedures when working with service boundaries.",Software Engineering,Architecture,service boundaries,migration_guide,US,EMPLOYEE,"[""employee"", ""engineer"", ""tech_lead"", ""architect""]",[],1.3,ACTIVE,Developer Experience,hr_portal,2025-01-19,09260fcc836d
ENG-000023-C04,ENG-000023,ENG-ARCHITEC-00018,4,Controls,"Service Boundaries — United States
Controls
Requests requiring elevated access must be approved by the designated owner and recorded in the enterprise service system.",Software Engineering,Architecture,service boundaries,migration_guide,US,EMPLOYEE,"[""employee"", ""engineer"", ""tech_lead"", ""architect""]",[],1.3,ACTIVE,Developer Experience,hr_portal,2025-01-19,c3bde58cdca2
ENG-000023-C05,ENG-000023,ENG-ARCHITEC-00018,5,Procedure,"Service Boundaries — United States
Procedure
1. Confirm that the request concerns service boundaries.
2. Verify the relevant owner, country, environment, and current version.
3. Follow the approved workflow and capture evidence.
4. Escalate unresolved or exceptional cases to Developer Experience.",Software Engineering,Architecture,service boundaries,migration_guide,US,EMPLOYEE,"[""employee"", ""engineer"", ""tech_lead"", ""architect""]",[],1.3,ACTIVE,Developer Experience,hr_portal,2025-01-19,a97ff26cae27
ENG-000023-C06,ENG-000023,ENG-ARCHITEC-00018,6,Validation,"Service Boundaries — United States
Validation
Do not bypass required controls simply to shorten resolution time.",Software Engineering,Architecture,service boundaries,migration_guide,US,EMPLOYEE,"[""employee"", ""engineer"", ""tech_lead"", ""architect""]",[],1.3,ACTIVE,Developer Experience,hr_portal,2025-01-19,a12825d71a44
ENG-000023-C07,ENG-000023,ENG-ARCHITEC-00018,7,Version,"Service Boundaries — United States
Version
Version 1.3. Status: ACTIVE.",Software Engineering,Architecture,service boundaries,migration_guide,US,EMPLOYEE,"[""employee"", ""engineer"", ""tech_lead"", ""architect""]",[],1.3,ACTIVE,Developer Experience,hr_portal,2025-01-19,a351c08669fe
ENG-000024-C00,ENG-000024,ENG-TESTING-00019,0,Unit Testing — Global,"Unit Testing — Global
Unit Testing — Global
# Unit Testing — Global",Software Engineering,Testing,unit testing,migration_guide,GLOBAL,INTERNAL,"[""employee"", ""engineer"", ""tech_lead"", ""architect""]",[],1.4,ACTIVE,Data Platform,servicenow,2026-09-23,3d29a5a04edd
ENG-000024-C01,ENG-000024,ENG-TESTING-00019,1,Purpose,"Unit Testing — Global
Purpose
This document defines the approved operating model for unit testing within Northstar Digital Services.",Software Engineering,Testing,unit testing,migration_guide,GLOBAL,INTERNAL,"[""employee"", ""engineer"", ""tech_lead"", ""architect""]",[],1.4,ACTIVE,Data Platform,servicenow,2026-09-23,cecd28c6e90a
ENG-000024-C02,ENG-000024,ENG-TESTING-00019,2,Scope,"Unit Testing — Global
Scope
Country-specific and role-specific exceptions override the global baseline only when explicitly documented. This version is the global baseline; country-specific documents may impose additional requirements.",Software Engineering,Testing,unit testing,migration_guide,GLOBAL,INTERNAL,"[""employee"", ""engineer"", ""tech_lead"", ""architect""]",[],1.4,ACTIVE,Data Platform,servicenow,2026-09-23,a7225434317f
ENG-000024-C03,ENG-000024,ENG-TESTING-00019,3,Requirements,"Unit Testing — Global
Requirements
- Unit Testing must follow the current approved policy and ownership model. - Operational evidence for unit testing should be retained according to the applicable retention schedule. - Exceptions involving unit testing require documented approval from the responsible owner. - Teams should use standard tooling and published procedures when working with unit testing.",Software Engineering,Testing,unit testing,migration_guide,GLOBAL,INTERNAL,"[""employee"", ""engineer"", ""tech_lead"", ""architect""]",[],1.4,ACTIVE,Data Platform,servicenow,2026-09-23,2032c5a4a927
ENG-000024-C04,ENG-000024,ENG-TESTING-00019,4,Controls,"Unit Testing — Global
Controls
Sensitive information must follow the organisation's classification and least-privilege requirements.",Software Engineering,Testing,unit testing,migration_guide,GLOBAL,INTERNAL,"[""employee"", ""engineer"", ""tech_lead"", ""architect""]",[],1.4,ACTIVE,Data Platform,servicenow,2026-09-23,1823e0154b68
ENG-000024-C05,ENG-000024,ENG-TESTING-00019,5,Procedure,"Unit Testing — Global
Procedure
1. Confirm that the request concerns unit testing.
2. Verify the relevant owner, country, environment, and current version.
3. Follow the approved workflow and capture evidence.
4. Escalate unresolved or exceptional cases to Data Platform.",Software Engineering,Testing,unit testing,migration_guide,GLOBAL,INTERNAL,"[""employee"", ""engineer"", ""tech_lead"", ""architect""]",[],1.4,ACTIVE,Data Platform,servicenow,2026-09-23,335eb40fad86
ENG-000024-C06,ENG-000024,ENG-TESTING-00019,6,Validation,"Unit Testing — Global
Validation
Do not bypass required controls simply to shorten resolution time.",Software Engineering,Testing,unit testing,migration_guide,GLOBAL,INTERNAL,"[""employee"", ""engineer"", ""tech_lead"", ""architect""]",[],1.4,ACTIVE,Data Platform,servicenow,2026-09-23,e22426cfddce
ENG-000024-C07,ENG-000024,ENG-TESTING-00019,7,Version,"Unit Testing — Global
Version
Version 1.4. Status: ACTIVE.",Software Engineering,Testing,unit testing,migration_guide,GLOBAL,INTERNAL,"[""employee"", ""engineer"", ""tech_lead"", ""architect""]",[],1.4,ACTIVE,Data Platform,servicenow,2026-09-23,63887186a2c1
ENG-000025-C00,ENG-000025,ENG-TESTING-00020,0,Contract Testing — Global v1.1,"Contract Testing — Global v1.1
Contract Testing — Global v1.1
# Contract Testing — Global v1.1",Software Engineering,Testing,contract testing,migration_guide,GLOBAL,INTERNAL,"[""employee"", ""engineer"", ""tech_lead"", ""architect""]",[],1.1,ARCHIVED,Data Platform,sharepoint,2024-05-11,7b4457ff885e
ENG-000025-C01,ENG-000025,ENG-TESTING-00020,1,Purpose,"Contract Testing — Global v1.1
Purpose
Teams must apply this guidance when working with contract testing in production or employee-facing environments.",Software Engineering,Testing,contract testing,migration_guide,GLOBAL,INTERNAL,"[""employee"", ""engineer"", ""tech_lead"", ""architect""]",[],1.1,ARCHIVED,Data Platform,sharepoint,2024-05-11,6aa906f39592
ENG-000025-C02,ENG-000025,ENG-TESTING-00020,2,Scope,"Contract Testing — Global v1.1
Scope
Archived versions remain available for audit purposes but must not be used for new decisions. This version is the global baseline; country-specific documents may impose additional requirements.",Software Engineering,Testing,contract testing,migration_guide,GLOBAL,INTERNAL,"[""employee"", ""engineer"", ""tech_lead"", ""architect""]",[],1.1,ARCHIVED,Data Platform,sharepoint,2024-05-11,114a59b75832
ENG-000025-C03,ENG-000025,ENG-TESTING-00020,3,Requirements,"Contract Testing — Global v1.1
Requirements
- Contract Testing must follow the current approved policy and ownership model. - Operational evidence for contract testing should be retained according to the applicable retention schedule. - Exceptions involving contract testing require documented approval from the responsible owner. - Teams should use standard tooling and published procedures when working with contract testing.",Software Engineering,Testing,contract testing,migration_guide,GLOBAL,INTERNAL,"[""employee"", ""engineer"", ""tech_lead"", ""architect""]",[],1.1,ARCHIVED,Data Platform,sharepoint,2024-05-11,01deffcb1f49
ENG-000025-C04,ENG-000025,ENG-TESTING-00020,4,Controls,"Contract Testing — Global v1.1
Controls
Requests requiring elevated access must be approved by the designated owner and recorded in the enterprise service system.",Software Engineering,Testing,contract testing,migration_guide,GLOBAL,INTERNAL,"[""employee"", ""engineer"", ""tech_lead"", ""architect""]",[],1.1,ARCHIVED,Data Platform,sharepoint,2024-05-11,f0ac52b507e0
ENG-000025-C05,ENG-000025,ENG-TESTING-00020,5,Procedure,"Contract Testing — Global v1.1
Procedure
1. Confirm that the request concerns contract testing.
2. Verify the relevant owner, country, environment, and current version.
3. Follow the approved workflow and capture evidence.
4. Escalate unresolved or exceptional cases to Data Platform.",Software Engineering,Testing,contract testing,migration_guide,GLOBAL,INTERNAL,"[""employee"", ""engineer"", ""tech_lead"", ""architect""]",[],1.1,ARCHIVED,Data Platform,sharepoint,2024-05-11,104cb6be4765
ENG-000025-C06,ENG-000025,ENG-TESTING-00020,6,Validation,"Contract Testing — Global v1.1
Validation
Verify the current document version before acting.",Software Engineering,Testing,contract testing,migration_guide,GLOBAL,INTERNAL,"[""employee"", ""engineer"", ""tech_lead"", ""architect""]",[],1.1,ARCHIVED,Data Platform,sharepoint,2024-05-11,ef19f47c3e87
ENG-000025-C07,ENG-000025,ENG-TESTING-00020,7,Version,"Contract Testing — Global v1.1
Version
Version 1.1. Status: ARCHIVED. This document is archived and retained only for historical reference.",Software Engineering,Testing,contract testing,migration_guide,GLOBAL,INTERNAL,"[""employee"", ""engineer"", ""tech_lead"", ""architect""]",[],1.1,ARCHIVED,Data Platform,sharepoint,2024-05-11,185c1587065c
ENG-000026-C00,ENG-000026,ENG-TESTING-00020,0,Contract Testing — Global v2.2,"Contract Testing — Global v2.2
Contract Testing — Global v2.2
# Contract Testing — Global v2.2",Software Engineering,Testing,contract testing,migration_guide,GLOBAL,EMPLOYEE,"[""employee"", ""engineer"", ""tech_lead"", ""architect""]",[],2.2,ACTIVE,Data Platform,google_drive,2026-09-23,ecec9ca7d9a1
ENG-000026-C01,ENG-000026,ENG-TESTING-00020,1,Purpose,"Contract Testing — Global v2.2
Purpose
The standard exists to reduce inconsistent implementation, avoid repeated support effort, and provide an auditable source of truth.",Software Engineering,Testing,contract testing,migration_guide,GLOBAL,EMPLOYEE,"[""employee"", ""engineer"", ""tech_lead"", ""architect""]",[],2.2,ACTIVE,Data Platform,google_drive,2026-09-23,ee5683e57d4f
ENG-000026-C02,ENG-000026,ENG-TESTING-00020,2,Scope,"Contract Testing — Global v2.2
Scope
Archived versions remain available for audit purposes but must not be used for new decisions. This version is the global baseline; country-specific documents may impose additional requirements.",Software Engineering,Testing,contract testing,migration_guide,GLOBAL,EMPLOYEE,"[""employee"", ""engineer"", ""tech_lead"", ""architect""]",[],2.2,ACTIVE,Data Platform,google_drive,2026-09-23,c08a8ae45625
ENG-000026-C03,ENG-000026,ENG-TESTING-00020,3,Requirements,"Contract Testing — Global v2.2
Requirements
- Contract Testing must follow the current approved policy and ownership model. - Operational evidence for contract testing should be retained according to the applicable retention schedule. - Exceptions involving contract testing require documented approval from the responsible owner. - Teams should use standard tooling and published procedures when working with contract testing.",Software Engineering,Testing,contract testing,migration_guide,GLOBAL,EMPLOYEE,"[""employee"", ""engineer"", ""tech_lead"", ""architect""]",[],2.2,ACTIVE,Data Platform,google_drive,2026-09-23,33909d97ada3
ENG-000026-C04,ENG-000026,ENG-TESTING-00020,4,Controls,"Contract Testing — Global v2.2
Controls
Requests requiring elevated access must be approved by the designated owner and recorded in the enterprise service system.",Software Engineering,Testing,contract testing,migration_guide,GLOBAL,EMPLOYEE,"[""employee"", ""engineer"", ""tech_lead"", ""architect""]",[],2.2,ACTIVE,Data Platform,google_drive,2026-09-23,21cb21e8fcb0
ENG-000026-C05,ENG-000026,ENG-TESTING-00020,5,Procedure,"Contract Testing — Global v2.2
Procedure
1. Confirm that the request concerns contract testing.
2. Verify the relevant owner, country, environment, and current version.
3. Follow the approved workflow and capture evidence.
4. Escalate unresolved or exceptional cases to Data Platform.",Software Engineering,Testing,contract testing,migration_guide,GLOBAL,EMPLOYEE,"[""employee"", ""engineer"", ""tech_lead"", ""architect""]",[],2.2,ACTIVE,Data Platform,google_drive,2026-09-23,217ce98a144f
ENG-000026-C06,ENG-000026,ENG-TESTING-00020,6,Validation,"Contract Testing — Global v2.2
Validation
Do not bypass required controls simply to shorten resolution time.",Software Engineering,Testing,contract testing,migration_guide,GLOBAL,EMPLOYEE,"[""employee"", ""engineer"", ""tech_lead"", ""architect""]",[],2.2,ACTIVE,Data Platform,google_drive,2026-09-23,2dd3bd69e015
ENG-000026-C07,ENG-000026,ENG-TESTING-00020,7,Version,"Contract Testing — Global v2.2
Version
Version 2.2. Status: ACTIVE.",Software Engineering,Testing,contract testing,migration_guide,GLOBAL,EMPLOYEE,"[""employee"", ""engineer"", ""tech_lead"", ""architect""]",[],2.2,ACTIVE,Data Platform,google_drive,2026-09-23,b67ab501c966
ENG-000027-C00,ENG-000027,ENG-JAVA-SER-00021,0,Java Runtime — Global,"Java Runtime — Global
Java Runtime — Global
# Java Runtime — Global",Software Engineering,Java Services,Java runtime,migration_guide,GLOBAL,INTERNAL,"[""employee"", ""engineer"", ""tech_lead"", ""architect""]",[],1.2,ACTIVE,Frontend Platform,github,2026-09-23,a74b99ddfb03
ENG-000027-C01,ENG-000027,ENG-JAVA-SER-00021,1,Purpose,"Java Runtime — Global
Purpose
Teams must apply this guidance when working with Java runtime in production or employee-facing environments.",Software Engineering,Java Services,Java runtime,migration_guide,GLOBAL,INTERNAL,"[""employee"", ""engineer"", ""tech_lead"", ""architect""]",[],1.2,ACTIVE,Frontend Platform,github,2026-09-23,59e73b65b5fa
ENG-000027-C02,ENG-000027,ENG-JAVA-SER-00021,2,Scope,"Java Runtime — Global
Scope
Country-specific and role-specific exceptions override the global baseline only when explicitly documented. This version is the global baseline; country-specific documents may impose additional requirements.",Software Engineering,Java Services,Java runtime,migration_guide,GLOBAL,INTERNAL,"[""employee"", ""engineer"", ""tech_lead"", ""architect""]",[],1.2,ACTIVE,Frontend Platform,github,2026-09-23,2bdcfa0a1e5e
ENG-000027-C03,ENG-000027,ENG-JAVA-SER-00021,3,Requirements,"Java Runtime — Global
Requirements
- Java Runtime must follow the current approved policy and ownership model. - Operational evidence for Java runtime should be retained according to the applicable retention schedule. - Exceptions involving Java runtime require documented approval from the responsible owner. - Teams should use standard tooling and published procedures when working with Java runtime.",Software Engineering,Java Services,Java runtime,migration_guide,GLOBAL,INTERNAL,"[""employee"", ""engineer"", ""tech_lead"", ""architect""]",[],1.2,ACTIVE,Frontend Platform,github,2026-09-23,dbe8f50a345a
ENG-000027-C04,ENG-000027,ENG-JAVA-SER-00021,4,Controls,"Java Runtime — Global
Controls
Requests requiring elevated access must be approved by the designated owner and recorded in the enterprise service system.",Software Engineering,Java Services,Java runtime,migration_guide,GLOBAL,INTERNAL,"[""employee"", ""engineer"", ""tech_lead"", ""architect""]",[],1.2,ACTIVE,Frontend Platform,github,2026-09-23,9b0fe19553dc
ENG-000027-C05,ENG-000027,ENG-JAVA-SER-00021,5,Procedure,"Java Runtime — Global
Procedure
1. Confirm that the request concerns Java runtime.
2. Verify the relevant owner, country, environment, and current version.
3. Follow the approved workflow and capture evidence.
4. Escalate unresolved or exceptional cases to Frontend Platform.",Software Engineering,Java Services,Java runtime,migration_guide,GLOBAL,INTERNAL,"[""employee"", ""engineer"", ""tech_lead"", ""architect""]",[],1.2,ACTIVE,Frontend Platform,github,2026-09-23,341d34608351
ENG-000027-C06,ENG-000027,ENG-JAVA-SER-00021,6,Validation,"Java Runtime — Global
Validation
Verify the current document version before acting.",Software Engineering,Java Services,Java runtime,migration_guide,GLOBAL,INTERNAL,"[""employee"", ""engineer"", ""tech_lead"", ""architect""]",[],1.2,ACTIVE,Frontend Platform,github,2026-09-23,2472ec2a84fa
ENG-000027-C07,ENG-000027,ENG-JAVA-SER-00021,7,Version,"Java Runtime — Global
Version
Version 1.2. Status: ACTIVE.",Software Engineering,Java Services,Java runtime,migration_guide,GLOBAL,INTERNAL,"[""employee"", ""engineer"", ""tech_lead"", ""architect""]",[],1.2,ACTIVE,Frontend Platform,github,2026-09-23,f93ed8599dad
ENG-000028-C00,ENG-000028,ENG-DATABASE-00022,0,Migration Safety — Global v1.3,"Migration Safety — Global v1.3
Migration Safety — Global v1.3
# Migration Safety — Global v1.3",Software Engineering,Databases,migration safety,known_issue,GLOBAL,EMPLOYEE,"[""employee"", ""engineer"", ""tech_lead"", ""architect""]",[],1.3,ARCHIVED,Architecture Guild,servicenow,2026-09-23,fb5bf3712fae
ENG-000028-C01,ENG-000028,ENG-DATABASE-00022,1,Purpose,"Migration Safety — Global v1.3
Purpose
Teams must apply this guidance when working with migration safety in production or employee-facing environments.",Software Engineering,Databases,migration safety,known_issue,GLOBAL,EMPLOYEE,"[""employee"", ""engineer"", ""tech_lead"", ""architect""]",[],1.3,ARCHIVED,Architecture Guild,servicenow,2026-09-23,c459e14f1879
ENG-000028-C02,ENG-000028,ENG-DATABASE-00022,2,Scope,"Migration Safety — Global v1.3
Scope
Country-specific and role-specific exceptions override the global baseline only when explicitly documented. This version is the global baseline; country-specific documents may impose additional requirements.",Software Engineering,Databases,migration safety,known_issue,GLOBAL,EMPLOYEE,"[""employee"", ""engineer"", ""tech_lead"", ""architect""]",[],1.3,ARCHIVED,Architecture Guild,servicenow,2026-09-23,8d6a1a6844b9
ENG-000028-C03,ENG-000028,ENG-DATABASE-00022,3,Requirements,"Migration Safety — Global v1.3
Requirements
- Migration Safety must follow the current approved policy and ownership model. - Operational evidence for migration safety should be retained according to the applicable retention schedule. - Exceptions involving migration safety require documented approval from the responsible owner. - Teams should use standard tooling and published procedures when working with migration safety.",Software Engineering,Databases,migration safety,known_issue,GLOBAL,EMPLOYEE,"[""employee"", ""engineer"", ""tech_lead"", ""architect""]",[],1.3,ARCHIVED,Architecture Guild,servicenow,2026-09-23,b23a86f9588d
ENG-000028-C04,ENG-000028,ENG-DATABASE-00022,4,Controls,"Migration Safety — Global v1.3
Controls
Sensitive information must follow the organisation's classification and least-privilege requirements.",Software Engineering,Databases,migration safety,known_issue,GLOBAL,EMPLOYEE,"[""employee"", ""engineer"", ""tech_lead"", ""architect""]",[],1.3,ARCHIVED,Architecture Guild,servicenow,2026-09-23,94bc22a96c82
ENG-000028-C05,ENG-000028,ENG-DATABASE-00022,5,Procedure,"Migration Safety — Global v1.3
Procedure
1. Confirm that the request concerns migration safety.
2. Verify the relevant owner, country, environment, and current version.
3. Follow the approved workflow and capture evidence.
4. Escalate unresolved or exceptional cases to Architecture Guild.",Software Engineering,Databases,migration safety,known_issue,GLOBAL,EMPLOYEE,"[""employee"", ""engineer"", ""tech_lead"", ""architect""]",[],1.3,ARCHIVED,Architecture Guild,servicenow,2026-09-23,d01075db5421
ENG-000028-C06,ENG-000028,ENG-DATABASE-00022,6,Validation,"Migration Safety — Global v1.3
Validation
Do not bypass required controls simply to shorten resolution time.",Software Engineering,Databases,migration safety,known_issue,GLOBAL,EMPLOYEE,"[""employee"", ""engineer"", ""tech_lead"", ""architect""]",[],1.3,ARCHIVED,Architecture Guild,servicenow,2026-09-23,e74a6e5f87ae
ENG-000028-C07,ENG-000028,ENG-DATABASE-00022,7,Version,"Migration Safety — Global v1.3
Version
Version 1.3. Status: ARCHIVED. This document is archived and retained only for historical reference.",Software Engineering,Databases,migration safety,known_issue,GLOBAL,EMPLOYEE,"[""employee"", ""engineer"", ""tech_lead"", ""architect""]",[],1.3,ARCHIVED,Architecture Guild,servicenow,2026-09-23,01c3122e76b0
ENG-000029-C00,ENG-000029,ENG-DATABASE-00022,0,Migration Safety — Global v2.4,"Migration Safety — Global v2.4
Migration Safety — Global v2.4
# Migration Safety — Global v2.4",Software Engineering,Databases,migration safety,known_issue,GLOBAL,INTERNAL,"[""employee"", ""engineer"", ""tech_lead"", ""architect""]",[],2.4,ACTIVE,Architecture Guild,hr_portal,2025-07-03,f25284deeb81
ENG-000029-C01,ENG-000029,ENG-DATABASE-00022,1,Purpose,"Migration Safety — Global v2.4
Purpose
The standard exists to reduce inconsistent implementation, avoid repeated support effort, and provide an auditable source of truth.",Software Engineering,Databases,migration safety,known_issue,GLOBAL,INTERNAL,"[""employee"", ""engineer"", ""tech_lead"", ""architect""]",[],2.4,ACTIVE,Architecture Guild,hr_portal,2025-07-03,7cc84d6d9c82
ENG-000029-C02,ENG-000029,ENG-DATABASE-00022,2,Scope,"Migration Safety — Global v2.4
Scope
Country-specific and role-specific exceptions override the global baseline only when explicitly documented. This version is the global baseline; country-specific documents may impose additional requirements.",Software Engineering,Databases,migration safety,known_issue,GLOBAL,INTERNAL,"[""employee"", ""engineer"", ""tech_lead"", ""architect""]",[],2.4,ACTIVE,Architecture Guild,hr_portal,2025-07-03,0585827737f4
ENG-000029-C03,ENG-000029,ENG-DATABASE-00022,3,Requirements,"Migration Safety — Global v2.4
Requirements
- Migration Safety must follow the current approved policy and ownership model. - Operational evidence for migration safety should be retained according to the applicable retention schedule. - Exceptions involving migration safety require documented approval from the responsible owner. - Teams should use standard tooling and published procedures when working with migration safety.",Software Engineering,Databases,migration safety,known_issue,GLOBAL,INTERNAL,"[""employee"", ""engineer"", ""tech_lead"", ""architect""]",[],2.4,ACTIVE,Architecture Guild,hr_portal,2025-07-03,d3d86bc3dd31
ENG-000029-C04,ENG-000029,ENG-DATABASE-00022,4,Controls,"Migration Safety — Global v2.4
Controls
Sensitive information must follow the organisation's classification and least-privilege requirements.",Software Engineering,Databases,migration safety,known_issue,GLOBAL,INTERNAL,"[""employee"", ""engineer"", ""tech_lead"", ""architect""]",[],2.4,ACTIVE,Architecture Guild,hr_portal,2025-07-03,af409ffcfd5d
ENG-000029-C05,ENG-000029,ENG-DATABASE-00022,5,Procedure,"Migration Safety — Global v2.4
Procedure
1. Confirm that the request concerns migration safety.
2. Verify the relevant owner, country, environment, and current version.
3. Follow the approved workflow and capture evidence.
4. Escalate unresolved or exceptional cases to Architecture Guild.",Software Engineering,Databases,migration safety,known_issue,GLOBAL,INTERNAL,"[""employee"", ""engineer"", ""tech_lead"", ""architect""]",[],2.4,ACTIVE,Architecture Guild,hr_portal,2025-07-03,f562ce7a36f9
ENG-000029-C06,ENG-000029,ENG-DATABASE-00022,6,Validation,"Migration Safety — Global v2.4
Validation
Verify the current document version before acting.",Software Engineering,Databases,migration safety,known_issue,GLOBAL,INTERNAL,"[""employee"", ""engineer"", ""tech_lead"", ""architect""]",[],2.4,ACTIVE,Architecture Guild,hr_portal,2025-07-03,0ca41ddbe375
ENG-000029-C07,ENG-000029,ENG-DATABASE-00022,7,Version,"Migration Safety — Global v2.4
Version
Version 2.4. Status: ACTIVE.",Software Engineering,Databases,migration safety,known_issue,GLOBAL,INTERNAL,"[""employee"", ""engineer"", ""tech_lead"", ""architect""]",[],2.4,ACTIVE,Architecture Guild,hr_portal,2025-07-03,da57562f19e3
ENG-000030-C00,ENG-000030,ENG-JAVA-SER-00023,0,Service Templates — Global v1.2,"Service Templates — Global v1.2
Service Templates — Global v1.2
# Service Templates — Global v1.2",Software Engineering,Java Services,service templates,architecture_decision_record,GLOBAL,INTERNAL,"[""employee"", ""engineer"", ""tech_lead"", ""architect""]",[],1.2,ARCHIVED,Developer Experience,github,2026-09-23,542104234493
ENG-000030-C01,ENG-000030,ENG-JAVA-SER-00023,1,Purpose,"Service Templates — Global v1.2
Purpose
Teams must apply this guidance when working with service templates in production or employee-facing environments.",Software Engineering,Java Services,service templates,architecture_decision_record,GLOBAL,INTERNAL,"[""employee"", ""engineer"", ""tech_lead"", ""architect""]",[],1.2,ARCHIVED,Developer Experience,github,2026-09-23,65fc136c0e56
ENG-000030-C02,ENG-000030,ENG-JAVA-SER-00023,2,Scope,"Service Templates — Global v1.2
Scope
It applies to employees, contractors, and managed service teams where the stated scope is relevant. This version is the global baseline; country-specific documents may impose additional requirements.",Software Engineering,Java Services,service templates,architecture_decision_record,GLOBAL,INTERNAL,"[""employee"", ""engineer"", ""tech_lead"", ""architect""]",[],1.2,ARCHIVED,Developer Experience,github,2026-09-23,93ed29dd6041
ENG-000030-C03,ENG-000030,ENG-JAVA-SER-00023,3,Requirements,"Service Templates — Global v1.2
Requirements
- Service Templates must follow the current approved policy and ownership model. - Operational evidence for service templates should be retained according to the applicable retention schedule. - Exceptions involving service templates require documented approval from the responsible owner. - Teams should use standard tooling and published procedures when working with service templates.",Software Engineering,Java Services,service templates,architecture_decision_record,GLOBAL,INTERNAL,"[""employee"", ""engineer"", ""tech_lead"", ""architect""]",[],1.2,ARCHIVED,Developer Experience,github,2026-09-23,ec950518c2af
ENG-000030-C04,ENG-000030,ENG-JAVA-SER-00023,4,Controls,"Service Templates — Global v1.2
Controls
Requests requiring elevated access must be approved by the designated owner and recorded in the enterprise service system.",Software Engineering,Java Services,service templates,architecture_decision_record,GLOBAL,INTERNAL,"[""employee"", ""engineer"", ""tech_lead"", ""architect""]",[],1.2,ARCHIVED,Developer Experience,github,2026-09-23,5576a62fa4f1
ENG-000030-C05,ENG-000030,ENG-JAVA-SER-00023,5,Procedure,"Service Templates — Global v1.2
Procedure
1. Confirm that the request concerns service templates.
2. Verify the relevant owner, country, environment, and current version.
3. Follow the approved workflow and capture evidence.
4. Escalate unresolved or exceptional cases to Developer Experience.",Software Engineering,Java Services,service templates,architecture_decision_record,GLOBAL,INTERNAL,"[""employee"", ""engineer"", ""tech_lead"", ""architect""]",[],1.2,ARCHIVED,Developer Experience,github,2026-09-23,4fc19c1bcf83
ENG-000030-C06,ENG-000030,ENG-JAVA-SER-00023,6,Validation,"Service Templates — Global v1.2
Validation
If the procedure does not resolve the issue, escalate to the listed owner team with timestamps, identifiers, and evidence.",Software Engineering,Java Services,service templates,architecture_decision_record,GLOBAL,INTERNAL,"[""employee"", ""engineer"", ""tech_lead"", ""architect""]",[],1.2,ARCHIVED,Developer Experience,github,2026-09-23,002a7a881738
ENG-000030-C07,ENG-000030,ENG-JAVA-SER-00023,7,Version,"Service Templates — Global v1.2
Version
Version 1.2. Status: ARCHIVED. This document is archived and retained only for historical reference.",Software Engineering,Java Services,service templates,architecture_decision_record,GLOBAL,INTERNAL,"[""employee"", ""engineer"", ""tech_lead"", ""architect""]",[],1.2,ARCHIVED,Developer Experience,github,2026-09-23,05043468451a
ENG-000031-C00,ENG-000031,ENG-JAVA-SER-00023,0,Service Templates — Global v2.1,"Service Templates — Global v2.1
Service Templates — Global v2.1
# Service Templates — Global v2.1",Software Engineering,Java Services,service templates,architecture_decision_record,GLOBAL,INTERNAL,"[""employee"", ""engineer"", ""tech_lead"", ""architect""]",[],2.1,ARCHIVED,Developer Experience,hr_portal,2025-12-06,112800beef41
ENG-000031-C01,ENG-000031,ENG-JAVA-SER-00023,1,Purpose,"Service Templates — Global v2.1
Purpose
This document defines the approved operating model for service templates within Northstar Digital Services.",Software Engineering,Java Services,service templates,architecture_decision_record,GLOBAL,INTERNAL,"[""employee"", ""engineer"", ""tech_lead"", ""architect""]",[],2.1,ARCHIVED,Developer Experience,hr_portal,2025-12-06,67e8b70a7c0c
ENG-000031-C02,ENG-000031,ENG-JAVA-SER-00023,2,Scope,"Service Templates — Global v2.1
Scope
Archived versions remain available for audit purposes but must not be used for new decisions. This version is the global baseline; country-specific documents may impose additional requirements.",Software Engineering,Java Services,service templates,architecture_decision_record,GLOBAL,INTERNAL,"[""employee"", ""engineer"", ""tech_lead"", ""architect""]",[],2.1,ARCHIVED,Developer Experience,hr_portal,2025-12-06,fabeed73bc2b
ENG-000031-C03,ENG-000031,ENG-JAVA-SER-00023,3,Requirements,"Service Templates — Global v2.1
Requirements
- Service Templates must follow the current approved policy and ownership model. - Operational evidence for service templates should be retained according to the applicable retention schedule. - Exceptions involving service templates require documented approval from the responsible owner. - Teams should use standard tooling and published procedures when working with service templates.",Software Engineering,Java Services,service templates,architecture_decision_record,GLOBAL,INTERNAL,"[""employee"", ""engineer"", ""tech_lead"", ""architect""]",[],2.1,ARCHIVED,Developer Experience,hr_portal,2025-12-06,bdc20b323b91
ENG-000031-C04,ENG-000031,ENG-JAVA-SER-00023,4,Controls,"Service Templates — Global v2.1
Controls
Changes affecting production require peer review, traceable evidence, and rollback instructions.",Software Engineering,Java Services,service templates,architecture_decision_record,GLOBAL,INTERNAL,"[""employee"", ""engineer"", ""tech_lead"", ""architect""]",[],2.1,ARCHIVED,Developer Experience,hr_portal,2025-12-06,22ced768cc53
ENG-000031-C05,ENG-000031,ENG-JAVA-SER-00023,5,Procedure,"Service Templates — Global v2.1
Procedure
1. Confirm that the request concerns service templates.
2. Verify the relevant owner, country, environment, and current version.
3. Follow the approved workflow and capture evidence.
4. Escalate unresolved or exceptional cases to Developer Experience.",Software Engineering,Java Services,service templates,architecture_decision_record,GLOBAL,INTERNAL,"[""employee"", ""engineer"", ""tech_lead"", ""architect""]",[],2.1,ARCHIVED,Developer Experience,hr_portal,2025-12-06,f1e9d37313b8
ENG-000031-C06,ENG-000031,ENG-JAVA-SER-00023,6,Validation,"Service Templates — Global v2.1
Validation
Verify the current document version before acting.",Software Engineering,Java Services,service templates,architecture_decision_record,GLOBAL,INTERNAL,"[""employee"", ""engineer"", ""tech_lead"", ""architect""]",[],2.1,ARCHIVED,Developer Experience,hr_portal,2025-12-06,89f6db29867b
ENG-000031-C07,ENG-000031,ENG-JAVA-SER-00023,7,Version,"Service Templates — Global v2.1
Version
Version 2.1. Status: ARCHIVED. This document is archived and retained only for historical reference.",Software Engineering,Java Services,service templates,architecture_decision_record,GLOBAL,INTERNAL,"[""employee"", ""engineer"", ""tech_lead"", ""architect""]",[],2.1,ARCHIVED,Developer Experience,hr_portal,2025-12-06,4ad045af7d64
ENG-000032-C00,ENG-000032,ENG-JAVA-SER-00023,0,Service Templates — Global v3.2,"Service Templates — Global v3.2
Service Templates — Global v3.2
# Service Templates — Global v3.2",Software Engineering,Java Services,service templates,architecture_decision_record,GLOBAL,INTERNAL,"[""employee"", ""engineer"", ""tech_lead"", ""architect""]",[],3.2,ACTIVE,Developer Experience,servicenow,2025-10-17,d94576fbaa12
ENG-000032-C01,ENG-000032,ENG-JAVA-SER-00023,1,Purpose,"Service Templates — Global v3.2
Purpose
Teams must apply this guidance when working with service templates in production or employee-facing environments.",Software Engineering,Java Services,service templates,architecture_decision_record,GLOBAL,INTERNAL,"[""employee"", ""engineer"", ""tech_lead"", ""architect""]",[],3.2,ACTIVE,Developer Experience,servicenow,2025-10-17,2cf00c353727
ENG-000032-C02,ENG-000032,ENG-JAVA-SER-00023,2,Scope,"Service Templates — Global v3.2
Scope
It applies to employees, contractors, and managed service teams where the stated scope is relevant. This version is the global baseline; country-specific documents may impose additional requirements.",Software Engineering,Java Services,service templates,architecture_decision_record,GLOBAL,INTERNAL,"[""employee"", ""engineer"", ""tech_lead"", ""architect""]",[],3.2,ACTIVE,Developer Experience,servicenow,2025-10-17,fc06b60bc203
ENG-000032-C03,ENG-000032,ENG-JAVA-SER-00023,3,Requirements,"Service Templates — Global v3.2
Requirements
- Service Templates must follow the current approved policy and ownership model. - Operational evidence for service templates should be retained according to the applicable retention schedule. - Exceptions involving service templates require documented approval from the responsible owner. - Teams should use standard tooling and published procedures when working with service templates.",Software Engineering,Java Services,service templates,architecture_decision_record,GLOBAL,INTERNAL,"[""employee"", ""engineer"", ""tech_lead"", ""architect""]",[],3.2,ACTIVE,Developer Experience,servicenow,2025-10-17,ac45d1c2a67c
ENG-000032-C04,ENG-000032,ENG-JAVA-SER-00023,4,Controls,"Service Templates — Global v3.2
Controls
Sensitive information must follow the organisation's classification and least-privilege requirements.",Software Engineering,Java Services,service templates,architecture_decision_record,GLOBAL,INTERNAL,"[""employee"", ""engineer"", ""tech_lead"", ""architect""]",[],3.2,ACTIVE,Developer Experience,servicenow,2025-10-17,0ab2dce19305
ENG-000032-C05,ENG-000032,ENG-JAVA-SER-00023,5,Procedure,"Service Templates — Global v3.2
Procedure
1. Confirm that the request concerns service templates.
2. Verify the relevant owner, country, environment, and current version.
3. Follow the approved workflow and capture evidence.
4. Escalate unresolved or exceptional cases to Developer Experience.",Software Engineering,Java Services,service templates,architecture_decision_record,GLOBAL,INTERNAL,"[""employee"", ""engineer"", ""tech_lead"", ""architect""]",[],3.2,ACTIVE,Developer Experience,servicenow,2025-10-17,1c4ca1d77376
ENG-000032-C06,ENG-000032,ENG-JAVA-SER-00023,6,Validation,"Service Templates — Global v3.2
Validation
Verify the current document version before acting.",Software Engineering,Java Services,service templates,architecture_decision_record,GLOBAL,INTERNAL,"[""employee"", ""engineer"", ""tech_lead"", ""architect""]",[],3.2,ACTIVE,Developer Experience,servicenow,2025-10-17,ce0b5e5c5657
ENG-000032-C07,ENG-000032,ENG-JAVA-SER-00023,7,Version,"Service Templates — Global v3.2
Version
Version 3.2. Status: ACTIVE.",Software Engineering,Java Services,service templates,architecture_decision_record,GLOBAL,INTERNAL,"[""employee"", ""engineer"", ""tech_lead"", ""architect""]",[],3.2,ACTIVE,Developer Experience,servicenow,2025-10-17,1ab1d39efea1
ENG-000033-C00,ENG-000033,ENG-JAVA-SER-00024,0,Spring Boot Standard — Global,"Spring Boot Standard — Global
Spring Boot Standard — Global
# Spring Boot Standard — Global",Software Engineering,Java Services,Spring Boot standard,coding_standard,GLOBAL,INTERNAL,"[""employee"", ""engineer"", ""tech_lead"", ""architect""]",[],1.0,ACTIVE,Backend Platform,servicenow,2026-07-18,8cd30dfbbeca
ENG-000033-C01,ENG-000033,ENG-JAVA-SER-00024,1,Purpose,"Spring Boot Standard — Global
Purpose
Teams must apply this guidance when working with Spring Boot standard in production or employee-facing environments.",Software Engineering,Java Services,Spring Boot standard,coding_standard,GLOBAL,INTERNAL,"[""employee"", ""engineer"", ""tech_lead"", ""architect""]",[],1.0,ACTIVE,Backend Platform,servicenow,2026-07-18,eccff56035b6
ENG-000033-C02,ENG-000033,ENG-JAVA-SER-00024,2,Scope,"Spring Boot Standard — Global
Scope
Archived versions remain available for audit purposes but must not be used for new decisions. This version is the global baseline; country-specific documents may impose additional requirements.",Software Engineering,Java Services,Spring Boot standard,coding_standard,GLOBAL,INTERNAL,"[""employee"", ""engineer"", ""tech_lead"", ""architect""]",[],1.0,ACTIVE,Backend Platform,servicenow,2026-07-18,72f556f278e5
ENG-000033-C03,ENG-000033,ENG-JAVA-SER-00024,3,Requirements,"Spring Boot Standard — Global
Requirements
- Spring Boot Standard must follow the current approved policy and ownership model. - Operational evidence for Spring Boot standard should be retained according to the applicable retention schedule. - Exceptions involving Spring Boot standard require documented approval from the responsible owner. - Teams should use standard tooling and published procedures when working with Spring Boot standard.",Software Engineering,Java Services,Spring Boot standard,coding_standard,GLOBAL,INTERNAL,"[""employee"", ""engineer"", ""tech_lead"", ""architect""]",[],1.0,ACTIVE,Backend Platform,servicenow,2026-07-18,8b2fadcd532d
ENG-000033-C04,ENG-000033,ENG-JAVA-SER-00024,4,Controls,"Spring Boot Standard — Global
Controls
Requests requiring elevated access must be approved by the designated owner and recorded in the enterprise service system.",Software Engineering,Java Services,Spring Boot standard,coding_standard,GLOBAL,INTERNAL,"[""employee"", ""engineer"", ""tech_lead"", ""architect""]",[],1.0,ACTIVE,Backend Platform,servicenow,2026-07-18,1c45f30f77c4
ENG-000033-C05,ENG-000033,ENG-JAVA-SER-00024,5,Procedure,"Spring Boot Standard — Global
Procedure
1. Confirm that the request concerns Spring Boot standard.
2. Verify the relevant owner, country, environment, and current version.
3. Follow the approved workflow and capture evidence.
4. Escalate unresolved or exceptional cases to Backend Platform.",Software Engineering,Java Services,Spring Boot standard,coding_standard,GLOBAL,INTERNAL,"[""employee"", ""engineer"", ""tech_lead"", ""architect""]",[],1.0,ACTIVE,Backend Platform,servicenow,2026-07-18,7ae58c80b32f
ENG-000033-C06,ENG-000033,ENG-JAVA-SER-00024,6,Validation,"Spring Boot Standard — Global
Validation
Do not bypass required controls simply to shorten resolution time.",Software Engineering,Java Services,Spring Boot standard,coding_standard,GLOBAL,INTERNAL,"[""employee"", ""engineer"", ""tech_lead"", ""architect""]",[],1.0,ACTIVE,Backend Platform,servicenow,2026-07-18,72ac38a07caf
ENG-000033-C07,ENG-000033,ENG-JAVA-SER-00024,7,Version,"Spring Boot Standard — Global
Version
Version 1.0. Status: ACTIVE.",Software Engineering,Java Services,Spring Boot standard,coding_standard,GLOBAL,INTERNAL,"[""employee"", ""engineer"", ""tech_lead"", ""architect""]",[],1.0,ACTIVE,Backend Platform,servicenow,2026-07-18,ec92e572e73f
ENG-000034-C00,ENG-000034,ENG-TESTING-00025,0,Coverage Policy — Singapore v1.4,"Coverage Policy — Singapore v1.4
Coverage Policy — Singapore v1.4
# Coverage Policy — Singapore v1.4",Software Engineering,Testing,coverage policy,known_issue,SG,INTERNAL,"[""employee"", ""engineer"", ""tech_lead"", ""architect""]",[],1.4,ARCHIVED,Backend Platform,google_drive,2024-05-02,3d4612eaf8b3
ENG-000034-C01,ENG-000034,ENG-TESTING-00025,1,Purpose,"Coverage Policy — Singapore v1.4
Purpose
This document defines the approved operating model for coverage policy within Northstar Digital Services.",Software Engineering,Testing,coverage policy,known_issue,SG,INTERNAL,"[""employee"", ""engineer"", ""tech_lead"", ""architect""]",[],1.4,ARCHIVED,Backend Platform,google_drive,2024-05-02,042f8f7d06c5
ENG-000034-C02,ENG-000034,ENG-TESTING-00025,2,Scope,"Coverage Policy — Singapore v1.4
Scope
Archived versions remain available for audit purposes but must not be used for new decisions. This version applies to Singapore.",Software Engineering,Testing,coverage policy,known_issue,SG,INTERNAL,"[""employee"", ""engineer"", ""tech_lead"", ""architect""]",[],1.4,ARCHIVED,Backend Platform,google_drive,2024-05-02,dda994cb2189
ENG-000034-C03,ENG-000034,ENG-TESTING-00025,3,Requirements,"Coverage Policy — Singapore v1.4
Requirements
- Coverage Policy must follow the current approved policy and ownership model. - Operational evidence for coverage policy should be retained according to the applicable retention schedule. - Exceptions involving coverage policy require documented approval from the responsible owner. - Teams should use standard tooling and published procedures when working with coverage policy.",Software Engineering,Testing,coverage policy,known_issue,SG,INTERNAL,"[""employee"", ""engineer"", ""tech_lead"", ""architect""]",[],1.4,ARCHIVED,Backend Platform,google_drive,2024-05-02,726cfc302273
ENG-000034-C04,ENG-000034,ENG-TESTING-00025,4,Controls,"Coverage Policy — Singapore v1.4
Controls
Sensitive information must follow the organisation's classification and least-privilege requirements.",Software Engineering,Testing,coverage policy,known_issue,SG,INTERNAL,"[""employee"", ""engineer"", ""tech_lead"", ""architect""]",[],1.4,ARCHIVED,Backend Platform,google_drive,2024-05-02,05dd68b0690b
ENG-000034-C05,ENG-000034,ENG-TESTING-00025,5,Procedure,"Coverage Policy — Singapore v1.4
Procedure
1. Confirm that the request concerns coverage policy.
2. Verify the relevant owner, country, environment, and current version.
3. Follow the approved workflow and capture evidence.
4. Escalate unresolved or exceptional cases to Backend Platform.",Software Engineering,Testing,coverage policy,known_issue,SG,INTERNAL,"[""employee"", ""engineer"", ""tech_lead"", ""architect""]",[],1.4,ARCHIVED,Backend Platform,google_drive,2024-05-02,2f86db91e165
ENG-000034-C06,ENG-000034,ENG-TESTING-00025,6,Validation,"Coverage Policy — Singapore v1.4
Validation
If the procedure does not resolve the issue, escalate to the listed owner team with timestamps, identifiers, and evidence.",Software Engineering,Testing,coverage policy,known_issue,SG,INTERNAL,"[""employee"", ""engineer"", ""tech_lead"", ""architect""]",[],1.4,ARCHIVED,Backend Platform,google_drive,2024-05-02,73158acaa4d0
ENG-000034-C07,ENG-000034,ENG-TESTING-00025,7,Version,"Coverage Policy — Singapore v1.4
Version
Version 1.4. Status: ARCHIVED. This document is archived and retained only for historical reference.",Software Engineering,Testing,coverage policy,known_issue,SG,INTERNAL,"[""employee"", ""engineer"", ""tech_lead"", ""architect""]",[],1.4,ARCHIVED,Backend Platform,google_drive,2024-05-02,9fe5e556a4c1
ENG-000035-C00,ENG-000035,ENG-TESTING-00025,0,Coverage Policy — Singapore v2.3,"Coverage Policy — Singapore v2.3
Coverage Policy — Singapore v2.3
# Coverage Policy — Singapore v2.3",Software Engineering,Testing,coverage policy,known_issue,SG,INTERNAL,"[""employee"", ""engineer"", ""tech_lead"", ""architect""]",[],2.3,ACTIVE,Backend Platform,sharepoint,2026-09-23,11acee214fb6
ENG-000035-C01,ENG-000035,ENG-TESTING-00025,1,Purpose,"Coverage Policy — Singapore v2.3
Purpose
The standard exists to reduce inconsistent implementation, avoid repeated support effort, and provide an auditable source of truth.",Software Engineering,Testing,coverage policy,known_issue,SG,INTERNAL,"[""employee"", ""engineer"", ""tech_lead"", ""architect""]",[],2.3,ACTIVE,Backend Platform,sharepoint,2026-09-23,4297e3a98e57
ENG-000035-C02,ENG-000035,ENG-TESTING-00025,2,Scope,"Coverage Policy — Singapore v2.3
Scope
It applies to employees, contractors, and managed service teams where the stated scope is relevant. This version applies to Singapore.",Software Engineering,Testing,coverage policy,known_issue,SG,INTERNAL,"[""employee"", ""engineer"", ""tech_lead"", ""architect""]",[],2.3,ACTIVE,Backend Platform,sharepoint,2026-09-23,fa4a636b8190
ENG-000035-C03,ENG-000035,ENG-TESTING-00025,3,Requirements,"Coverage Policy — Singapore v2.3
Requirements
- Coverage Policy must follow the current approved policy and ownership model. - Operational evidence for coverage policy should be retained according to the applicable retention schedule. - Exceptions involving coverage policy require documented approval from the responsible owner. - Teams should use standard tooling and published procedures when working with coverage policy.",Software Engineering,Testing,coverage policy,known_issue,SG,INTERNAL,"[""employee"", ""engineer"", ""tech_lead"", ""architect""]",[],2.3,ACTIVE,Backend Platform,sharepoint,2026-09-23,c1bd1e97e95d
ENG-000035-C04,ENG-000035,ENG-TESTING-00025,4,Controls,"Coverage Policy — Singapore v2.3
Controls
Changes affecting production require peer review, traceable evidence, and rollback instructions.",Software Engineering,Testing,coverage policy,known_issue,SG,INTERNAL,"[""employee"", ""engineer"", ""tech_lead"", ""architect""]",[],2.3,ACTIVE,Backend Platform,sharepoint,2026-09-23,abc560490ae1
ENG-000035-C05,ENG-000035,ENG-TESTING-00025,5,Procedure,"Coverage Policy — Singapore v2.3
Procedure
1. Confirm that the request concerns coverage policy.
2. Verify the relevant owner, country, environment, and current version.
3. Follow the approved workflow and capture evidence.
4. Escalate unresolved or exceptional cases to Backend Platform.",Software Engineering,Testing,coverage policy,known_issue,SG,INTERNAL,"[""employee"", ""engineer"", ""tech_lead"", ""architect""]",[],2.3,ACTIVE,Backend Platform,sharepoint,2026-09-23,e625729d33d6
ENG-000035-C06,ENG-000035,ENG-TESTING-00025,6,Validation,"Coverage Policy — Singapore v2.3
Validation
Verify the current document version before acting.",Software Engineering,Testing,coverage policy,known_issue,SG,INTERNAL,"[""employee"", ""engineer"", ""tech_lead"", ""architect""]",[],2.3,ACTIVE,Backend Platform,sharepoint,2026-09-23,ddf6458afa7b
ENG-000035-C07,ENG-000035,ENG-TESTING-00025,7,Version,"Coverage Policy — Singapore v2.3
Version
Version 2.3. Status: ACTIVE.",Software Engineering,Testing,coverage policy,known_issue,SG,INTERNAL,"[""employee"", ""engineer"", ""tech_lead"", ""architect""]",[],2.3,ACTIVE,Backend Platform,sharepoint,2026-09-23,263bd667b160
ENG-000036-C00,ENG-000036,ENG-APIS-00026,0,Pagination — Australia,"Pagination — Australia
Pagination — Australia
# Pagination — Australia",Software Engineering,APIs,pagination,architecture_decision_record,AU,EMPLOYEE,"[""employee"", ""engineer"", ""tech_lead"", ""architect""]",[],1.4,ACTIVE,Backend Platform,google_drive,2026-09-23,a1df1c4b7fa7
ENG-000036-C01,ENG-000036,ENG-APIS-00026,1,Purpose,"Pagination — Australia
Purpose
This document defines the approved operating model for pagination within Northstar Digital Services.",Software Engineering,APIs,pagination,architecture_decision_record,AU,EMPLOYEE,"[""employee"", ""engineer"", ""tech_lead"", ""architect""]",[],1.4,ACTIVE,Backend Platform,google_drive,2026-09-23,a736efe4e2dc
ENG-000036-C02,ENG-000036,ENG-APIS-00026,2,Scope,"Pagination — Australia
Scope
It applies to employees, contractors, and managed service teams where the stated scope is relevant. This version applies to Australia.",Software Engineering,APIs,pagination,architecture_decision_record,AU,EMPLOYEE,"[""employee"", ""engineer"", ""tech_lead"", ""architect""]",[],1.4,ACTIVE,Backend Platform,google_drive,2026-09-23,9fcecf3f0ca9
ENG-000036-C03,ENG-000036,ENG-APIS-00026,3,Requirements,"Pagination — Australia
Requirements
- Pagination must follow the current approved policy and ownership model. - Operational evidence for pagination should be retained according to the applicable retention schedule. - Exceptions involving pagination require documented approval from the responsible owner. - Teams should use standard tooling and published procedures when working with pagination.",Software Engineering,APIs,pagination,architecture_decision_record,AU,EMPLOYEE,"[""employee"", ""engineer"", ""tech_lead"", ""architect""]",[],1.4,ACTIVE,Backend Platform,google_drive,2026-09-23,e2a24c87c024
ENG-000036-C04,ENG-000036,ENG-APIS-00026,4,Controls,"Pagination — Australia
Controls
Requests requiring elevated access must be approved by the designated owner and recorded in the enterprise service system.",Software Engineering,APIs,pagination,architecture_decision_record,AU,EMPLOYEE,"[""employee"", ""engineer"", ""tech_lead"", ""architect""]",[],1.4,ACTIVE,Backend Platform,google_drive,2026-09-23,85424d53c552
ENG-000036-C05,ENG-000036,ENG-APIS-00026,5,Procedure,"Pagination — Australia
Procedure
1. Confirm that the request concerns pagination.
2. Verify the relevant owner, country, environment, and current version.
3. Follow the approved workflow and capture evidence.
4. Escalate unresolved or exceptional cases to Backend Platform.",Software Engineering,APIs,pagination,architecture_decision_record,AU,EMPLOYEE,"[""employee"", ""engineer"", ""tech_lead"", ""architect""]",[],1.4,ACTIVE,Backend Platform,google_drive,2026-09-23,8dd3e9608eee
ENG-000036-C06,ENG-000036,ENG-APIS-00026,6,Validation,"Pagination — Australia
Validation
Do not bypass required controls simply to shorten resolution time.",Software Engineering,APIs,pagination,architecture_decision_record,AU,EMPLOYEE,"[""employee"", ""engineer"", ""tech_lead"", ""architect""]",[],1.4,ACTIVE,Backend Platform,google_drive,2026-09-23,0a1e0da1c275
ENG-000036-C07,ENG-000036,ENG-APIS-00026,7,Version,"Pagination — Australia
Version
Version 1.4. Status: ACTIVE.",Software Engineering,APIs,pagination,architecture_decision_record,AU,EMPLOYEE,"[""employee"", ""engineer"", ""tech_lead"", ""architect""]",[],1.4,ACTIVE,Backend Platform,google_drive,2026-09-23,5ce3e57c45a9
ENG-000037-C00,ENG-000037,ENG-PYTHON-B-00027,0,Fastapi Service Standard — Global v1.4,"Fastapi Service Standard — Global v1.4
Fastapi Service Standard — Global v1.4
# Fastapi Service Standard — Global v1.4",Software Engineering,Python Backend,FastAPI service standard,known_issue,GLOBAL,EMPLOYEE,"[""employee"", ""engineer"", ""tech_lead"", ""architect""]",[],1.4,ARCHIVED,Data Platform,servicenow,2025-04-08,012f965ad519
ENG-000037-C01,ENG-000037,ENG-PYTHON-B-00027,1,Purpose,"Fastapi Service Standard — Global v1.4
Purpose
This document defines the approved operating model for FastAPI service standard within Northstar Digital Services.",Software Engineering,Python Backend,FastAPI service standard,known_issue,GLOBAL,EMPLOYEE,"[""employee"", ""engineer"", ""tech_lead"", ""architect""]",[],1.4,ARCHIVED,Data Platform,servicenow,2025-04-08,0314c9c97e01
ENG-000037-C02,ENG-000037,ENG-PYTHON-B-00027,2,Scope,"Fastapi Service Standard — Global v1.4
Scope
Country-specific and role-specific exceptions override the global baseline only when explicitly documented. This version is the global baseline; country-specific documents may impose additional requirements.",Software Engineering,Python Backend,FastAPI service standard,known_issue,GLOBAL,EMPLOYEE,"[""employee"", ""engineer"", ""tech_lead"", ""architect""]",[],1.4,ARCHIVED,Data Platform,servicenow,2025-04-08,5b713d8f4046
ENG-000037-C03,ENG-000037,ENG-PYTHON-B-00027,3,Requirements,"Fastapi Service Standard — Global v1.4
Requirements
- Service contracts must use explicit schemas. - Health and readiness endpoints are required. - Timeouts, structured logging, and request IDs are mandatory in production. - Service contracts must use explicit schemas.",Software Engineering,Python Backend,FastAPI service standard,known_issue,GLOBAL,EMPLOYEE,"[""employee"", ""engineer"", ""tech_lead"", ""architect""]",[],1.4,ARCHIVED,Data Platform,servicenow,2025-04-08,9ea9ba4ea2b0
ENG-000037-C04,ENG-000037,ENG-PYTHON-B-00027,4,Controls,"Fastapi Service Standard — Global v1.4
Controls
Sensitive information must follow the organisation's classification and least-privilege requirements.",Software Engineering,Python Backend,FastAPI service standard,known_issue,GLOBAL,EMPLOYEE,"[""employee"", ""engineer"", ""tech_lead"", ""architect""]",[],1.4,ARCHIVED,Data Platform,servicenow,2025-04-08,2c87552eedf3
ENG-000037-C05,ENG-000037,ENG-PYTHON-B-00027,5,Procedure,"Fastapi Service Standard — Global v1.4
Procedure
1. Confirm that the request concerns FastAPI service standard.
2. Verify the relevant owner, country, environment, and current version.
3. Follow the approved workflow and capture evidence.
4. Escalate unresolved or exceptional cases to Data Platform.",Software Engineering,Python Backend,FastAPI service standard,known_issue,GLOBAL,EMPLOYEE,"[""employee"", ""engineer"", ""tech_lead"", ""architect""]",[],1.4,ARCHIVED,Data Platform,servicenow,2025-04-08,d46a9488358e
ENG-000037-C06,ENG-000037,ENG-PYTHON-B-00027,6,Validation,"Fastapi Service Standard — Global v1.4
Validation
If the procedure does not resolve the issue, escalate to the listed owner team with timestamps, identifiers, and evidence.",Software Engineering,Python Backend,FastAPI service standard,known_issue,GLOBAL,EMPLOYEE,"[""employee"", ""engineer"", ""tech_lead"", ""architect""]",[],1.4,ARCHIVED,Data Platform,servicenow,2025-04-08,1d19ab99abd4
ENG-000037-C07,ENG-000037,ENG-PYTHON-B-00027,7,Version,"Fastapi Service Standard — Global v1.4
Version
Version 1.4. Status: ARCHIVED. This document is archived and retained only for historical reference.",Software Engineering,Python Backend,FastAPI service standard,known_issue,GLOBAL,EMPLOYEE,"[""employee"", ""engineer"", ""tech_lead"", ""architect""]",[],1.4,ARCHIVED,Data Platform,servicenow,2025-04-08,1577c997c55c
ENG-000038-C00,ENG-000038,ENG-PYTHON-B-00027,0,Fastapi Service Standard — Global v2.1,"Fastapi Service Standard — Global v2.1
Fastapi Service Standard — Global v2.1
# Fastapi Service Standard — Global v2.1",Software Engineering,Python Backend,FastAPI service standard,known_issue,GLOBAL,INTERNAL,"[""employee"", ""engineer"", ""tech_lead"", ""architect""]",[],2.1,ARCHIVED,Data Platform,github,2025-07-24,7e3d4a34f3b0
ENG-000038-C01,ENG-000038,ENG-PYTHON-B-00027,1,Purpose,"Fastapi Service Standard — Global v2.1
Purpose
Teams must apply this guidance when working with FastAPI service standard in production or employee-facing environments.",Software Engineering,Python Backend,FastAPI service standard,known_issue,GLOBAL,INTERNAL,"[""employee"", ""engineer"", ""tech_lead"", ""architect""]",[],2.1,ARCHIVED,Data Platform,github,2025-07-24,d69352cac686
ENG-000038-C02,ENG-000038,ENG-PYTHON-B-00027,2,Scope,"Fastapi Service Standard — Global v2.1
Scope
Archived versions remain available for audit purposes but must not be used for new decisions. This version is the global baseline; country-specific documents may impose additional requirements.",Software Engineering,Python Backend,FastAPI service standard,known_issue,GLOBAL,INTERNAL,"[""employee"", ""engineer"", ""tech_lead"", ""architect""]",[],2.1,ARCHIVED,Data Platform,github,2025-07-24,6a0426f6c2eb
ENG-000038-C03,ENG-000038,ENG-PYTHON-B-00027,3,Requirements,"Fastapi Service Standard — Global v2.1
Requirements
- Service contracts must use explicit schemas. - Health and readiness endpoints are required. - Timeouts, structured logging, and request IDs are mandatory in production. - Service contracts must use explicit schemas.",Software Engineering,Python Backend,FastAPI service standard,known_issue,GLOBAL,INTERNAL,"[""employee"", ""engineer"", ""tech_lead"", ""architect""]",[],2.1,ARCHIVED,Data Platform,github,2025-07-24,49b9e9c81a4b
ENG-000038-C04,ENG-000038,ENG-PYTHON-B-00027,4,Controls,"Fastapi Service Standard — Global v2.1
Controls
Requests requiring elevated access must be approved by the designated owner and recorded in the enterprise service system.",Software Engineering,Python Backend,FastAPI service standard,known_issue,GLOBAL,INTERNAL,"[""employee"", ""engineer"", ""tech_lead"", ""architect""]",[],2.1,ARCHIVED,Data Platform,github,2025-07-24,50e26ff9027d
ENG-000038-C05,ENG-000038,ENG-PYTHON-B-00027,5,Procedure,"Fastapi Service Standard — Global v2.1
Procedure
1. Confirm that the request concerns FastAPI service standard.
2. Verify the relevant owner, country, environment, and current version.
3. Follow the approved workflow and capture evidence.
4. Escalate unresolved or exceptional cases to Data Platform.",Software Engineering,Python Backend,FastAPI service standard,known_issue,GLOBAL,INTERNAL,"[""employee"", ""engineer"", ""tech_lead"", ""architect""]",[],2.1,ARCHIVED,Data Platform,github,2025-07-24,ff0a1849c5eb
ENG-000038-C06,ENG-000038,ENG-PYTHON-B-00027,6,Validation,"Fastapi Service Standard — Global v2.1
Validation
Verify the current document version before acting.",Software Engineering,Python Backend,FastAPI service standard,known_issue,GLOBAL,INTERNAL,"[""employee"", ""engineer"", ""tech_lead"", ""architect""]",[],2.1,ARCHIVED,Data Platform,github,2025-07-24,7cb2efd8e4e7
ENG-000038-C07,ENG-000038,ENG-PYTHON-B-00027,7,Version,"Fastapi Service Standard — Global v2.1
Version
Version 2.1. Status: ARCHIVED. This document is archived and retained only for historical reference.",Software Engineering,Python Backend,FastAPI service standard,known_issue,GLOBAL,INTERNAL,"[""employee"", ""engineer"", ""tech_lead"", ""architect""]",[],2.1,ARCHIVED,Data Platform,github,2025-07-24,df8ff72d94ed
ENG-000039-C00,ENG-000039,ENG-PYTHON-B-00027,0,Fastapi Service Standard — Global v3.0,"Fastapi Service Standard — Global v3.0
Fastapi Service Standard — Global v3.0
# Fastapi Service Standard — Global v3.0",Software Engineering,Python Backend,FastAPI service standard,known_issue,GLOBAL,EMPLOYEE,"[""employee"", ""engineer"", ""tech_lead"", ""architect""]",[],3.0,ACTIVE,Data Platform,github,2025-03-28,35461852ba4e
ENG-000039-C01,ENG-000039,ENG-PYTHON-B-00027,1,Purpose,"Fastapi Service Standard — Global v3.0
Purpose
This document defines the approved operating model for FastAPI service standard within Northstar Digital Services.",Software Engineering,Python Backend,FastAPI service standard,known_issue,GLOBAL,EMPLOYEE,"[""employee"", ""engineer"", ""tech_lead"", ""architect""]",[],3.0,ACTIVE,Data Platform,github,2025-03-28,266657910b55
ENG-000039-C02,ENG-000039,ENG-PYTHON-B-00027,2,Scope,"Fastapi Service Standard — Global v3.0
Scope
Country-specific and role-specific exceptions override the global baseline only when explicitly documented. This version is the global baseline; country-specific documents may impose additional requirements.",Software Engineering,Python Backend,FastAPI service standard,known_issue,GLOBAL,EMPLOYEE,"[""employee"", ""engineer"", ""tech_lead"", ""architect""]",[],3.0,ACTIVE,Data Platform,github,2025-03-28,0a2afeaebccb
ENG-000039-C03,ENG-000039,ENG-PYTHON-B-00027,3,Requirements,"Fastapi Service Standard — Global v3.0
Requirements
- Service contracts must use explicit schemas. - Health and readiness endpoints are required. - Timeouts, structured logging, and request IDs are mandatory in production. - Service contracts must use explicit schemas.",Software Engineering,Python Backend,FastAPI service standard,known_issue,GLOBAL,EMPLOYEE,"[""employee"", ""engineer"", ""tech_lead"", ""architect""]",[],3.0,ACTIVE,Data Platform,github,2025-03-28,a37e974bf950
ENG-000039-C04,ENG-000039,ENG-PYTHON-B-00027,4,Controls,"Fastapi Service Standard — Global v3.0
Controls
Sensitive information must follow the organisation's classification and least-privilege requirements.",Software Engineering,Python Backend,FastAPI service standard,known_issue,GLOBAL,EMPLOYEE,"[""employee"", ""engineer"", ""tech_lead"", ""architect""]",[],3.0,ACTIVE,Data Platform,github,2025-03-28,0937d80beb38
ENG-000039-C05,ENG-000039,ENG-PYTHON-B-00027,5,Procedure,"Fastapi Service Standard — Global v3.0
Procedure
1. Confirm that the request concerns FastAPI service standard.
2. Verify the relevant owner, country, environment, and current version.
3. Follow the approved workflow and capture evidence.
4. Escalate unresolved or exceptional cases to Data Platform.",Software Engineering,Python Backend,FastAPI service standard,known_issue,GLOBAL,EMPLOYEE,"[""employee"", ""engineer"", ""tech_lead"", ""architect""]",[],3.0,ACTIVE,Data Platform,github,2025-03-28,4f3d6c5a3f2e
ENG-000039-C06,ENG-000039,ENG-PYTHON-B-00027,6,Validation,"Fastapi Service Standard — Global v3.0
Validation
Verify the current document version before acting.",Software Engineering,Python Backend,FastAPI service standard,known_issue,GLOBAL,EMPLOYEE,"[""employee"", ""engineer"", ""tech_lead"", ""architect""]",[],3.0,ACTIVE,Data Platform,github,2025-03-28,522988eb24d2
ENG-000039-C07,ENG-000039,ENG-PYTHON-B-00027,7,Version,"Fastapi Service Standard — Global v3.0
Version
Version 3.0. Status: ACTIVE.",Software Engineering,Python Backend,FastAPI service standard,known_issue,GLOBAL,EMPLOYEE,"[""employee"", ""engineer"", ""tech_lead"", ""architect""]",[],3.0,ACTIVE,Data Platform,github,2025-03-28,269fc597f70c
ENG-000040-C00,ENG-000040,ENG-PYTHON-B-00028,0,Fastapi Service Standard — United States,"Fastapi Service Standard — United States
Fastapi Service Standard — United States
# Fastapi Service Standard — United States",Software Engineering,Python Backend,FastAPI service standard,design_note,US,INTERNAL,"[""employee"", ""engineer"", ""tech_lead"", ""architect""]",[],1.3,ACTIVE,Data Platform,confluence,2024-01-26,7ed38860c099
ENG-000040-C01,ENG-000040,ENG-PYTHON-B-00028,1,Purpose,"Fastapi Service Standard — United States
Purpose
Teams must apply this guidance when working with FastAPI service standard in production or employee-facing environments.",Software Engineering,Python Backend,FastAPI service standard,design_note,US,INTERNAL,"[""employee"", ""engineer"", ""tech_lead"", ""architect""]",[],1.3,ACTIVE,Data Platform,confluence,2024-01-26,3942dd5330df
ENG-000040-C02,ENG-000040,ENG-PYTHON-B-00028,2,Scope,"Fastapi Service Standard — United States
Scope
Archived versions remain available for audit purposes but must not be used for new decisions. This version applies to United States.",Software Engineering,Python Backend,FastAPI service standard,design_note,US,INTERNAL,"[""employee"", ""engineer"", ""tech_lead"", ""architect""]",[],1.3,ACTIVE,Data Platform,confluence,2024-01-26,74466a81cb5e
ENG-000040-C03,ENG-000040,ENG-PYTHON-B-00028,3,Requirements,"Fastapi Service Standard — United States
Requirements
- Service contracts must use explicit schemas. - Health and readiness endpoints are required. - Timeouts, structured logging, and request IDs are mandatory in production. - Service contracts must use explicit schemas.",Software Engineering,Python Backend,FastAPI service standard,design_note,US,INTERNAL,"[""employee"", ""engineer"", ""tech_lead"", ""architect""]",[],1.3,ACTIVE,Data Platform,confluence,2024-01-26,85e2e479a2a3
ENG-000040-C04,ENG-000040,ENG-PYTHON-B-00028,4,Controls,"Fastapi Service Standard — United States
Controls
Requests requiring elevated access must be approved by the designated owner and recorded in the enterprise service system.",Software Engineering,Python Backend,FastAPI service standard,design_note,US,INTERNAL,"[""employee"", ""engineer"", ""tech_lead"", ""architect""]",[],1.3,ACTIVE,Data Platform,confluence,2024-01-26,180aecf90e8b
ENG-000040-C05,ENG-000040,ENG-PYTHON-B-00028,5,Procedure,"Fastapi Service Standard — United States
Procedure
1. Confirm that the request concerns FastAPI service standard.
2. Verify the relevant owner, country, environment, and current version.
3. Follow the approved workflow and capture evidence.
4. Escalate unresolved or exceptional cases to Data Platform.",Software Engineering,Python Backend,FastAPI service standard,design_note,US,INTERNAL,"[""employee"", ""engineer"", ""tech_lead"", ""architect""]",[],1.3,ACTIVE,Data Platform,confluence,2024-01-26,3d07c1c8004e
ENG-000040-C06,ENG-000040,ENG-PYTHON-B-00028,6,Validation,"Fastapi Service Standard — United States
Validation
Do not bypass required controls simply to shorten resolution time.",Software Engineering,Python Backend,FastAPI service standard,design_note,US,INTERNAL,"[""employee"", ""engineer"", ""tech_lead"", ""architect""]",[],1.3,ACTIVE,Data Platform,confluence,2024-01-26,c78c253a27e4
ENG-000040-C07,ENG-000040,ENG-PYTHON-B-00028,7,Version,"Fastapi Service Standard — United States
Version
Version 1.3. Status: ACTIVE.",Software Engineering,Python Backend,FastAPI service standard,design_note,US,INTERNAL,"[""employee"", ""engineer"", ""tech_lead"", ""architect""]",[],1.3,ACTIVE,Data Platform,confluence,2024-01-26,fc0e102356c2
ENG-000041-C00,ENG-000041,ENG-TESTING-00029,0,Integration Testing — United States,"Integration Testing — United States
Integration Testing — United States
# Integration Testing — United States",Software Engineering,Testing,integration testing,migration_guide,US,INTERNAL,"[""employee"", ""engineer"", ""tech_lead"", ""architect""]",[],1.2,ACTIVE,Data Platform,google_drive,2025-11-24,a4f54ce52116
ENG-000041-C01,ENG-000041,ENG-TESTING-00029,1,Purpose,"Integration Testing — United States
Purpose
The standard exists to reduce inconsistent implementation, avoid repeated support effort, and provide an auditable source of truth.",Software Engineering,Testing,integration testing,migration_guide,US,INTERNAL,"[""employee"", ""engineer"", ""tech_lead"", ""architect""]",[],1.2,ACTIVE,Data Platform,google_drive,2025-11-24,ed5bffa79c7a
ENG-000041-C02,ENG-000041,ENG-TESTING-00029,2,Scope,"Integration Testing — United States
Scope
Archived versions remain available for audit purposes but must not be used for new decisions. This version applies to United States.",Software Engineering,Testing,integration testing,migration_guide,US,INTERNAL,"[""employee"", ""engineer"", ""tech_lead"", ""architect""]",[],1.2,ACTIVE,Data Platform,google_drive,2025-11-24,7d438f95d071
ENG-000041-C03,ENG-000041,ENG-TESTING-00029,3,Requirements,"Integration Testing — United States
Requirements
- Integration Testing must follow the current approved policy and ownership model. - Operational evidence for integration testing should be retained according to the applicable retention schedule. - Exceptions involving integration testing require documented approval from the responsible owner. - Teams should use standard tooling and published procedures when working with integration testing.",Software Engineering,Testing,integration testing,migration_guide,US,INTERNAL,"[""employee"", ""engineer"", ""tech_lead"", ""architect""]",[],1.2,ACTIVE,Data Platform,google_drive,2025-11-24,8e894f5d0ac2
ENG-000041-C04,ENG-000041,ENG-TESTING-00029,4,Controls,"Integration Testing — United States
Controls
Changes affecting production require peer review, traceable evidence, and rollback instructions.",Software Engineering,Testing,integration testing,migration_guide,US,INTERNAL,"[""employee"", ""engineer"", ""tech_lead"", ""architect""]",[],1.2,ACTIVE,Data Platform,google_drive,2025-11-24,6e67b87b6e66
ENG-000041-C05,ENG-000041,ENG-TESTING-00029,5,Procedure,"Integration Testing — United States
Procedure
1. Confirm that the request concerns integration testing.
2. Verify the relevant owner, country, environment, and current version.
3. Follow the approved workflow and capture evidence.
4. Escalate unresolved or exceptional cases to Data Platform.",Software Engineering,Testing,integration testing,migration_guide,US,INTERNAL,"[""employee"", ""engineer"", ""tech_lead"", ""architect""]",[],1.2,ACTIVE,Data Platform,google_drive,2025-11-24,65d09d2279be
ENG-000041-C06,ENG-000041,ENG-TESTING-00029,6,Validation,"Integration Testing — United States
Validation
If the procedure does not resolve the issue, escalate to the listed owner team with timestamps, identifiers, and evidence.",Software Engineering,Testing,integration testing,migration_guide,US,INTERNAL,"[""employee"", ""engineer"", ""tech_lead"", ""architect""]",[],1.2,ACTIVE,Data Platform,google_drive,2025-11-24,652a8ffb1fe8
ENG-000041-C07,ENG-000041,ENG-TESTING-00029,7,Version,"Integration Testing — United States
Version
Version 1.2. Status: ACTIVE.",Software Engineering,Testing,integration testing,migration_guide,US,INTERNAL,"[""employee"", ""engineer"", ""tech_lead"", ""architect""]",[],1.2,ACTIVE,Data Platform,google_drive,2025-11-24,2c5e6351ba16
ENG-000042-C00,ENG-000042,ENG-TESTING-00030,0,Unit Testing — United Kingdom v1.2,"Unit Testing — United Kingdom v1.2
Unit Testing — United Kingdom v1.2
# Unit Testing — United Kingdom v1.2",Software Engineering,Testing,unit testing,migration_guide,UK,EMPLOYEE,"[""employee"", ""engineer"", ""tech_lead"", ""architect""]",[],1.2,ARCHIVED,Backend Platform,sharepoint,2026-05-26,e8ac2fd4fd7b
ENG-000042-C01,ENG-000042,ENG-TESTING-00030,1,Purpose,"Unit Testing — United Kingdom v1.2
Purpose
This document defines the approved operating model for unit testing within Northstar Digital Services.",Software Engineering,Testing,unit testing,migration_guide,UK,EMPLOYEE,"[""employee"", ""engineer"", ""tech_lead"", ""architect""]",[],1.2,ARCHIVED,Backend Platform,sharepoint,2026-05-26,22730aebe86c
ENG-000042-C02,ENG-000042,ENG-TESTING-00030,2,Scope,"Unit Testing — United Kingdom v1.2
Scope
Country-specific and role-specific exceptions override the global baseline only when explicitly documented. This version applies to United Kingdom.",Software Engineering,Testing,unit testing,migration_guide,UK,EMPLOYEE,"[""employee"", ""engineer"", ""tech_lead"", ""architect""]",[],1.2,ARCHIVED,Backend Platform,sharepoint,2026-05-26,e1386f67c2fc
ENG-000042-C03,ENG-000042,ENG-TESTING-00030,3,Requirements,"Unit Testing — United Kingdom v1.2
Requirements
- Unit Testing must follow the current approved policy and ownership model. - Operational evidence for unit testing should be retained according to the applicable retention schedule. - Exceptions involving unit testing require documented approval from the responsible owner. - Teams should use standard tooling and published procedures when working with unit testing.",Software Engineering,Testing,unit testing,migration_guide,UK,EMPLOYEE,"[""employee"", ""engineer"", ""tech_lead"", ""architect""]",[],1.2,ARCHIVED,Backend Platform,sharepoint,2026-05-26,b09790e6ad0e
ENG-000042-C04,ENG-000042,ENG-TESTING-00030,4,Controls,"Unit Testing — United Kingdom v1.2
Controls
Requests requiring elevated access must be approved by the designated owner and recorded in the enterprise service system.",Software Engineering,Testing,unit testing,migration_guide,UK,EMPLOYEE,"[""employee"", ""engineer"", ""tech_lead"", ""architect""]",[],1.2,ARCHIVED,Backend Platform,sharepoint,2026-05-26,f763d1da5149
ENG-000042-C05,ENG-000042,ENG-TESTING-00030,5,Procedure,"Unit Testing — United Kingdom v1.2
Procedure
1. Confirm that the request concerns unit testing.
2. Verify the relevant owner, country, environment, and current version.
3. Follow the approved workflow and capture evidence.
4. Escalate unresolved or exceptional cases to Backend Platform.",Software Engineering,Testing,unit testing,migration_guide,UK,EMPLOYEE,"[""employee"", ""engineer"", ""tech_lead"", ""architect""]",[],1.2,ARCHIVED,Backend Platform,sharepoint,2026-05-26,19befb20f329
ENG-000042-C06,ENG-000042,ENG-TESTING-00030,6,Validation,"Unit Testing — United Kingdom v1.2
Validation
Do not bypass required controls simply to shorten resolution time.",Software Engineering,Testing,unit testing,migration_guide,UK,EMPLOYEE,"[""employee"", ""engineer"", ""tech_lead"", ""architect""]",[],1.2,ARCHIVED,Backend Platform,sharepoint,2026-05-26,f671a23a4d7b
ENG-000042-C07,ENG-000042,ENG-TESTING-00030,7,Version,"Unit Testing — United Kingdom v1.2
Version
Version 1.2. Status: ARCHIVED. This document is archived and retained only for historical reference.",Software Engineering,Testing,unit testing,migration_guide,UK,EMPLOYEE,"[""employee"", ""engineer"", ""tech_lead"", ""architect""]",[],1.2,ARCHIVED,Backend Platform,sharepoint,2026-05-26,66c5a7654c43
ENG-000043-C00,ENG-000043,ENG-TESTING-00030,0,Unit Testing — United Kingdom v2.2,"Unit Testing — United Kingdom v2.2
Unit Testing — United Kingdom v2.2
# Unit Testing — United Kingdom v2.2",Software Engineering,Testing,unit testing,migration_guide,UK,INTERNAL,"[""employee"", ""engineer"", ""tech_lead"", ""architect""]",[],2.2,ARCHIVED,Backend Platform,google_drive,2025-05-21,892b84a20514
ENG-000043-C01,ENG-000043,ENG-TESTING-00030,1,Purpose,"Unit Testing — United Kingdom v2.2
Purpose
This document defines the approved operating model for unit testing within Northstar Digital Services.",Software Engineering,Testing,unit testing,migration_guide,UK,INTERNAL,"[""employee"", ""engineer"", ""tech_lead"", ""architect""]",[],2.2,ARCHIVED,Backend Platform,google_drive,2025-05-21,2d0b2a51dbd1
ENG-000043-C02,ENG-000043,ENG-TESTING-00030,2,Scope,"Unit Testing — United Kingdom v2.2
Scope
Country-specific and role-specific exceptions override the global baseline only when explicitly documented. This version applies to United Kingdom.",Software Engineering,Testing,unit testing,migration_guide,UK,INTERNAL,"[""employee"", ""engineer"", ""tech_lead"", ""architect""]",[],2.2,ARCHIVED,Backend Platform,google_drive,2025-05-21,3beec3a3389f
ENG-000043-C03,ENG-000043,ENG-TESTING-00030,3,Requirements,"Unit Testing — United Kingdom v2.2
Requirements
- Unit Testing must follow the current approved policy and ownership model. - Operational evidence for unit testing should be retained according to the applicable retention schedule. - Exceptions involving unit testing require documented approval from the responsible owner. - Teams should use standard tooling and published procedures when working with unit testing.",Software Engineering,Testing,unit testing,migration_guide,UK,INTERNAL,"[""employee"", ""engineer"", ""tech_lead"", ""architect""]",[],2.2,ARCHIVED,Backend Platform,google_drive,2025-05-21,904b79940c59
ENG-000043-C04,ENG-000043,ENG-TESTING-00030,4,Controls,"Unit Testing — United Kingdom v2.2
Controls
Sensitive information must follow the organisation's classification and least-privilege requirements.",Software Engineering,Testing,unit testing,migration_guide,UK,INTERNAL,"[""employee"", ""engineer"", ""tech_lead"", ""architect""]",[],2.2,ARCHIVED,Backend Platform,google_drive,2025-05-21,995b20315b19
ENG-000043-C05,ENG-000043,ENG-TESTING-00030,5,Procedure,"Unit Testing — United Kingdom v2.2
Procedure
1. Confirm that the request concerns unit testing.
2. Verify the relevant owner, country, environment, and current version.
3. Follow the approved workflow and capture evidence.
4. Escalate unresolved or exceptional cases to Backend Platform.",Software Engineering,Testing,unit testing,migration_guide,UK,INTERNAL,"[""employee"", ""engineer"", ""tech_lead"", ""architect""]",[],2.2,ARCHIVED,Backend Platform,google_drive,2025-05-21,464290a7b488
ENG-000043-C06,ENG-000043,ENG-TESTING-00030,6,Validation,"Unit Testing — United Kingdom v2.2
Validation
If the procedure does not resolve the issue, escalate to the listed owner team with timestamps, identifiers, and evidence.",Software Engineering,Testing,unit testing,migration_guide,UK,INTERNAL,"[""employee"", ""engineer"", ""tech_lead"", ""architect""]",[],2.2,ARCHIVED,Backend Platform,google_drive,2025-05-21,3de0b8c227d0
ENG-000043-C07,ENG-000043,ENG-TESTING-00030,7,Version,"Unit Testing — United Kingdom v2.2
Version
Version 2.2. Status: ARCHIVED. This document is archived and retained only for historical reference.",Software Engineering,Testing,unit testing,migration_guide,UK,INTERNAL,"[""employee"", ""engineer"", ""tech_lead"", ""architect""]",[],2.2,ARCHIVED,Backend Platform,google_drive,2025-05-21,f8f6a018a43d
ENG-000044-C00,ENG-000044,ENG-TESTING-00030,0,Unit Testing — United Kingdom v3.4,"Unit Testing — United Kingdom v3.4
Unit Testing — United Kingdom v3.4
# Unit Testing — United Kingdom v3.4",Software Engineering,Testing,unit testing,migration_guide,UK,EMPLOYEE,"[""employee"", ""engineer"", ""tech_lead"", ""architect""]",[],3.4,ACTIVE,Backend Platform,servicenow,2024-07-31,33b227759142
ENG-000044-C01,ENG-000044,ENG-TESTING-00030,1,Purpose,"Unit Testing — United Kingdom v3.4
Purpose
Teams must apply this guidance when working with unit testing in production or employee-facing environments.",Software Engineering,Testing,unit testing,migration_guide,UK,EMPLOYEE,"[""employee"", ""engineer"", ""tech_lead"", ""architect""]",[],3.4,ACTIVE,Backend Platform,servicenow,2024-07-31,b6d077703bb3
ENG-000044-C02,ENG-000044,ENG-TESTING-00030,2,Scope,"Unit Testing — United Kingdom v3.4
Scope
Country-specific and role-specific exceptions override the global baseline only when explicitly documented. This version applies to United Kingdom.",Software Engineering,Testing,unit testing,migration_guide,UK,EMPLOYEE,"[""employee"", ""engineer"", ""tech_lead"", ""architect""]",[],3.4,ACTIVE,Backend Platform,servicenow,2024-07-31,f4707c782e6f
ENG-000044-C03,ENG-000044,ENG-TESTING-00030,3,Requirements,"Unit Testing — United Kingdom v3.4
Requirements
- Unit Testing must follow the current approved policy and ownership model. - Operational evidence for unit testing should be retained according to the applicable retention schedule. - Exceptions involving unit testing require documented approval from the responsible owner. - Teams should use standard tooling and published procedures when working with unit testing.",Software Engineering,Testing,unit testing,migration_guide,UK,EMPLOYEE,"[""employee"", ""engineer"", ""tech_lead"", ""architect""]",[],3.4,ACTIVE,Backend Platform,servicenow,2024-07-31,a0be3d51b960
ENG-000044-C04,ENG-000044,ENG-TESTING-00030,4,Controls,"Unit Testing — United Kingdom v3.4
Controls
Requests requiring elevated access must be approved by the designated owner and recorded in the enterprise service system.",Software Engineering,Testing,unit testing,migration_guide,UK,EMPLOYEE,"[""employee"", ""engineer"", ""tech_lead"", ""architect""]",[],3.4,ACTIVE,Backend Platform,servicenow,2024-07-31,00cb4afa9939
ENG-000044-C05,ENG-000044,ENG-TESTING-00030,5,Procedure,"Unit Testing — United Kingdom v3.4
Procedure
1. Confirm that the request concerns unit testing.
2. Verify the relevant owner, country, environment, and current version.
3. Follow the approved workflow and capture evidence.
4. Escalate unresolved or exceptional cases to Backend Platform.",Software Engineering,Testing,unit testing,migration_guide,UK,EMPLOYEE,"[""employee"", ""engineer"", ""tech_lead"", ""architect""]",[],3.4,ACTIVE,Backend Platform,servicenow,2024-07-31,c55b3026d9a1
ENG-000044-C06,ENG-000044,ENG-TESTING-00030,6,Validation,"Unit Testing — United Kingdom v3.4
Validation
If the procedure does not resolve the issue, escalate to the listed owner team with timestamps, identifiers, and evidence.",Software Engineering,Testing,unit testing,migration_guide,UK,EMPLOYEE,"[""employee"", ""engineer"", ""tech_lead"", ""architect""]",[],3.4,ACTIVE,Backend Platform,servicenow,2024-07-31,770ae46a778e
ENG-000044-C07,ENG-000044,ENG-TESTING-00030,7,Version,"Unit Testing — United Kingdom v3.4
Version
Version 3.4. Status: ACTIVE.",Software Engineering,Testing,unit testing,migration_guide,UK,EMPLOYEE,"[""employee"", ""engineer"", ""tech_lead"", ""architect""]",[],3.4,ACTIVE,Backend Platform,servicenow,2024-07-31,c7e67f62f343
ENG-000045-C00,ENG-000045,ENG-PYTHON-B-00031,0,Dependency Pinning — India v1.2,"Dependency Pinning — India v1.2
Dependency Pinning — India v1.2
# Dependency Pinning — India v1.2",Software Engineering,Python Backend,dependency pinning,api_guide,IN,INTERNAL,"[""employee"", ""engineer"", ""tech_lead"", ""architect""]",[],1.2,ARCHIVED,Frontend Platform,servicenow,2026-09-23,54dd60fb7128
ENG-000045-C01,ENG-000045,ENG-PYTHON-B-00031,1,Purpose,"Dependency Pinning — India v1.2
Purpose
This document defines the approved operating model for dependency pinning within Northstar Digital Services.",Software Engineering,Python Backend,dependency pinning,api_guide,IN,INTERNAL,"[""employee"", ""engineer"", ""tech_lead"", ""architect""]",[],1.2,ARCHIVED,Frontend Platform,servicenow,2026-09-23,be54f73854e8
ENG-000045-C02,ENG-000045,ENG-PYTHON-B-00031,2,Scope,"Dependency Pinning — India v1.2
Scope
It applies to employees, contractors, and managed service teams where the stated scope is relevant. This version applies to India.",Software Engineering,Python Backend,dependency pinning,api_guide,IN,INTERNAL,"[""employee"", ""engineer"", ""tech_lead"", ""architect""]",[],1.2,ARCHIVED,Frontend Platform,servicenow,2026-09-23,0040c54b2412
ENG-000045-C03,ENG-000045,ENG-PYTHON-B-00031,3,Requirements,"Dependency Pinning — India v1.2
Requirements
- Dependency Pinning must follow the current approved policy and ownership model. - Operational evidence for dependency pinning should be retained according to the applicable retention schedule. - Exceptions involving dependency pinning require documented approval from the responsible owner. - Teams should use standard tooling and published procedures when working with dependency pinning.",Software Engineering,Python Backend,dependency pinning,api_guide,IN,INTERNAL,"[""employee"", ""engineer"", ""tech_lead"", ""architect""]",[],1.2,ARCHIVED,Frontend Platform,servicenow,2026-09-23,e4b2b93ae7f7
ENG-000045-C04,ENG-000045,ENG-PYTHON-B-00031,4,Controls,"Dependency Pinning — India v1.2
Controls
Requests requiring elevated access must be approved by the designated owner and recorded in the enterprise service system.",Software Engineering,Python Backend,dependency pinning,api_guide,IN,INTERNAL,"[""employee"", ""engineer"", ""tech_lead"", ""architect""]",[],1.2,ARCHIVED,Frontend Platform,servicenow,2026-09-23,34aef613efc6
ENG-000045-C05,ENG-000045,ENG-PYTHON-B-00031,5,Procedure,"Dependency Pinning — India v1.2
Procedure
1. Confirm that the request concerns dependency pinning.
2. Verify the relevant owner, country, environment, and current version.
3. Follow the approved workflow and capture evidence.
4. Escalate unresolved or exceptional cases to Frontend Platform.",Software Engineering,Python Backend,dependency pinning,api_guide,IN,INTERNAL,"[""employee"", ""engineer"", ""tech_lead"", ""architect""]",[],1.2,ARCHIVED,Frontend Platform,servicenow,2026-09-23,c3f074f814a2
ENG-000045-C06,ENG-000045,ENG-PYTHON-B-00031,6,Validation,"Dependency Pinning — India v1.2
Validation
Do not bypass required controls simply to shorten resolution time.",Software Engineering,Python Backend,dependency pinning,api_guide,IN,INTERNAL,"[""employee"", ""engineer"", ""tech_lead"", ""architect""]",[],1.2,ARCHIVED,Frontend Platform,servicenow,2026-09-23,508f0127f49c
ENG-000045-C07,ENG-000045,ENG-PYTHON-B-00031,7,Version,"Dependency Pinning — India v1.2
Version
Version 1.2. Status: ARCHIVED. This document is archived and retained only for historical reference.",Software Engineering,Python Backend,dependency pinning,api_guide,IN,INTERNAL,"[""employee"", ""engineer"", ""tech_lead"", ""architect""]",[],1.2,ARCHIVED,Frontend Platform,servicenow,2026-09-23,d28b2eaf5b73
ENG-000046-C00,ENG-000046,ENG-PYTHON-B-00031,0,Dependency Pinning — India v2.2,"Dependency Pinning — India v2.2
Dependency Pinning — India v2.2
# Dependency Pinning — India v2.2",Software Engineering,Python Backend,dependency pinning,api_guide,IN,EMPLOYEE,"[""employee"", ""engineer"", ""tech_lead"", ""architect""]",[],2.2,ARCHIVED,Frontend Platform,confluence,2026-09-23,64525c0d041f
ENG-000046-C01,ENG-000046,ENG-PYTHON-B-00031,1,Purpose,"Dependency Pinning — India v2.2
Purpose
This document defines the approved operating model for dependency pinning within Northstar Digital Services.",Software Engineering,Python Backend,dependency pinning,api_guide,IN,EMPLOYEE,"[""employee"", ""engineer"", ""tech_lead"", ""architect""]",[],2.2,ARCHIVED,Frontend Platform,confluence,2026-09-23,e18a2953f68a
ENG-000046-C02,ENG-000046,ENG-PYTHON-B-00031,2,Scope,"Dependency Pinning — India v2.2
Scope
It applies to employees, contractors, and managed service teams where the stated scope is relevant. This version applies to India.",Software Engineering,Python Backend,dependency pinning,api_guide,IN,EMPLOYEE,"[""employee"", ""engineer"", ""tech_lead"", ""architect""]",[],2.2,ARCHIVED,Frontend Platform,confluence,2026-09-23,95132b8bf971
ENG-000046-C03,ENG-000046,ENG-PYTHON-B-00031,3,Requirements,"Dependency Pinning — India v2.2
Requirements
- Dependency Pinning must follow the current approved policy and ownership model. - Operational evidence for dependency pinning should be retained according to the applicable retention schedule. - Exceptions involving dependency pinning require documented approval from the responsible owner. - Teams should use standard tooling and published procedures when working with dependency pinning.",Software Engineering,Python Backend,dependency pinning,api_guide,IN,EMPLOYEE,"[""employee"", ""engineer"", ""tech_lead"", ""architect""]",[],2.2,ARCHIVED,Frontend Platform,confluence,2026-09-23,7dad25d4629d
ENG-000046-C04,ENG-000046,ENG-PYTHON-B-00031,4,Controls,"Dependency Pinning — India v2.2
Controls
Requests requiring elevated access must be approved by the designated owner and recorded in the enterprise service system.",Software Engineering,Python Backend,dependency pinning,api_guide,IN,EMPLOYEE,"[""employee"", ""engineer"", ""tech_lead"", ""architect""]",[],2.2,ARCHIVED,Frontend Platform,confluence,2026-09-23,8737cebb3d3d
ENG-000046-C05,ENG-000046,ENG-PYTHON-B-00031,5,Procedure,"Dependency Pinning — India v2.2
Procedure
1. Confirm that the request concerns dependency pinning.
2. Verify the relevant owner, country, environment, and current version.
3. Follow the approved workflow and capture evidence.
4. Escalate unresolved or exceptional cases to Frontend Platform.",Software Engineering,Python Backend,dependency pinning,api_guide,IN,EMPLOYEE,"[""employee"", ""engineer"", ""tech_lead"", ""architect""]",[],2.2,ARCHIVED,Frontend Platform,confluence,2026-09-23,0fdddd9da7da
ENG-000046-C06,ENG-000046,ENG-PYTHON-B-00031,6,Validation,"Dependency Pinning — India v2.2
Validation
Do not bypass required controls simply to shorten resolution time.",Software Engineering,Python Backend,dependency pinning,api_guide,IN,EMPLOYEE,"[""employee"", ""engineer"", ""tech_lead"", ""architect""]",[],2.2,ARCHIVED,Frontend Platform,confluence,2026-09-23,948a7f6978f4
ENG-000046-C07,ENG-000046,ENG-PYTHON-B-00031,7,Version,"Dependency Pinning — India v2.2
Version
Version 2.2. Status: ARCHIVED. This document is archived and retained only for historical reference.",Software Engineering,Python Backend,dependency pinning,api_guide,IN,EMPLOYEE,"[""employee"", ""engineer"", ""tech_lead"", ""architect""]",[],2.2,ARCHIVED,Frontend Platform,confluence,2026-09-23,f948ba74b9e2
ENG-000047-C00,ENG-000047,ENG-PYTHON-B-00031,0,Dependency Pinning — India v3.2,"Dependency Pinning — India v3.2
Dependency Pinning — India v3.2
# Dependency Pinning — India v3.2",Software Engineering,Python Backend,dependency pinning,api_guide,IN,CONFIDENTIAL,"[""tech_lead"", ""architect""]","[""Software Engineering""]",3.2,ACTIVE,Frontend Platform,hr_portal,2024-06-07,4f3806a440d1
ENG-000047-C01,ENG-000047,ENG-PYTHON-B-00031,1,Purpose,"Dependency Pinning — India v3.2
Purpose
The standard exists to reduce inconsistent implementation, avoid repeated support effort, and provide an auditable source of truth.",Software Engineering,Python Backend,dependency pinning,api_guide,IN,CONFIDENTIAL,"[""tech_lead"", ""architect""]","[""Software Engineering""]",3.2,ACTIVE,Frontend Platform,hr_portal,2024-06-07,b1445ac8abde
ENG-000047-C02,ENG-000047,ENG-PYTHON-B-00031,2,Scope,"Dependency Pinning — India v3.2
Scope
Country-specific and role-specific exceptions override the global baseline only when explicitly documented. This version applies to India.",Software Engineering,Python Backend,dependency pinning,api_guide,IN,CONFIDENTIAL,"[""tech_lead"", ""architect""]","[""Software Engineering""]",3.2,ACTIVE,Frontend Platform,hr_portal,2024-06-07,d00ce341b0d0
ENG-000047-C03,ENG-000047,ENG-PYTHON-B-00031,3,Requirements,"Dependency Pinning — India v3.2
Requirements
- Dependency Pinning must follow the current approved policy and ownership model. - Operational evidence for dependency pinning should be retained according to the applicable retention schedule. - Exceptions involving dependency pinning require documented approval from the responsible owner. - Teams should use standard tooling and published procedures when working with dependency pinning.",Software Engineering,Python Backend,dependency pinning,api_guide,IN,CONFIDENTIAL,"[""tech_lead"", ""architect""]","[""Software Engineering""]",3.2,ACTIVE,Frontend Platform,hr_portal,2024-06-07,f43d446973b1
ENG-000047-C04,ENG-000047,ENG-PYTHON-B-00031,4,Controls,"Dependency Pinning — India v3.2
Controls
Changes affecting production require peer review, traceable evidence, and rollback instructions.",Software Engineering,Python Backend,dependency pinning,api_guide,IN,CONFIDENTIAL,"[""tech_lead"", ""architect""]","[""Software Engineering""]",3.2,ACTIVE,Frontend Platform,hr_portal,2024-06-07,dbd3a2079688
ENG-000047-C05,ENG-000047,ENG-PYTHON-B-00031,5,Procedure,"Dependency Pinning — India v3.2
Procedure
1. Confirm that the request concerns dependency pinning.
2. Verify the relevant owner, country, environment, and current version.
3. Follow the approved workflow and capture evidence.
4. Escalate unresolved or exceptional cases to Frontend Platform.",Software Engineering,Python Backend,dependency pinning,api_guide,IN,CONFIDENTIAL,"[""tech_lead"", ""architect""]","[""Software Engineering""]",3.2,ACTIVE,Frontend Platform,hr_portal,2024-06-07,c32992673279
ENG-000047-C06,ENG-000047,ENG-PYTHON-B-00031,6,Validation,"Dependency Pinning — India v3.2
Validation
If the procedure does not resolve the issue, escalate to the listed owner team with timestamps, identifiers, and evidence.",Software Engineering,Python Backend,dependency pinning,api_guide,IN,CONFIDENTIAL,"[""tech_lead"", ""architect""]","[""Software Engineering""]",3.2,ACTIVE,Frontend Platform,hr_portal,2024-06-07,a32238b6a1cc
ENG-000047-C07,ENG-000047,ENG-PYTHON-B-00031,7,Version,"Dependency Pinning — India v3.2
Version
Version 3.2. Status: ACTIVE.",Software Engineering,Python Backend,dependency pinning,api_guide,IN,CONFIDENTIAL,"[""tech_lead"", ""architect""]","[""Software Engineering""]",3.2,ACTIVE,Frontend Platform,hr_portal,2024-06-07,d456d29a1c20
ENG-000048-C00,ENG-000048,ENG-FRONTEND-00032,0,Design Tokens — Singapore,"Design Tokens — Singapore
Design Tokens — Singapore
# Design Tokens — Singapore",Software Engineering,Frontend,design tokens,migration_guide,SG,INTERNAL,"[""employee"", ""engineer"", ""tech_lead"", ""architect""]",[],1.3,ACTIVE,Frontend Platform,hr_portal,2024-08-25,85b2369ab02c
ENG-000048-C01,ENG-000048,ENG-FRONTEND-00032,1,Purpose,"Design Tokens — Singapore
Purpose
The standard exists to reduce inconsistent implementation, avoid repeated support effort, and provide an auditable source of truth.",Software Engineering,Frontend,design tokens,migration_guide,SG,INTERNAL,"[""employee"", ""engineer"", ""tech_lead"", ""architect""]",[],1.3,ACTIVE,Frontend Platform,hr_portal,2024-08-25,7898d54cd007
ENG-000048-C02,ENG-000048,ENG-FRONTEND-00032,2,Scope,"Design Tokens — Singapore
Scope
Archived versions remain available for audit purposes but must not be used for new decisions. This version applies to Singapore.",Software Engineering,Frontend,design tokens,migration_guide,SG,INTERNAL,"[""employee"", ""engineer"", ""tech_lead"", ""architect""]",[],1.3,ACTIVE,Frontend Platform,hr_portal,2024-08-25,cf24a06bb0a2
ENG-000048-C03,ENG-000048,ENG-FRONTEND-00032,3,Requirements,"Design Tokens — Singapore
Requirements
- Design Tokens must follow the current approved policy and ownership model. - Operational evidence for design tokens should be retained according to the applicable retention schedule. - Exceptions involving design tokens require documented approval from the responsible owner. - Teams should use standard tooling and published procedures when working with design tokens.",Software Engineering,Frontend,design tokens,migration_guide,SG,INTERNAL,"[""employee"", ""engineer"", ""tech_lead"", ""architect""]",[],1.3,ACTIVE,Frontend Platform,hr_portal,2024-08-25,ecb8099019bf
ENG-000048-C04,ENG-000048,ENG-FRONTEND-00032,4,Controls,"Design Tokens — Singapore
Controls
Sensitive information must follow the organisation's classification and least-privilege requirements.",Software Engineering,Frontend,design tokens,migration_guide,SG,INTERNAL,"[""employee"", ""engineer"", ""tech_lead"", ""architect""]",[],1.3,ACTIVE,Frontend Platform,hr_portal,2024-08-25,013eba798a7b
ENG-000048-C05,ENG-000048,ENG-FRONTEND-00032,5,Procedure,"Design Tokens — Singapore
Procedure
1. Confirm that the request concerns design tokens.
2. Verify the relevant owner, country, environment, and current version.
3. Follow the approved workflow and capture evidence.
4. Escalate unresolved or exceptional cases to Frontend Platform.",Software Engineering,Frontend,design tokens,migration_guide,SG,INTERNAL,"[""employee"", ""engineer"", ""tech_lead"", ""architect""]",[],1.3,ACTIVE,Frontend Platform,hr_portal,2024-08-25,42aca924885b
ENG-000048-C06,ENG-000048,ENG-FRONTEND-00032,6,Validation,"Design Tokens — Singapore
Validation
Do not bypass required controls simply to shorten resolution time.",Software Engineering,Frontend,design tokens,migration_guide,SG,INTERNAL,"[""employee"", ""engineer"", ""tech_lead"", ""architect""]",[],1.3,ACTIVE,Frontend Platform,hr_portal,2024-08-25,cfeed351e3eb
ENG-000048-C07,ENG-000048,ENG-FRONTEND-00032,7,Version,"Design Tokens — Singapore
Version
Version 1.3. Status: ACTIVE.",Software Engineering,Frontend,design tokens,migration_guide,SG,INTERNAL,"[""employee"", ""engineer"", ""tech_lead"", ""architect""]",[],1.3,ACTIVE,Frontend Platform,hr_portal,2024-08-25,0da88c64fe8f
ENG-000049-C00,ENG-000049,ENG-APIS-00033,0,Idempotency — United States,"Idempotency — United States
Idempotency — United States
# Idempotency — United States",Software Engineering,APIs,idempotency,known_issue,US,INTERNAL,"[""employee"", ""engineer"", ""tech_lead"", ""architect""]",[],1.2,ACTIVE,Backend Platform,github,2024-02-08,19638f3880a3
ENG-000049-C01,ENG-000049,ENG-APIS-00033,1,Purpose,"Idempotency — United States
Purpose
The standard exists to reduce inconsistent implementation, avoid repeated support effort, and provide an auditable source of truth.",Software Engineering,APIs,idempotency,known_issue,US,INTERNAL,"[""employee"", ""engineer"", ""tech_lead"", ""architect""]",[],1.2,ACTIVE,Backend Platform,github,2024-02-08,77390ff5fad4
ENG-000049-C02,ENG-000049,ENG-APIS-00033,2,Scope,"Idempotency — United States
Scope
Country-specific and role-specific exceptions override the global baseline only when explicitly documented. This version applies to United States.",Software Engineering,APIs,idempotency,known_issue,US,INTERNAL,"[""employee"", ""engineer"", ""tech_lead"", ""architect""]",[],1.2,ACTIVE,Backend Platform,github,2024-02-08,a5fdd4d33893
ENG-000049-C03,ENG-000049,ENG-APIS-00033,3,Requirements,"Idempotency — United States
Requirements
- Idempotency must follow the current approved policy and ownership model. - Operational evidence for idempotency should be retained according to the applicable retention schedule. - Exceptions involving idempotency require documented approval from the responsible owner. - Teams should use standard tooling and published procedures when working with idempotency.",Software Engineering,APIs,idempotency,known_issue,US,INTERNAL,"[""employee"", ""engineer"", ""tech_lead"", ""architect""]",[],1.2,ACTIVE,Backend Platform,github,2024-02-08,9feba0fcf59b
ENG-000049-C04,ENG-000049,ENG-APIS-00033,4,Controls,"Idempotency — United States
Controls
Changes affecting production require peer review, traceable evidence, and rollback instructions.",Software Engineering,APIs,idempotency,known_issue,US,INTERNAL,"[""employee"", ""engineer"", ""tech_lead"", ""architect""]",[],1.2,ACTIVE,Backend Platform,github,2024-02-08,bdbadb8023ae
ENG-000049-C05,ENG-000049,ENG-APIS-00033,5,Procedure,"Idempotency — United States
Procedure
1. Confirm that the request concerns idempotency.
2. Verify the relevant owner, country, environment, and current version.
3. Follow the approved workflow and capture evidence.
4. Escalate unresolved or exceptional cases to Backend Platform.",Software Engineering,APIs,idempotency,known_issue,US,INTERNAL,"[""employee"", ""engineer"", ""tech_lead"", ""architect""]",[],1.2,ACTIVE,Backend Platform,github,2024-02-08,c5be68e50b4d
ENG-000049-C06,ENG-000049,ENG-APIS-00033,6,Validation,"Idempotency — United States
Validation
If the procedure does not resolve the issue, escalate to the listed owner team with timestamps, identifiers, and evidence.",Software Engineering,APIs,idempotency,known_issue,US,INTERNAL,"[""employee"", ""engineer"", ""tech_lead"", ""architect""]",[],1.2,ACTIVE,Backend Platform,github,2024-02-08,f0eb0ef069dc
ENG-000049-C07,ENG-000049,ENG-APIS-00033,7,Version,"Idempotency — United States
Version
Version 1.2. Status: ACTIVE.",Software Engineering,APIs,idempotency,known_issue,US,INTERNAL,"[""employee"", ""engineer"", ""tech_lead"", ""architect""]",[],1.2,ACTIVE,Backend Platform,github,2024-02-08,08d9644d0223
ENG-000050-C00,ENG-000050,ENG-APIS-00034,0,Rate Limiting — Global,"Rate Limiting — Global
Rate Limiting — Global
# Rate Limiting — Global",Software Engineering,APIs,rate limiting,known_issue,GLOBAL,INTERNAL,"[""employee"", ""engineer"", ""tech_lead"", ""architect""]",[],1.0,ACTIVE,Architecture Guild,confluence,2024-10-11,463e7da0e3dd
ENG-000050-C01,ENG-000050,ENG-APIS-00034,1,Purpose,"Rate Limiting — Global
Purpose
This document defines the approved operating model for rate limiting within Northstar Digital Services.",Software Engineering,APIs,rate limiting,known_issue,GLOBAL,INTERNAL,"[""employee"", ""engineer"", ""tech_lead"", ""architect""]",[],1.0,ACTIVE,Architecture Guild,confluence,2024-10-11,33022f6514f2
ENG-000050-C02,ENG-000050,ENG-APIS-00034,2,Scope,"Rate Limiting — Global
Scope
Archived versions remain available for audit purposes but must not be used for new decisions. This version is the global baseline; country-specific documents may impose additional requirements.",Software Engineering,APIs,rate limiting,known_issue,GLOBAL,INTERNAL,"[""employee"", ""engineer"", ""tech_lead"", ""architect""]",[],1.0,ACTIVE,Architecture Guild,confluence,2024-10-11,e0481ee9ab4b
ENG-000050-C03,ENG-000050,ENG-APIS-00034,3,Requirements,"Rate Limiting — Global
Requirements
- Rate Limiting must follow the current approved policy and ownership model. - Operational evidence for rate limiting should be retained according to the applicable retention schedule. - Exceptions involving rate limiting require documented approval from the responsible owner. - Teams should use standard tooling and published procedures when working with rate limiting.",Software Engineering,APIs,rate limiting,known_issue,GLOBAL,INTERNAL,"[""employee"", ""engineer"", ""tech_lead"", ""architect""]",[],1.0,ACTIVE,Architecture Guild,confluence,2024-10-11,4e806bb1e946
ENG-000050-C04,ENG-000050,ENG-APIS-00034,4,Controls,"Rate Limiting — Global
Controls
Changes affecting production require peer review, traceable evidence, and rollback instructions.",Software Engineering,APIs,rate limiting,known_issue,GLOBAL,INTERNAL,"[""employee"", ""engineer"", ""tech_lead"", ""architect""]",[],1.0,ACTIVE,Architecture Guild,confluence,2024-10-11,b673c8f3fb21
ENG-000050-C05,ENG-000050,ENG-APIS-00034,5,Procedure,"Rate Limiting — Global
Procedure
1. Confirm that the request concerns rate limiting.
2. Verify the relevant owner, country, environment, and current version.
3. Follow the approved workflow and capture evidence.
4. Escalate unresolved or exceptional cases to Architecture Guild.",Software Engineering,APIs,rate limiting,known_issue,GLOBAL,INTERNAL,"[""employee"", ""engineer"", ""tech_lead"", ""architect""]",[],1.0,ACTIVE,Architecture Guild,confluence,2024-10-11,ccbb08f5db4b
ENG-000050-C06,ENG-000050,ENG-APIS-00034,6,Validation,"Rate Limiting — Global
Validation
If the procedure does not resolve the issue, escalate to the listed owner team with timestamps, identifiers, and evidence.",Software Engineering,APIs,rate limiting,known_issue,GLOBAL,INTERNAL,"[""employee"", ""engineer"", ""tech_lead"", ""architect""]",[],1.0,ACTIVE,Architecture Guild,confluence,2024-10-11,93edf43b1226
ENG-000050-C07,ENG-000050,ENG-APIS-00034,7,Version,"Rate Limiting — Global
Version
Version 1.0. Status: ACTIVE.",Software Engineering,APIs,rate limiting,known_issue,GLOBAL,INTERNAL,"[""employee"", ""engineer"", ""tech_lead"", ""architect""]",[],1.0,ACTIVE,Architecture Guild,confluence,2024-10-11,83f5b1ebc26b
ENG-000051-C00,ENG-000051,ENG-FRONTEND-00035,0,State Management — Global,"State Management — Global
State Management — Global
# State Management — Global",Software Engineering,Frontend,state management,migration_guide,GLOBAL,INTERNAL,"[""employee"", ""engineer"", ""tech_lead"", ""architect""]",[],1.0,ACTIVE,Frontend Platform,confluence,2026-09-23,80efc3f4ae2a
ENG-000051-C01,ENG-000051,ENG-FRONTEND-00035,1,Purpose,"State Management — Global
Purpose
Teams must apply this guidance when working with state management in production or employee-facing environments.",Software Engineering,Frontend,state management,migration_guide,GLOBAL,INTERNAL,"[""employee"", ""engineer"", ""tech_lead"", ""architect""]",[],1.0,ACTIVE,Frontend Platform,confluence,2026-09-23,b6bf042d372a
ENG-000051-C02,ENG-000051,ENG-FRONTEND-00035,2,Scope,"State Management — Global
Scope
Archived versions remain available for audit purposes but must not be used for new decisions. This version is the global baseline; country-specific documents may impose additional requirements.",Software Engineering,Frontend,state management,migration_guide,GLOBAL,INTERNAL,"[""employee"", ""engineer"", ""tech_lead"", ""architect""]",[],1.0,ACTIVE,Frontend Platform,confluence,2026-09-23,2f7a280a9b05
ENG-000051-C03,ENG-000051,ENG-FRONTEND-00035,3,Requirements,"State Management — Global
Requirements
- State Management must follow the current approved policy and ownership model. - Operational evidence for state management should be retained according to the applicable retention schedule. - Exceptions involving state management require documented approval from the responsible owner. - Teams should use standard tooling and published procedures when working with state management.",Software Engineering,Frontend,state management,migration_guide,GLOBAL,INTERNAL,"[""employee"", ""engineer"", ""tech_lead"", ""architect""]",[],1.0,ACTIVE,Frontend Platform,confluence,2026-09-23,326b25557564
ENG-000051-C04,ENG-000051,ENG-FRONTEND-00035,4,Controls,"State Management — Global
Controls
Sensitive information must follow the organisation's classification and least-privilege requirements.",Software Engineering,Frontend,state management,migration_guide,GLOBAL,INTERNAL,"[""employee"", ""engineer"", ""tech_lead"", ""architect""]",[],1.0,ACTIVE,Frontend Platform,confluence,2026-09-23,551e8a4c2f27
ENG-000051-C05,ENG-000051,ENG-FRONTEND-00035,5,Procedure,"State Management — Global
Procedure
1. Confirm that the request concerns state management.
2. Verify the relevant owner, country, environment, and current version.
3. Follow the approved workflow and capture evidence.
4. Escalate unresolved or exceptional cases to Frontend Platform.",Software Engineering,Frontend,state management,migration_guide,GLOBAL,INTERNAL,"[""employee"", ""engineer"", ""tech_lead"", ""architect""]",[],1.0,ACTIVE,Frontend Platform,confluence,2026-09-23,b960c7a925a7
ENG-000051-C06,ENG-000051,ENG-FRONTEND-00035,6,Validation,"State Management — Global
Validation
Verify the current document version before acting.",Software Engineering,Frontend,state management,migration_guide,GLOBAL,INTERNAL,"[""employee"", ""engineer"", ""tech_lead"", ""architect""]",[],1.0,ACTIVE,Frontend Platform,confluence,2026-09-23,1da476dab868
ENG-000051-C07,ENG-000051,ENG-FRONTEND-00035,7,Version,"State Management — Global
Version
Version 1.0. Status: ACTIVE.",Software Engineering,Frontend,state management,migration_guide,GLOBAL,INTERNAL,"[""employee"", ""engineer"", ""tech_lead"", ""architect""]",[],1.0,ACTIVE,Frontend Platform,confluence,2026-09-23,2408bc2a1c2e
ENG-000052-C00,ENG-000052,ENG-JAVA-SER-00036,0,Jvm Tuning — Global,"Jvm Tuning — Global
Jvm Tuning — Global
# Jvm Tuning — Global",Software Engineering,Java Services,JVM tuning,architecture_decision_record,GLOBAL,INTERNAL,"[""employee"", ""engineer"", ""tech_lead"", ""architect""]",[],1.1,ACTIVE,Architecture Guild,servicenow,2026-09-23,86f7642c1c2c
ENG-000052-C01,ENG-000052,ENG-JAVA-SER-00036,1,Purpose,"Jvm Tuning — Global
Purpose
The standard exists to reduce inconsistent implementation, avoid repeated support effort, and provide an auditable source of truth.",Software Engineering,Java Services,JVM tuning,architecture_decision_record,GLOBAL,INTERNAL,"[""employee"", ""engineer"", ""tech_lead"", ""architect""]",[],1.1,ACTIVE,Architecture Guild,servicenow,2026-09-23,2f9f07f266e9
ENG-000052-C02,ENG-000052,ENG-JAVA-SER-00036,2,Scope,"Jvm Tuning — Global
Scope
It applies to employees, contractors, and managed service teams where the stated scope is relevant. This version is the global baseline; country-specific documents may impose additional requirements.",Software Engineering,Java Services,JVM tuning,architecture_decision_record,GLOBAL,INTERNAL,"[""employee"", ""engineer"", ""tech_lead"", ""architect""]",[],1.1,ACTIVE,Architecture Guild,servicenow,2026-09-23,412aa622ab43
ENG-000052-C03,ENG-000052,ENG-JAVA-SER-00036,3,Requirements,"Jvm Tuning — Global
Requirements
- Jvm Tuning must follow the current approved policy and ownership model. - Operational evidence for JVM tuning should be retained according to the applicable retention schedule. - Exceptions involving JVM tuning require documented approval from the responsible owner. - Teams should use standard tooling and published procedures when working with JVM tuning.",Software Engineering,Java Services,JVM tuning,architecture_decision_record,GLOBAL,INTERNAL,"[""employee"", ""engineer"", ""tech_lead"", ""architect""]",[],1.1,ACTIVE,Architecture Guild,servicenow,2026-09-23,dad9a1164f92
ENG-000052-C04,ENG-000052,ENG-JAVA-SER-00036,4,Controls,"Jvm Tuning — Global
Controls
Requests requiring elevated access must be approved by the designated owner and recorded in the enterprise service system.",Software Engineering,Java Services,JVM tuning,architecture_decision_record,GLOBAL,INTERNAL,"[""employee"", ""engineer"", ""tech_lead"", ""architect""]",[],1.1,ACTIVE,Architecture Guild,servicenow,2026-09-23,803cddee60d3
ENG-000052-C05,ENG-000052,ENG-JAVA-SER-00036,5,Procedure,"Jvm Tuning — Global
Procedure
1. Confirm that the request concerns JVM tuning.
2. Verify the relevant owner, country, environment, and current version.
3. Follow the approved workflow and capture evidence.
4. Escalate unresolved or exceptional cases to Architecture Guild.",Software Engineering,Java Services,JVM tuning,architecture_decision_record,GLOBAL,INTERNAL,"[""employee"", ""engineer"", ""tech_lead"", ""architect""]",[],1.1,ACTIVE,Architecture Guild,servicenow,2026-09-23,47c1a29a3430
ENG-000052-C06,ENG-000052,ENG-JAVA-SER-00036,6,Validation,"Jvm Tuning — Global
Validation
If the procedure does not resolve the issue, escalate to the listed owner team with timestamps, identifiers, and evidence.",Software Engineering,Java Services,JVM tuning,architecture_decision_record,GLOBAL,INTERNAL,"[""employee"", ""engineer"", ""tech_lead"", ""architect""]",[],1.1,ACTIVE,Architecture Guild,servicenow,2026-09-23,d4927b43255d
ENG-000052-C07,ENG-000052,ENG-JAVA-SER-00036,7,Version,"Jvm Tuning — Global
Version
Version 1.1. Status: ACTIVE.",Software Engineering,Java Services,JVM tuning,architecture_decision_record,GLOBAL,INTERNAL,"[""employee"", ""engineer"", ""tech_lead"", ""architect""]",[],1.1,ACTIVE,Architecture Guild,servicenow,2026-09-23,43185f1a86f7
ENG-000053-C00,ENG-000053,ENG-APIS-00037,0,Idempotency — Global,"Idempotency — Global
Idempotency — Global
# Idempotency — Global",Software Engineering,APIs,idempotency,technical_standard,GLOBAL,INTERNAL,"[""employee"", ""engineer"", ""tech_lead"", ""architect""]",[],1.1,ACTIVE,Backend Platform,github,2024-12-31,237821ca80ac
ENG-000053-C01,ENG-000053,ENG-APIS-00037,1,Purpose,"Idempotency — Global
Purpose
Teams must apply this guidance when working with idempotency in production or employee-facing environments.",Software Engineering,APIs,idempotency,technical_standard,GLOBAL,INTERNAL,"[""employee"", ""engineer"", ""tech_lead"", ""architect""]",[],1.1,ACTIVE,Backend Platform,github,2024-12-31,14786e7cd2d2
ENG-000053-C02,ENG-000053,ENG-APIS-00037,2,Scope,"Idempotency — Global
Scope
Country-specific and role-specific exceptions override the global baseline only when explicitly documented. This version is the global baseline; country-specific documents may impose additional requirements.",Software Engineering,APIs,idempotency,technical_standard,GLOBAL,INTERNAL,"[""employee"", ""engineer"", ""tech_lead"", ""architect""]",[],1.1,ACTIVE,Backend Platform,github,2024-12-31,6217c578d0ec
ENG-000053-C03,ENG-000053,ENG-APIS-00037,3,Requirements,"Idempotency — Global
Requirements
- Idempotency must follow the current approved policy and ownership model. - Operational evidence for idempotency should be retained according to the applicable retention schedule. - Exceptions involving idempotency require documented approval from the responsible owner. - Teams should use standard tooling and published procedures when working with idempotency.",Software Engineering,APIs,idempotency,technical_standard,GLOBAL,INTERNAL,"[""employee"", ""engineer"", ""tech_lead"", ""architect""]",[],1.1,ACTIVE,Backend Platform,github,2024-12-31,32fcd88a8c2c
ENG-000053-C04,ENG-000053,ENG-APIS-00037,4,Controls,"Idempotency — Global
Controls
Sensitive information must follow the organisation's classification and least-privilege requirements.",Software Engineering,APIs,idempotency,technical_standard,GLOBAL,INTERNAL,"[""employee"", ""engineer"", ""tech_lead"", ""architect""]",[],1.1,ACTIVE,Backend Platform,github,2024-12-31,a497eef23e2d
ENG-000053-C05,ENG-000053,ENG-APIS-00037,5,Procedure,"Idempotency — Global
Procedure
1. Confirm that the request concerns idempotency.
2. Verify the relevant owner, country, environment, and current version.
3. Follow the approved workflow and capture evidence.
4. Escalate unresolved or exceptional cases to Backend Platform.",Software Engineering,APIs,idempotency,technical_standard,GLOBAL,INTERNAL,"[""employee"", ""engineer"", ""tech_lead"", ""architect""]",[],1.1,ACTIVE,Backend Platform,github,2024-12-31,3ac7ba229d5f
ENG-000053-C06,ENG-000053,ENG-APIS-00037,6,Validation,"Idempotency — Global
Validation
Verify the current document version before acting.",Software Engineering,APIs,idempotency,technical_standard,GLOBAL,INTERNAL,"[""employee"", ""engineer"", ""tech_lead"", ""architect""]",[],1.1,ACTIVE,Backend Platform,github,2024-12-31,ad0af7f588c6
ENG-000053-C07,ENG-000053,ENG-APIS-00037,7,Version,"Idempotency — Global
Version
Version 1.1. Status: ACTIVE.",Software Engineering,APIs,idempotency,technical_standard,GLOBAL,INTERNAL,"[""employee"", ""engineer"", ""tech_lead"", ""architect""]",[],1.1,ACTIVE,Backend Platform,github,2024-12-31,10fcd42cc661
ENG-000054-C00,ENG-000054,ENG-MESSAGIN-00038,0,Dead-Letter Queues — Global,"Dead-Letter Queues — Global
Dead-Letter Queues — Global
# Dead-Letter Queues — Global",Software Engineering,Messaging,dead-letter queues,api_guide,GLOBAL,INTERNAL,"[""employee"", ""engineer"", ""tech_lead"", ""architect""]",[],1.3,ACTIVE,Backend Platform,servicenow,2025-06-08,57e7d56a7240
ENG-000054-C01,ENG-000054,ENG-MESSAGIN-00038,1,Purpose,"Dead-Letter Queues — Global
Purpose
The standard exists to reduce inconsistent implementation, avoid repeated support effort, and provide an auditable source of truth.",Software Engineering,Messaging,dead-letter queues,api_guide,GLOBAL,INTERNAL,"[""employee"", ""engineer"", ""tech_lead"", ""architect""]",[],1.3,ACTIVE,Backend Platform,servicenow,2025-06-08,2492995d84f0
ENG-000054-C02,ENG-000054,ENG-MESSAGIN-00038,2,Scope,"Dead-Letter Queues — Global
Scope
Archived versions remain available for audit purposes but must not be used for new decisions. This version is the global baseline; country-specific documents may impose additional requirements.",Software Engineering,Messaging,dead-letter queues,api_guide,GLOBAL,INTERNAL,"[""employee"", ""engineer"", ""tech_lead"", ""architect""]",[],1.3,ACTIVE,Backend Platform,servicenow,2025-06-08,d0a5a67c65eb
ENG-000054-C03,ENG-000054,ENG-MESSAGIN-00038,3,Requirements,"Dead-Letter Queues — Global
Requirements
- Dead-Letter Queues must follow the current approved policy and ownership model. - Operational evidence for dead-letter queues should be retained according to the applicable retention schedule. - Exceptions involving dead-letter queues require documented approval from the responsible owner. - Teams should use standard tooling and published procedures when working with dead-letter queues.",Software Engineering,Messaging,dead-letter queues,api_guide,GLOBAL,INTERNAL,"[""employee"", ""engineer"", ""tech_lead"", ""architect""]",[],1.3,ACTIVE,Backend Platform,servicenow,2025-06-08,dee7d0f8bbe4
ENG-000054-C04,ENG-000054,ENG-MESSAGIN-00038,4,Controls,"Dead-Letter Queues — Global
Controls
Changes affecting production require peer review, traceable evidence, and rollback instructions.",Software Engineering,Messaging,dead-letter queues,api_guide,GLOBAL,INTERNAL,"[""employee"", ""engineer"", ""tech_lead"", ""architect""]",[],1.3,ACTIVE,Backend Platform,servicenow,2025-06-08,1f2386a7957d
ENG-000054-C05,ENG-000054,ENG-MESSAGIN-00038,5,Procedure,"Dead-Letter Queues — Global
Procedure
1. Confirm that the request concerns dead-letter queues.
2. Verify the relevant owner, country, environment, and current version.
3. Follow the approved workflow and capture evidence.
4. Escalate unresolved or exceptional cases to Backend Platform.",Software Engineering,Messaging,dead-letter queues,api_guide,GLOBAL,INTERNAL,"[""employee"", ""engineer"", ""tech_lead"", ""architect""]",[],1.3,ACTIVE,Backend Platform,servicenow,2025-06-08,8e8f2401da01
ENG-000054-C06,ENG-000054,ENG-MESSAGIN-00038,6,Validation,"Dead-Letter Queues — Global
Validation
If the procedure does not resolve the issue, escalate to the listed owner team with timestamps, identifiers, and evidence.",Software Engineering,Messaging,dead-letter queues,api_guide,GLOBAL,INTERNAL,"[""employee"", ""engineer"", ""tech_lead"", ""architect""]",[],1.3,ACTIVE,Backend Platform,servicenow,2025-06-08,412e53398cab
ENG-000054-C07,ENG-000054,ENG-MESSAGIN-00038,7,Version,"Dead-Letter Queues — Global
Version
Version 1.3. Status: ACTIVE.",Software Engineering,Messaging,dead-letter queues,api_guide,GLOBAL,INTERNAL,"[""employee"", ""engineer"", ""tech_lead"", ""architect""]",[],1.3,ACTIVE,Backend Platform,servicenow,2025-06-08,1229c75ee61f
ENG-000055-C00,ENG-000055,ENG-JAVA-SER-00039,0,Java Runtime — United Kingdom,"Java Runtime — United Kingdom
Java Runtime — United Kingdom
# Java Runtime — United Kingdom",Software Engineering,Java Services,Java runtime,coding_standard,UK,INTERNAL,"[""employee"", ""engineer"", ""tech_lead"", ""architect""]",[],1.2,ACTIVE,Backend Platform,hr_portal,2026-03-03,bf8ebb43f2ca
ENG-000055-C01,ENG-000055,ENG-JAVA-SER-00039,1,Purpose,"Java Runtime — United Kingdom
Purpose
Teams must apply this guidance when working with Java runtime in production or employee-facing environments.",Software Engineering,Java Services,Java runtime,coding_standard,UK,INTERNAL,"[""employee"", ""engineer"", ""tech_lead"", ""architect""]",[],1.2,ACTIVE,Backend Platform,hr_portal,2026-03-03,c77ea8ad1dfa
ENG-000055-C02,ENG-000055,ENG-JAVA-SER-00039,2,Scope,"Java Runtime — United Kingdom
Scope
Archived versions remain available for audit purposes but must not be used for new decisions. This version applies to United Kingdom.",Software Engineering,Java Services,Java runtime,coding_standard,UK,INTERNAL,"[""employee"", ""engineer"", ""tech_lead"", ""architect""]",[],1.2,ACTIVE,Backend Platform,hr_portal,2026-03-03,e9edfb757e8a
ENG-000055-C03,ENG-000055,ENG-JAVA-SER-00039,3,Requirements,"Java Runtime — United Kingdom
Requirements
- Java Runtime must follow the current approved policy and ownership model. - Operational evidence for Java runtime should be retained according to the applicable retention schedule. - Exceptions involving Java runtime require documented approval from the responsible owner. - Teams should use standard tooling and published procedures when working with Java runtime.",Software Engineering,Java Services,Java runtime,coding_standard,UK,INTERNAL,"[""employee"", ""engineer"", ""tech_lead"", ""architect""]",[],1.2,ACTIVE,Backend Platform,hr_portal,2026-03-03,b25ffaacd35c
ENG-000055-C04,ENG-000055,ENG-JAVA-SER-00039,4,Controls,"Java Runtime — United Kingdom
Controls
Requests requiring elevated access must be approved by the designated owner and recorded in the enterprise service system.",Software Engineering,Java Services,Java runtime,coding_standard,UK,INTERNAL,"[""employee"", ""engineer"", ""tech_lead"", ""architect""]",[],1.2,ACTIVE,Backend Platform,hr_portal,2026-03-03,2a63f7749b12
ENG-000055-C05,ENG-000055,ENG-JAVA-SER-00039,5,Procedure,"Java Runtime — United Kingdom
Procedure
1. Confirm that the request concerns Java runtime.
2. Verify the relevant owner, country, environment, and current version.
3. Follow the approved workflow and capture evidence.
4. Escalate unresolved or exceptional cases to Backend Platform.",Software Engineering,Java Services,Java runtime,coding_standard,UK,INTERNAL,"[""employee"", ""engineer"", ""tech_lead"", ""architect""]",[],1.2,ACTIVE,Backend Platform,hr_portal,2026-03-03,320199481771
ENG-000055-C06,ENG-000055,ENG-JAVA-SER-00039,6,Validation,"Java Runtime — United Kingdom
Validation
Verify the current document version before acting.",Software Engineering,Java Services,Java runtime,coding_standard,UK,INTERNAL,"[""employee"", ""engineer"", ""tech_lead"", ""architect""]",[],1.2,ACTIVE,Backend Platform,hr_portal,2026-03-03,a84a16b4c2c6
ENG-000055-C07,ENG-000055,ENG-JAVA-SER-00039,7,Version,"Java Runtime — United Kingdom
Version
Version 1.2. Status: ACTIVE.",Software Engineering,Java Services,Java runtime,coding_standard,UK,INTERNAL,"[""employee"", ""engineer"", ""tech_lead"", ""architect""]",[],1.2,ACTIVE,Backend Platform,hr_portal,2026-03-03,349ac07ce602
ENG-000056-C00,ENG-000056,ENG-JAVA-SER-00040,0,Dependency Management — Singapore,"Dependency Management — Singapore
Dependency Management — Singapore
# Dependency Management — Singapore",Software Engineering,Java Services,dependency management,migration_guide,SG,INTERNAL,"[""employee"", ""engineer"", ""tech_lead"", ""architect""]",[],1.0,ACTIVE,Backend Platform,servicenow,2024-07-19,ff63b0b48d9a
ENG-000056-C01,ENG-000056,ENG-JAVA-SER-00040,1,Purpose,"Dependency Management — Singapore
Purpose
This document defines the approved operating model for dependency management within Northstar Digital Services.",Software Engineering,Java Services,dependency management,migration_guide,SG,INTERNAL,"[""employee"", ""engineer"", ""tech_lead"", ""architect""]",[],1.0,ACTIVE,Backend Platform,servicenow,2024-07-19,2ceb49381b9e
ENG-000056-C02,ENG-000056,ENG-JAVA-SER-00040,2,Scope,"Dependency Management — Singapore
Scope
It applies to employees, contractors, and managed service teams where the stated scope is relevant. This version applies to Singapore.",Software Engineering,Java Services,dependency management,migration_guide,SG,INTERNAL,"[""employee"", ""engineer"", ""tech_lead"", ""architect""]",[],1.0,ACTIVE,Backend Platform,servicenow,2024-07-19,d1c9f2caf507
ENG-000056-C03,ENG-000056,ENG-JAVA-SER-00040,3,Requirements,"Dependency Management — Singapore
Requirements
- Dependency Management must follow the current approved policy and ownership model. - Operational evidence for dependency management should be retained according to the applicable retention schedule. - Exceptions involving dependency management require documented approval from the responsible owner. - Teams should use standard tooling and published procedures when working with dependency management.",Software Engineering,Java Services,dependency management,migration_guide,SG,INTERNAL,"[""employee"", ""engineer"", ""tech_lead"", ""architect""]",[],1.0,ACTIVE,Backend Platform,servicenow,2024-07-19,dc3e2d8ecf56
ENG-000056-C04,ENG-000056,ENG-JAVA-SER-00040,4,Controls,"Dependency Management — Singapore
Controls
Sensitive information must follow the organisation's classification and least-privilege requirements.",Software Engineering,Java Services,dependency management,migration_guide,SG,INTERNAL,"[""employee"", ""engineer"", ""tech_lead"", ""architect""]",[],1.0,ACTIVE,Backend Platform,servicenow,2024-07-19,7da09755e816
ENG-000056-C05,ENG-000056,ENG-JAVA-SER-00040,5,Procedure,"Dependency Management — Singapore
Procedure
1. Confirm that the request concerns dependency management.
2. Verify the relevant owner, country, environment, and current version.
3. Follow the approved workflow and capture evidence.
4. Escalate unresolved or exceptional cases to Backend Platform.",Software Engineering,Java Services,dependency management,migration_guide,SG,INTERNAL,"[""employee"", ""engineer"", ""tech_lead"", ""architect""]",[],1.0,ACTIVE,Backend Platform,servicenow,2024-07-19,68c3f81dcc96
ENG-000056-C06,ENG-000056,ENG-JAVA-SER-00040,6,Validation,"Dependency Management — Singapore
Validation
Verify the current document version before acting.",Software Engineering,Java Services,dependency management,migration_guide,SG,INTERNAL,"[""employee"", ""engineer"", ""tech_lead"", ""architect""]",[],1.0,ACTIVE,Backend Platform,servicenow,2024-07-19,62a0cec5a76e
ENG-000056-C07,ENG-000056,ENG-JAVA-SER-00040,7,Version,"Dependency Management — Singapore
Version
Version 1.0. Status: ACTIVE.",Software Engineering,Java Services,dependency management,migration_guide,SG,INTERNAL,"[""employee"", ""engineer"", ""tech_lead"", ""architect""]",[],1.0,ACTIVE,Backend Platform,servicenow,2024-07-19,3b3f0284a1d7
ENG-000057-C00,ENG-000057,ENG-MESSAGIN-00041,0,Schema Evolution — Australia,"Schema Evolution — Australia
Schema Evolution — Australia
# Schema Evolution — Australia",Software Engineering,Messaging,schema evolution,known_issue,AU,INTERNAL,"[""employee"", ""engineer"", ""tech_lead"", ""architect""]",[],1.1,ACTIVE,Data Platform,sharepoint,2026-09-23,d95982aa2857
ENG-000057-C01,ENG-000057,ENG-MESSAGIN-00041,1,Purpose,"Schema Evolution — Australia
Purpose
Teams must apply this guidance when working with schema evolution in production or employee-facing environments.",Software Engineering,Messaging,schema evolution,known_issue,AU,INTERNAL,"[""employee"", ""engineer"", ""tech_lead"", ""architect""]",[],1.1,ACTIVE,Data Platform,sharepoint,2026-09-23,242017dbb10e
ENG-000057-C02,ENG-000057,ENG-MESSAGIN-00041,2,Scope,"Schema Evolution — Australia
Scope
Archived versions remain available for audit purposes but must not be used for new decisions. This version applies to Australia.",Software Engineering,Messaging,schema evolution,known_issue,AU,INTERNAL,"[""employee"", ""engineer"", ""tech_lead"", ""architect""]",[],1.1,ACTIVE,Data Platform,sharepoint,2026-09-23,9ef8032e4a3b
ENG-000057-C03,ENG-000057,ENG-MESSAGIN-00041,3,Requirements,"Schema Evolution — Australia
Requirements
- Schema Evolution must follow the current approved policy and ownership model. - Operational evidence for schema evolution should be retained according to the applicable retention schedule. - Exceptions involving schema evolution require documented approval from the responsible owner. - Teams should use standard tooling and published procedures when working with schema evolution.",Software Engineering,Messaging,schema evolution,known_issue,AU,INTERNAL,"[""employee"", ""engineer"", ""tech_lead"", ""architect""]",[],1.1,ACTIVE,Data Platform,sharepoint,2026-09-23,a688b773082a
ENG-000057-C04,ENG-000057,ENG-MESSAGIN-00041,4,Controls,"Schema Evolution — Australia
Controls
Requests requiring elevated access must be approved by the designated owner and recorded in the enterprise service system.",Software Engineering,Messaging,schema evolution,known_issue,AU,INTERNAL,"[""employee"", ""engineer"", ""tech_lead"", ""architect""]",[],1.1,ACTIVE,Data Platform,sharepoint,2026-09-23,783ae621887e
ENG-000057-C05,ENG-000057,ENG-MESSAGIN-00041,5,Procedure,"Schema Evolution — Australia
Procedure
1. Confirm that the request concerns schema evolution.
2. Verify the relevant owner, country, environment, and current version.
3. Follow the approved workflow and capture evidence.
4. Escalate unresolved or exceptional cases to Data Platform.",Software Engineering,Messaging,schema evolution,known_issue,AU,INTERNAL,"[""employee"", ""engineer"", ""tech_lead"", ""architect""]",[],1.1,ACTIVE,Data Platform,sharepoint,2026-09-23,3e4e14003371
ENG-000057-C06,ENG-000057,ENG-MESSAGIN-00041,6,Validation,"Schema Evolution — Australia
Validation
Do not bypass required controls simply to shorten resolution time.",Software Engineering,Messaging,schema evolution,known_issue,AU,INTERNAL,"[""employee"", ""engineer"", ""tech_lead"", ""architect""]",[],1.1,ACTIVE,Data Platform,sharepoint,2026-09-23,37aa979dd17c
ENG-000057-C07,ENG-000057,ENG-MESSAGIN-00041,7,Version,"Schema Evolution — Australia
Version
Version 1.1. Status: ACTIVE.",Software Engineering,Messaging,schema evolution,known_issue,AU,INTERNAL,"[""employee"", ""engineer"", ""tech_lead"", ""architect""]",[],1.1,ACTIVE,Data Platform,sharepoint,2026-09-23,98a3ca654a4c
ENG-000058-C00,ENG-000058,ENG-TESTING-00042,0,Test Data — Global,"Test Data — Global
Test Data — Global
# Test Data — Global",Software Engineering,Testing,test data,technical_standard,GLOBAL,INTERNAL,"[""employee"", ""engineer"", ""tech_lead"", ""architect""]",[],1.4,ACTIVE,Backend Platform,confluence,2024-11-23,da213c597ab3
ENG-000058-C01,ENG-000058,ENG-TESTING-00042,1,Purpose,"Test Data — Global
Purpose
This document defines the approved operating model for test data within Northstar Digital Services.",Software Engineering,Testing,test data,technical_standard,GLOBAL,INTERNAL,"[""employee"", ""engineer"", ""tech_lead"", ""architect""]",[],1.4,ACTIVE,Backend Platform,confluence,2024-11-23,375eefd6573e
ENG-000058-C02,ENG-000058,ENG-TESTING-00042,2,Scope,"Test Data — Global
Scope
Archived versions remain available for audit purposes but must not be used for new decisions. This version is the global baseline; country-specific documents may impose additional requirements.",Software Engineering,Testing,test data,technical_standard,GLOBAL,INTERNAL,"[""employee"", ""engineer"", ""tech_lead"", ""architect""]",[],1.4,ACTIVE,Backend Platform,confluence,2024-11-23,e2be85d09c50
ENG-000058-C03,ENG-000058,ENG-TESTING-00042,3,Requirements,"Test Data — Global
Requirements
- Test Data must follow the current approved policy and ownership model. - Operational evidence for test data should be retained according to the applicable retention schedule. - Exceptions involving test data require documented approval from the responsible owner. - Teams should use standard tooling and published procedures when working with test data.",Software Engineering,Testing,test data,technical_standard,GLOBAL,INTERNAL,"[""employee"", ""engineer"", ""tech_lead"", ""architect""]",[],1.4,ACTIVE,Backend Platform,confluence,2024-11-23,d0020e51fc76
ENG-000058-C04,ENG-000058,ENG-TESTING-00042,4,Controls,"Test Data — Global
Controls
Sensitive information must follow the organisation's classification and least-privilege requirements.",Software Engineering,Testing,test data,technical_standard,GLOBAL,INTERNAL,"[""employee"", ""engineer"", ""tech_lead"", ""architect""]",[],1.4,ACTIVE,Backend Platform,confluence,2024-11-23,5dd3a41366c9
ENG-000058-C05,ENG-000058,ENG-TESTING-00042,5,Procedure,"Test Data — Global
Procedure
1. Confirm that the request concerns test data.
2. Verify the relevant owner, country, environment, and current version.
3. Follow the approved workflow and capture evidence.
4. Escalate unresolved or exceptional cases to Backend Platform.",Software Engineering,Testing,test data,technical_standard,GLOBAL,INTERNAL,"[""employee"", ""engineer"", ""tech_lead"", ""architect""]",[],1.4,ACTIVE,Backend Platform,confluence,2024-11-23,def4ee1c7dd9
ENG-000058-C06,ENG-000058,ENG-TESTING-00042,6,Validation,"Test Data — Global
Validation
If the procedure does not resolve the issue, escalate to the listed owner team with timestamps, identifiers, and evidence.",Software Engineering,Testing,test data,technical_standard,GLOBAL,INTERNAL,"[""employee"", ""engineer"", ""tech_lead"", ""architect""]",[],1.4,ACTIVE,Backend Platform,confluence,2024-11-23,61efcbfd4c9e
ENG-000058-C07,ENG-000058,ENG-TESTING-00042,7,Version,"Test Data — Global
Version
Version 1.4. Status: ACTIVE.",Software Engineering,Testing,test data,technical_standard,GLOBAL,INTERNAL,"[""employee"", ""engineer"", ""tech_lead"", ""architect""]",[],1.4,ACTIVE,Backend Platform,confluence,2024-11-23,36877077080a
ENG-000059-C00,ENG-000059,ENG-FRONTEND-00043,0,State Management — Global,"State Management — Global
State Management — Global
# State Management — Global",Software Engineering,Frontend,state management,migration_guide,GLOBAL,INTERNAL,"[""employee"", ""engineer"", ""tech_lead"", ""architect""]",[],1.3,ACTIVE,Backend Platform,hr_portal,2025-12-18,80efc3f4ae2a
ENG-000059-C01,ENG-000059,ENG-FRONTEND-00043,1,Purpose,"State Management — Global
Purpose
Teams must apply this guidance when working with state management in production or employee-facing environments.",Software Engineering,Frontend,state management,migration_guide,GLOBAL,INTERNAL,"[""employee"", ""engineer"", ""tech_lead"", ""architect""]",[],1.3,ACTIVE,Backend Platform,hr_portal,2025-12-18,b6bf042d372a
ENG-000059-C02,ENG-000059,ENG-FRONTEND-00043,2,Scope,"State Management — Global
Scope
It applies to employees, contractors, and managed service teams where the stated scope is relevant. This version is the global baseline; country-specific documents may impose additional requirements.",Software Engineering,Frontend,state management,migration_guide,GLOBAL,INTERNAL,"[""employee"", ""engineer"", ""tech_lead"", ""architect""]",[],1.3,ACTIVE,Backend Platform,hr_portal,2025-12-18,770cc59f1e33
ENG-000059-C03,ENG-000059,ENG-FRONTEND-00043,3,Requirements,"State Management — Global
Requirements
- State Management must follow the current approved policy and ownership model. - Operational evidence for state management should be retained according to the applicable retention schedule. - Exceptions involving state management require documented approval from the responsible owner. - Teams should use standard tooling and published procedures when working with state management.",Software Engineering,Frontend,state management,migration_guide,GLOBAL,INTERNAL,"[""employee"", ""engineer"", ""tech_lead"", ""architect""]",[],1.3,ACTIVE,Backend Platform,hr_portal,2025-12-18,326b25557564
ENG-000059-C04,ENG-000059,ENG-FRONTEND-00043,4,Controls,"State Management — Global
Controls
Sensitive information must follow the organisation's classification and least-privilege requirements.",Software Engineering,Frontend,state management,migration_guide,GLOBAL,INTERNAL,"[""employee"", ""engineer"", ""tech_lead"", ""architect""]",[],1.3,ACTIVE,Backend Platform,hr_portal,2025-12-18,551e8a4c2f27
ENG-000059-C05,ENG-000059,ENG-FRONTEND-00043,5,Procedure,"State Management — Global
Procedure
1. Confirm that the request concerns state management.
2. Verify the relevant owner, country, environment, and current version.
3. Follow the approved workflow and capture evidence.
4. Escalate unresolved or exceptional cases to Backend Platform.",Software Engineering,Frontend,state management,migration_guide,GLOBAL,INTERNAL,"[""employee"", ""engineer"", ""tech_lead"", ""architect""]",[],1.3,ACTIVE,Backend Platform,hr_portal,2025-12-18,f9822402b733
ENG-000059-C06,ENG-000059,ENG-FRONTEND-00043,6,Validation,"State Management — Global
Validation
If the procedure does not resolve the issue, escalate to the listed owner team with timestamps, identifiers, and evidence.",Software Engineering,Frontend,state management,migration_guide,GLOBAL,INTERNAL,"[""employee"", ""engineer"", ""tech_lead"", ""architect""]",[],1.3,ACTIVE,Backend Platform,hr_portal,2025-12-18,807aa2fb0bf9
ENG-000059-C07,ENG-000059,ENG-FRONTEND-00043,7,Version,"State Management — Global
Version
Version 1.3. Status: ACTIVE.",Software Engineering,Frontend,state management,migration_guide,GLOBAL,INTERNAL,"[""employee"", ""engineer"", ""tech_lead"", ""architect""]",[],1.3,ACTIVE,Backend Platform,hr_portal,2025-12-18,36837ec8baf7
ENG-000060-C00,ENG-000060,ENG-MESSAGIN-00044,0,Exactly-Once Semantics — Global,"Exactly-Once Semantics — Global
Exactly-Once Semantics — Global
# Exactly-Once Semantics — Global",Software Engineering,Messaging,exactly-once semantics,design_note,GLOBAL,EMPLOYEE,"[""employee"", ""engineer"", ""tech_lead"", ""architect""]",[],1.2,DRAFT,Backend Platform,confluence,2024-10-29,f4cb135295f9
ENG-000060-C01,ENG-000060,ENG-MESSAGIN-00044,1,Purpose,"Exactly-Once Semantics — Global
Purpose
Teams must apply this guidance when working with exactly-once semantics in production or employee-facing environments.",Software Engineering,Messaging,exactly-once semantics,design_note,GLOBAL,EMPLOYEE,"[""employee"", ""engineer"", ""tech_lead"", ""architect""]",[],1.2,DRAFT,Backend Platform,confluence,2024-10-29,c8b78141db95
ENG-000060-C02,ENG-000060,ENG-MESSAGIN-00044,2,Scope,"Exactly-Once Semantics — Global
Scope
Country-specific and role-specific exceptions override the global baseline only when explicitly documented. This version is the global baseline; country-specific documents may impose additional requirements.",Software Engineering,Messaging,exactly-once semantics,design_note,GLOBAL,EMPLOYEE,"[""employee"", ""engineer"", ""tech_lead"", ""architect""]",[],1.2,DRAFT,Backend Platform,confluence,2024-10-29,2d02cc83d297
ENG-000060-C03,ENG-000060,ENG-MESSAGIN-00044,3,Requirements,"Exactly-Once Semantics — Global
Requirements
- Exactly-Once Semantics must follow the current approved policy and ownership model. - Operational evidence for exactly-once semantics should be retained according to the applicable retention schedule. - Exceptions involving exactly-once semantics require documented approval from the responsible owner. - Teams should use standard tooling and published procedures when working with exactly-once semantics.",Software Engineering,Messaging,exactly-once semantics,design_note,GLOBAL,EMPLOYEE,"[""employee"", ""engineer"", ""tech_lead"", ""architect""]",[],1.2,DRAFT,Backend Platform,confluence,2024-10-29,a30fb8ce369f
ENG-000060-C04,ENG-000060,ENG-MESSAGIN-00044,4,Controls,"Exactly-Once Semantics — Global
Controls
Sensitive information must follow the organisation's classification and least-privilege requirements.",Software Engineering,Messaging,exactly-once semantics,design_note,GLOBAL,EMPLOYEE,"[""employee"", ""engineer"", ""tech_lead"", ""architect""]",[],1.2,DRAFT,Backend Platform,confluence,2024-10-29,7b2f5f660066
ENG-000060-C05,ENG-000060,ENG-MESSAGIN-00044,5,Procedure,"Exactly-Once Semantics — Global
Procedure
1. Confirm that the request concerns exactly-once semantics.
2. Verify the relevant owner, country, environment, and current version.
3. Follow the approved workflow and capture evidence.
4. Escalate unresolved or exceptional cases to Backend Platform.",Software Engineering,Messaging,exactly-once semantics,design_note,GLOBAL,EMPLOYEE,"[""employee"", ""engineer"", ""tech_lead"", ""architect""]",[],1.2,DRAFT,Backend Platform,confluence,2024-10-29,e2b8deb9d009
ENG-000060-C06,ENG-000060,ENG-MESSAGIN-00044,6,Validation,"Exactly-Once Semantics — Global
Validation
If the procedure does not resolve the issue, escalate to the listed owner team with timestamps, identifiers, and evidence.",Software Engineering,Messaging,exactly-once semantics,design_note,GLOBAL,EMPLOYEE,"[""employee"", ""engineer"", ""tech_lead"", ""architect""]",[],1.2,DRAFT,Backend Platform,confluence,2024-10-29,115c6d2257c8
ENG-000060-C07,ENG-000060,ENG-MESSAGIN-00044,7,Version,"Exactly-Once Semantics — Global
Version
Version 1.2. Status: DRAFT.  This document is a draft and must not be treated as an approved source of policy.",Software Engineering,Messaging,exactly-once semantics,design_note,GLOBAL,EMPLOYEE,"[""employee"", ""engineer"", ""tech_lead"", ""architect""]",[],1.2,DRAFT,Backend Platform,confluence,2024-10-29,cfab27bfc64a
ENG-000061-C00,ENG-000061,ENG-JAVA-SER-00045,0,Jvm Tuning — Global,"Jvm Tuning — Global
Jvm Tuning — Global
# Jvm Tuning — Global",Software Engineering,Java Services,JVM tuning,coding_standard,GLOBAL,INTERNAL,"[""employee"", ""engineer"", ""tech_lead"", ""architect""]",[],1.0,DRAFT,Data Platform,hr_portal,2025-12-22,86f7642c1c2c
ENG-000061-C01,ENG-000061,ENG-JAVA-SER-00045,1,Purpose,"Jvm Tuning — Global
Purpose
This document defines the approved operating model for JVM tuning within Northstar Digital Services.",Software Engineering,Java Services,JVM tuning,coding_standard,GLOBAL,INTERNAL,"[""employee"", ""engineer"", ""tech_lead"", ""architect""]",[],1.0,DRAFT,Data Platform,hr_portal,2025-12-22,f0de65456abf
ENG-000061-C02,ENG-000061,ENG-JAVA-SER-00045,2,Scope,"Jvm Tuning — Global
Scope
Archived versions remain available for audit purposes but must not be used for new decisions. This version is the global baseline; country-specific documents may impose additional requirements.",Software Engineering,Java Services,JVM tuning,coding_standard,GLOBAL,INTERNAL,"[""employee"", ""engineer"", ""tech_lead"", ""architect""]",[],1.0,DRAFT,Data Platform,hr_portal,2025-12-22,3a5b51ff009d
ENG-000061-C03,ENG-000061,ENG-JAVA-SER-00045,3,Requirements,"Jvm Tuning — Global
Requirements
- Jvm Tuning must follow the current approved policy and ownership model. - Operational evidence for JVM tuning should be retained according to the applicable retention schedule. - Exceptions involving JVM tuning require documented approval from the responsible owner. - Teams should use standard tooling and published procedures when working with JVM tuning.",Software Engineering,Java Services,JVM tuning,coding_standard,GLOBAL,INTERNAL,"[""employee"", ""engineer"", ""tech_lead"", ""architect""]",[],1.0,DRAFT,Data Platform,hr_portal,2025-12-22,dad9a1164f92
ENG-000061-C04,ENG-000061,ENG-JAVA-SER-00045,4,Controls,"Jvm Tuning — Global
Controls
Requests requiring elevated access must be approved by the designated owner and recorded in the enterprise service system.",Software Engineering,Java Services,JVM tuning,coding_standard,GLOBAL,INTERNAL,"[""employee"", ""engineer"", ""tech_lead"", ""architect""]",[],1.0,DRAFT,Data Platform,hr_portal,2025-12-22,803cddee60d3
ENG-000061-C05,ENG-000061,ENG-JAVA-SER-00045,5,Procedure,"Jvm Tuning — Global
Procedure
1. Confirm that the request concerns JVM tuning.
2. Verify the relevant owner, country, environment, and current version.
3. Follow the approved workflow and capture evidence.
4. Escalate unresolved or exceptional cases to Data Platform.",Software Engineering,Java Services,JVM tuning,coding_standard,GLOBAL,INTERNAL,"[""employee"", ""engineer"", ""tech_lead"", ""architect""]",[],1.0,DRAFT,Data Platform,hr_portal,2025-12-22,e0870acc7e85
ENG-000061-C06,ENG-000061,ENG-JAVA-SER-00045,6,Validation,"Jvm Tuning — Global
Validation
Do not bypass required controls simply to shorten resolution time.",Software Engineering,Java Services,JVM tuning,coding_standard,GLOBAL,INTERNAL,"[""employee"", ""engineer"", ""tech_lead"", ""architect""]",[],1.0,DRAFT,Data Platform,hr_portal,2025-12-22,1dd6efcb2c96
ENG-000061-C07,ENG-000061,ENG-JAVA-SER-00045,7,Version,"Jvm Tuning — Global
Version
Version 1.0. Status: DRAFT.  This document is a draft and must not be treated as an approved source of policy.",Software Engineering,Java Services,JVM tuning,coding_standard,GLOBAL,INTERNAL,"[""employee"", ""engineer"", ""tech_lead"", ""architect""]",[],1.0,DRAFT,Data Platform,hr_portal,2025-12-22,b4dc366edd76
ENG-000062-C00,ENG-000062,ENG-APIS-00046,0,Openapi Contracts — United Kingdom,"Openapi Contracts — United Kingdom
Openapi Contracts — United Kingdom
# Openapi Contracts — United Kingdom",Software Engineering,APIs,OpenAPI contracts,api_guide,UK,INTERNAL,"[""employee"", ""engineer"", ""tech_lead"", ""architect""]",[],1.3,ACTIVE,Architecture Guild,google_drive,2023-12-08,709abda4dc55
ENG-000062-C01,ENG-000062,ENG-APIS-00046,1,Purpose,"Openapi Contracts — United Kingdom
Purpose
Teams must apply this guidance when working with OpenAPI contracts in production or employee-facing environments.",Software Engineering,APIs,OpenAPI contracts,api_guide,UK,INTERNAL,"[""employee"", ""engineer"", ""tech_lead"", ""architect""]",[],1.3,ACTIVE,Architecture Guild,google_drive,2023-12-08,bbe8b01985a6
ENG-000062-C02,ENG-000062,ENG-APIS-00046,2,Scope,"Openapi Contracts — United Kingdom
Scope
Archived versions remain available for audit purposes but must not be used for new decisions. This version applies to United Kingdom.",Software Engineering,APIs,OpenAPI contracts,api_guide,UK,INTERNAL,"[""employee"", ""engineer"", ""tech_lead"", ""architect""]",[],1.3,ACTIVE,Architecture Guild,google_drive,2023-12-08,61fea10acd12
ENG-000062-C03,ENG-000062,ENG-APIS-00046,3,Requirements,"Openapi Contracts — United Kingdom
Requirements
- Openapi Contracts must follow the current approved policy and ownership model. - Operational evidence for OpenAPI contracts should be retained according to the applicable retention schedule. - Exceptions involving OpenAPI contracts require documented approval from the responsible owner. - Teams should use standard tooling and published procedures when working with OpenAPI contracts.",Software Engineering,APIs,OpenAPI contracts,api_guide,UK,INTERNAL,"[""employee"", ""engineer"", ""tech_lead"", ""architect""]",[],1.3,ACTIVE,Architecture Guild,google_drive,2023-12-08,ec4c9c450153
ENG-000062-C04,ENG-000062,ENG-APIS-00046,4,Controls,"Openapi Contracts — United Kingdom
Controls
Changes affecting production require peer review, traceable evidence, and rollback instructions.",Software Engineering,APIs,OpenAPI contracts,api_guide,UK,INTERNAL,"[""employee"", ""engineer"", ""tech_lead"", ""architect""]",[],1.3,ACTIVE,Architecture Guild,google_drive,2023-12-08,c8c25bbf3e35
ENG-000062-C05,ENG-000062,ENG-APIS-00046,5,Procedure,"Openapi Contracts — United Kingdom
Procedure
1. Confirm that the request concerns OpenAPI contracts.
2. Verify the relevant owner, country, environment, and current version.
3. Follow the approved workflow and capture evidence.
4. Escalate unresolved or exceptional cases to Architecture Guild.",Software Engineering,APIs,OpenAPI contracts,api_guide,UK,INTERNAL,"[""employee"", ""engineer"", ""tech_lead"", ""architect""]",[],1.3,ACTIVE,Architecture Guild,google_drive,2023-12-08,0f54bc6d60d2
ENG-000062-C06,ENG-000062,ENG-APIS-00046,6,Validation,"Openapi Contracts — United Kingdom
Validation
Verify the current document version before acting.",Software Engineering,APIs,OpenAPI contracts,api_guide,UK,INTERNAL,"[""employee"", ""engineer"", ""tech_lead"", ""architect""]",[],1.3,ACTIVE,Architecture Guild,google_drive,2023-12-08,5ab34af85ec9
ENG-000062-C07,ENG-000062,ENG-APIS-00046,7,Version,"Openapi Contracts — United Kingdom
Version
Version 1.3. Status: ACTIVE.",Software Engineering,APIs,OpenAPI contracts,api_guide,UK,INTERNAL,"[""employee"", ""engineer"", ""tech_lead"", ""architect""]",[],1.3,ACTIVE,Architecture Guild,google_drive,2023-12-08,68cca51f1171
ENG-000063-C00,ENG-000063,ENG-MESSAGIN-00047,0,Consumer Retries — Singapore,"Consumer Retries — Singapore
Consumer Retries — Singapore
# Consumer Retries — Singapore",Software Engineering,Messaging,consumer retries,api_guide,SG,INTERNAL,"[""employee"", ""engineer"", ""tech_lead"", ""architect""]",[],1.1,ACTIVE,Developer Experience,google_drive,2025-01-23,de2c01109814
ENG-000063-C01,ENG-000063,ENG-MESSAGIN-00047,1,Purpose,"Consumer Retries — Singapore
Purpose
The standard exists to reduce inconsistent implementation, avoid repeated support effort, and provide an auditable source of truth.",Software Engineering,Messaging,consumer retries,api_guide,SG,INTERNAL,"[""employee"", ""engineer"", ""tech_lead"", ""architect""]",[],1.1,ACTIVE,Developer Experience,google_drive,2025-01-23,46cfc81c1940
ENG-000063-C02,ENG-000063,ENG-MESSAGIN-00047,2,Scope,"Consumer Retries — Singapore
Scope
Country-specific and role-specific exceptions override the global baseline only when explicitly documented. This version applies to Singapore.",Software Engineering,Messaging,consumer retries,api_guide,SG,INTERNAL,"[""employee"", ""engineer"", ""tech_lead"", ""architect""]",[],1.1,ACTIVE,Developer Experience,google_drive,2025-01-23,36fe0f34bee0
ENG-000063-C03,ENG-000063,ENG-MESSAGIN-00047,3,Requirements,"Consumer Retries — Singapore
Requirements
- Consumer Retries must follow the current approved policy and ownership model. - Operational evidence for consumer retries should be retained according to the applicable retention schedule. - Exceptions involving consumer retries require documented approval from the responsible owner. - Teams should use standard tooling and published procedures when working with consumer retries.",Software Engineering,Messaging,consumer retries,api_guide,SG,INTERNAL,"[""employee"", ""engineer"", ""tech_lead"", ""architect""]",[],1.1,ACTIVE,Developer Experience,google_drive,2025-01-23,db5e223eab2e
ENG-000063-C04,ENG-000063,ENG-MESSAGIN-00047,4,Controls,"Consumer Retries — Singapore
Controls
Requests requiring elevated access must be approved by the designated owner and recorded in the enterprise service system.",Software Engineering,Messaging,consumer retries,api_guide,SG,INTERNAL,"[""employee"", ""engineer"", ""tech_lead"", ""architect""]",[],1.1,ACTIVE,Developer Experience,google_drive,2025-01-23,f5e4d7876fb0
ENG-000063-C05,ENG-000063,ENG-MESSAGIN-00047,5,Procedure,"Consumer Retries — Singapore
Procedure
1. Confirm that the request concerns consumer retries.
2. Verify the relevant owner, country, environment, and current version.
3. Follow the approved workflow and capture evidence.
4. Escalate unresolved or exceptional cases to Developer Experience.",Software Engineering,Messaging,consumer retries,api_guide,SG,INTERNAL,"[""employee"", ""engineer"", ""tech_lead"", ""architect""]",[],1.1,ACTIVE,Developer Experience,google_drive,2025-01-23,5892ee7176e8
ENG-000063-C06,ENG-000063,ENG-MESSAGIN-00047,6,Validation,"Consumer Retries — Singapore
Validation
Verify the current document version before acting.",Software Engineering,Messaging,consumer retries,api_guide,SG,INTERNAL,"[""employee"", ""engineer"", ""tech_lead"", ""architect""]",[],1.1,ACTIVE,Developer Experience,google_drive,2025-01-23,a506420ab1e1
ENG-000063-C07,ENG-000063,ENG-MESSAGIN-00047,7,Version,"Consumer Retries — Singapore
Version
Version 1.1. Status: ACTIVE.",Software Engineering,Messaging,consumer retries,api_guide,SG,INTERNAL,"[""employee"", ""engineer"", ""tech_lead"", ""architect""]",[],1.1,ACTIVE,Developer Experience,google_drive,2025-01-23,7c9253967f05
ENG-000064-C00,ENG-000064,ENG-ARCHITEC-00048,0,Backpressure — Global,"Backpressure — Global
Backpressure — Global
# Backpressure — Global",Software Engineering,Architecture,backpressure,known_issue,GLOBAL,INTERNAL,"[""employee"", ""engineer"", ""tech_lead"", ""architect""]",[],1.1,ACTIVE,Data Platform,google_drive,2024-11-19,250b5e4ee397
ENG-000064-C01,ENG-000064,ENG-ARCHITEC-00048,1,Purpose,"Backpressure — Global
Purpose
This document defines the approved operating model for backpressure within Northstar Digital Services.",Software Engineering,Architecture,backpressure,known_issue,GLOBAL,INTERNAL,"[""employee"", ""engineer"", ""tech_lead"", ""architect""]",[],1.1,ACTIVE,Data Platform,google_drive,2024-11-19,612e9d5abc01
ENG-000064-C02,ENG-000064,ENG-ARCHITEC-00048,2,Scope,"Backpressure — Global
Scope
It applies to employees, contractors, and managed service teams where the stated scope is relevant. This version is the global baseline; country-specific documents may impose additional requirements.",Software Engineering,Architecture,backpressure,known_issue,GLOBAL,INTERNAL,"[""employee"", ""engineer"", ""tech_lead"", ""architect""]",[],1.1,ACTIVE,Data Platform,google_drive,2024-11-19,3f6f1c05bdd0
ENG-000064-C03,ENG-000064,ENG-ARCHITEC-00048,3,Requirements,"Backpressure — Global
Requirements
- Backpressure must follow the current approved policy and ownership model. - Operational evidence for backpressure should be retained according to the applicable retention schedule. - Exceptions involving backpressure require documented approval from the responsible owner. - Teams should use standard tooling and published procedures when working with backpressure.",Software Engineering,Architecture,backpressure,known_issue,GLOBAL,INTERNAL,"[""employee"", ""engineer"", ""tech_lead"", ""architect""]",[],1.1,ACTIVE,Data Platform,google_drive,2024-11-19,5cd31c010963
ENG-000064-C04,ENG-000064,ENG-ARCHITEC-00048,4,Controls,"Backpressure — Global
Controls
Changes affecting production require peer review, traceable evidence, and rollback instructions.",Software Engineering,Architecture,backpressure,known_issue,GLOBAL,INTERNAL,"[""employee"", ""engineer"", ""tech_lead"", ""architect""]",[],1.1,ACTIVE,Data Platform,google_drive,2024-11-19,dae31e63039d
ENG-000064-C05,ENG-000064,ENG-ARCHITEC-00048,5,Procedure,"Backpressure — Global
Procedure
1. Confirm that the request concerns backpressure.
2. Verify the relevant owner, country, environment, and current version.
3. Follow the approved workflow and capture evidence.
4. Escalate unresolved or exceptional cases to Data Platform.",Software Engineering,Architecture,backpressure,known_issue,GLOBAL,INTERNAL,"[""employee"", ""engineer"", ""tech_lead"", ""architect""]",[],1.1,ACTIVE,Data Platform,google_drive,2024-11-19,bf07fa27cca9
ENG-000064-C06,ENG-000064,ENG-ARCHITEC-00048,6,Validation,"Backpressure — Global
Validation
Verify the current document version before acting.",Software Engineering,Architecture,backpressure,known_issue,GLOBAL,INTERNAL,"[""employee"", ""engineer"", ""tech_lead"", ""architect""]",[],1.1,ACTIVE,Data Platform,google_drive,2024-11-19,5c873c6698fe
ENG-000064-C07,ENG-000064,ENG-ARCHITEC-00048,7,Version,"Backpressure — Global
Version
Version 1.1. Status: ACTIVE.",Software Engineering,Architecture,backpressure,known_issue,GLOBAL,INTERNAL,"[""employee"", ""engineer"", ""tech_lead"", ""architect""]",[],1.1,ACTIVE,Data Platform,google_drive,2024-11-19,aa019feb6e87
ENG-000065-C00,ENG-000065,ENG-TESTING-00049,0,Unit Testing — Global,"Unit Testing — Global
Unit Testing — Global
# Unit Testing — Global",Software Engineering,Testing,unit testing,api_guide,GLOBAL,INTERNAL,"[""employee"", ""engineer"", ""tech_lead"", ""architect""]",[],1.4,ACTIVE,Architecture Guild,hr_portal,2024-04-16,3d29a5a04edd
ENG-000065-C01,ENG-000065,ENG-TESTING-00049,1,Purpose,"Unit Testing — Global
Purpose
Teams must apply this guidance when working with unit testing in production or employee-facing environments.",Software Engineering,Testing,unit testing,api_guide,GLOBAL,INTERNAL,"[""employee"", ""engineer"", ""tech_lead"", ""architect""]",[],1.4,ACTIVE,Architecture Guild,hr_portal,2024-04-16,235f1817fd5e
ENG-000065-C02,ENG-000065,ENG-TESTING-00049,2,Scope,"Unit Testing — Global
Scope
Country-specific and role-specific exceptions override the global baseline only when explicitly documented. This version is the global baseline; country-specific documents may impose additional requirements.",Software Engineering,Testing,unit testing,api_guide,GLOBAL,INTERNAL,"[""employee"", ""engineer"", ""tech_lead"", ""architect""]",[],1.4,ACTIVE,Architecture Guild,hr_portal,2024-04-16,a7225434317f
ENG-000065-C03,ENG-000065,ENG-TESTING-00049,3,Requirements,"Unit Testing — Global
Requirements
- Unit Testing must follow the current approved policy and ownership model. - Operational evidence for unit testing should be retained according to the applicable retention schedule. - Exceptions involving unit testing require documented approval from the responsible owner. - Teams should use standard tooling and published procedures when working with unit testing.",Software Engineering,Testing,unit testing,api_guide,GLOBAL,INTERNAL,"[""employee"", ""engineer"", ""tech_lead"", ""architect""]",[],1.4,ACTIVE,Architecture Guild,hr_portal,2024-04-16,2032c5a4a927
ENG-000065-C04,ENG-000065,ENG-TESTING-00049,4,Controls,"Unit Testing — Global
Controls
Requests requiring elevated access must be approved by the designated owner and recorded in the enterprise service system.",Software Engineering,Testing,unit testing,api_guide,GLOBAL,INTERNAL,"[""employee"", ""engineer"", ""tech_lead"", ""architect""]",[],1.4,ACTIVE,Architecture Guild,hr_portal,2024-04-16,57ac44446ae6
ENG-000065-C05,ENG-000065,ENG-TESTING-00049,5,Procedure,"Unit Testing — Global
Procedure
1. Confirm that the request concerns unit testing.
2. Verify the relevant owner, country, environment, and current version.
3. Follow the approved workflow and capture evidence.
4. Escalate unresolved or exceptional cases to Architecture Guild.",Software Engineering,Testing,unit testing,api_guide,GLOBAL,INTERNAL,"[""employee"", ""engineer"", ""tech_lead"", ""architect""]",[],1.4,ACTIVE,Architecture Guild,hr_portal,2024-04-16,fcb85c6e9f64
ENG-000065-C06,ENG-000065,ENG-TESTING-00049,6,Validation,"Unit Testing — Global
Validation
If the procedure does not resolve the issue, escalate to the listed owner team with timestamps, identifiers, and evidence.",Software Engineering,Testing,unit testing,api_guide,GLOBAL,INTERNAL,"[""employee"", ""engineer"", ""tech_lead"", ""architect""]",[],1.4,ACTIVE,Architecture Guild,hr_portal,2024-04-16,e246e534040e
ENG-000065-C07,ENG-000065,ENG-TESTING-00049,7,Version,"Unit Testing — Global
Version
Version 1.4. Status: ACTIVE.",Software Engineering,Testing,unit testing,api_guide,GLOBAL,INTERNAL,"[""employee"", ""engineer"", ""tech_lead"", ""architect""]",[],1.4,ACTIVE,Architecture Guild,hr_portal,2024-04-16,63887186a2c1
ENG-000066-C00,ENG-000066,ENG-ARCHITEC-00050,0,Adr Process — Global v1.3,"Adr Process — Global v1.3
Adr Process — Global v1.3
# Adr Process — Global v1.3",Software Engineering,Architecture,ADR process,architecture_decision_record,GLOBAL,INTERNAL,"[""employee"", ""engineer"", ""tech_lead"", ""architect""]",[],1.3,ARCHIVED,Architecture Guild,confluence,2025-09-11,5f05ace13676
ENG-000066-C01,ENG-000066,ENG-ARCHITEC-00050,1,Purpose,"Adr Process — Global v1.3
Purpose
This document defines the approved operating model for ADR process within Northstar Digital Services.",Software Engineering,Architecture,ADR process,architecture_decision_record,GLOBAL,INTERNAL,"[""employee"", ""engineer"", ""tech_lead"", ""architect""]",[],1.3,ARCHIVED,Architecture Guild,confluence,2025-09-11,885a5a43354d
ENG-000066-C02,ENG-000066,ENG-ARCHITEC-00050,2,Scope,"Adr Process — Global v1.3
Scope
Country-specific and role-specific exceptions override the global baseline only when explicitly documented. This version is the global baseline; country-specific documents may impose additional requirements.",Software Engineering,Architecture,ADR process,architecture_decision_record,GLOBAL,INTERNAL,"[""employee"", ""engineer"", ""tech_lead"", ""architect""]",[],1.3,ARCHIVED,Architecture Guild,confluence,2025-09-11,f438534882b2
ENG-000066-C03,ENG-000066,ENG-ARCHITEC-00050,3,Requirements,"Adr Process — Global v1.3
Requirements
- Adr Process must follow the current approved policy and ownership model. - Operational evidence for ADR process should be retained according to the applicable retention schedule. - Exceptions involving ADR process require documented approval from the responsible owner. - Teams should use standard tooling and published procedures when working with ADR process.",Software Engineering,Architecture,ADR process,architecture_decision_record,GLOBAL,INTERNAL,"[""employee"", ""engineer"", ""tech_lead"", ""architect""]",[],1.3,ARCHIVED,Architecture Guild,confluence,2025-09-11,8ecfda5e4711
ENG-000066-C04,ENG-000066,ENG-ARCHITEC-00050,4,Controls,"Adr Process — Global v1.3
Controls
Requests requiring elevated access must be approved by the designated owner and recorded in the enterprise service system.",Software Engineering,Architecture,ADR process,architecture_decision_record,GLOBAL,INTERNAL,"[""employee"", ""engineer"", ""tech_lead"", ""architect""]",[],1.3,ARCHIVED,Architecture Guild,confluence,2025-09-11,5f2d334b167f
ENG-000066-C05,ENG-000066,ENG-ARCHITEC-00050,5,Procedure,"Adr Process — Global v1.3
Procedure
1. Confirm that the request concerns ADR process.
2. Verify the relevant owner, country, environment, and current version.
3. Follow the approved workflow and capture evidence.
4. Escalate unresolved or exceptional cases to Architecture Guild.",Software Engineering,Architecture,ADR process,architecture_decision_record,GLOBAL,INTERNAL,"[""employee"", ""engineer"", ""tech_lead"", ""architect""]",[],1.3,ARCHIVED,Architecture Guild,confluence,2025-09-11,b53175b1cd66
ENG-000066-C06,ENG-000066,ENG-ARCHITEC-00050,6,Validation,"Adr Process — Global v1.3
Validation
Do not bypass required controls simply to shorten resolution time.",Software Engineering,Architecture,ADR process,architecture_decision_record,GLOBAL,INTERNAL,"[""employee"", ""engineer"", ""tech_lead"", ""architect""]",[],1.3,ARCHIVED,Architecture Guild,confluence,2025-09-11,25c70040616f
ENG-000066-C07,ENG-000066,ENG-ARCHITEC-00050,7,Version,"Adr Process — Global v1.3
Version
Version 1.3. Status: ARCHIVED. This document is archived and retained only for historical reference.",Software Engineering,Architecture,ADR process,architecture_decision_record,GLOBAL,INTERNAL,"[""employee"", ""engineer"", ""tech_lead"", ""architect""]",[],1.3,ARCHIVED,Architecture Guild,confluence,2025-09-11,c11665a73af7
ENG-000067-C00,ENG-000067,ENG-ARCHITEC-00050,0,Adr Process — Global v2.4,"Adr Process — Global v2.4
Adr Process — Global v2.4
# Adr Process — Global v2.4",Software Engineering,Architecture,ADR process,architecture_decision_record,GLOBAL,INTERNAL,"[""employee"", ""engineer"", ""tech_lead"", ""architect""]",[],2.4,ARCHIVED,Architecture Guild,servicenow,2024-08-01,61be2ab5030a
ENG-000067-C01,ENG-000067,ENG-ARCHITEC-00050,1,Purpose,"Adr Process — Global v2.4
Purpose
The standard exists to reduce inconsistent implementation, avoid repeated support effort, and provide an auditable source of truth.",Software Engineering,Architecture,ADR process,architecture_decision_record,GLOBAL,INTERNAL,"[""employee"", ""engineer"", ""tech_lead"", ""architect""]",[],2.4,ARCHIVED,Architecture Guild,servicenow,2024-08-01,2c8650a5a2a3
ENG-000067-C02,ENG-000067,ENG-ARCHITEC-00050,2,Scope,"Adr Process — Global v2.4
Scope
Country-specific and role-specific exceptions override the global baseline only when explicitly documented. This version is the global baseline; country-specific documents may impose additional requirements.",Software Engineering,Architecture,ADR process,architecture_decision_record,GLOBAL,INTERNAL,"[""employee"", ""engineer"", ""tech_lead"", ""architect""]",[],2.4,ARCHIVED,Architecture Guild,servicenow,2024-08-01,8473becad90a
ENG-000067-C03,ENG-000067,ENG-ARCHITEC-00050,3,Requirements,"Adr Process — Global v2.4
Requirements
- Adr Process must follow the current approved policy and ownership model. - Operational evidence for ADR process should be retained according to the applicable retention schedule. - Exceptions involving ADR process require documented approval from the responsible owner. - Teams should use standard tooling and published procedures when working with ADR process.",Software Engineering,Architecture,ADR process,architecture_decision_record,GLOBAL,INTERNAL,"[""employee"", ""engineer"", ""tech_lead"", ""architect""]",[],2.4,ARCHIVED,Architecture Guild,servicenow,2024-08-01,9f8e8f788bc4
ENG-000067-C04,ENG-000067,ENG-ARCHITEC-00050,4,Controls,"Adr Process — Global v2.4
Controls
Requests requiring elevated access must be approved by the designated owner and recorded in the enterprise service system.",Software Engineering,Architecture,ADR process,architecture_decision_record,GLOBAL,INTERNAL,"[""employee"", ""engineer"", ""tech_lead"", ""architect""]",[],2.4,ARCHIVED,Architecture Guild,servicenow,2024-08-01,e49e92b3e0c9
ENG-000067-C05,ENG-000067,ENG-ARCHITEC-00050,5,Procedure,"Adr Process — Global v2.4
Procedure
1. Confirm that the request concerns ADR process.
2. Verify the relevant owner, country, environment, and current version.
3. Follow the approved workflow and capture evidence.
4. Escalate unresolved or exceptional cases to Architecture Guild.",Software Engineering,Architecture,ADR process,architecture_decision_record,GLOBAL,INTERNAL,"[""employee"", ""engineer"", ""tech_lead"", ""architect""]",[],2.4,ARCHIVED,Architecture Guild,servicenow,2024-08-01,383a5acb89c2
ENG-000067-C06,ENG-000067,ENG-ARCHITEC-00050,6,Validation,"Adr Process — Global v2.4
Validation
If the procedure does not resolve the issue, escalate to the listed owner team with timestamps, identifiers, and evidence.",Software Engineering,Architecture,ADR process,architecture_decision_record,GLOBAL,INTERNAL,"[""employee"", ""engineer"", ""tech_lead"", ""architect""]",[],2.4,ARCHIVED,Architecture Guild,servicenow,2024-08-01,86eb7d1cfd3b
ENG-000067-C07,ENG-000067,ENG-ARCHITEC-00050,7,Version,"Adr Process — Global v2.4
Version
Version 2.4. Status: ARCHIVED. This document is archived and retained only for historical reference.",Software Engineering,Architecture,ADR process,architecture_decision_record,GLOBAL,INTERNAL,"[""employee"", ""engineer"", ""tech_lead"", ""architect""]",[],2.4,ARCHIVED,Architecture Guild,servicenow,2024-08-01,ecc3ba5f3582
ENG-000068-C00,ENG-000068,ENG-ARCHITEC-00050,0,Adr Process — Global v3.2,"Adr Process — Global v3.2
Adr Process — Global v3.2
# Adr Process — Global v3.2",Software Engineering,Architecture,ADR process,architecture_decision_record,GLOBAL,EMPLOYEE,"[""employee"", ""engineer"", ""tech_lead"", ""architect""]",[],3.2,ACTIVE,Architecture Guild,confluence,2026-01-03,e2ef078d2a12
ENG-000068-C01,ENG-000068,ENG-ARCHITEC-00050,1,Purpose,"Adr Process — Global v3.2
Purpose
The standard exists to reduce inconsistent implementation, avoid repeated support effort, and provide an auditable source of truth.",Software Engineering,Architecture,ADR process,architecture_decision_record,GLOBAL,EMPLOYEE,"[""employee"", ""engineer"", ""tech_lead"", ""architect""]",[],3.2,ACTIVE,Architecture Guild,confluence,2026-01-03,78b0d263c974
ENG-000068-C02,ENG-000068,ENG-ARCHITEC-00050,2,Scope,"Adr Process — Global v3.2
Scope
Archived versions remain available for audit purposes but must not be used for new decisions. This version is the global baseline; country-specific documents may impose additional requirements.",Software Engineering,Architecture,ADR process,architecture_decision_record,GLOBAL,EMPLOYEE,"[""employee"", ""engineer"", ""tech_lead"", ""architect""]",[],3.2,ACTIVE,Architecture Guild,confluence,2026-01-03,ea1931812bde
ENG-000068-C03,ENG-000068,ENG-ARCHITEC-00050,3,Requirements,"Adr Process — Global v3.2
Requirements
- Adr Process must follow the current approved policy and ownership model. - Operational evidence for ADR process should be retained according to the applicable retention schedule. - Exceptions involving ADR process require documented approval from the responsible owner. - Teams should use standard tooling and published procedures when working with ADR process.",Software Engineering,Architecture,ADR process,architecture_decision_record,GLOBAL,EMPLOYEE,"[""employee"", ""engineer"", ""tech_lead"", ""architect""]",[],3.2,ACTIVE,Architecture Guild,confluence,2026-01-03,afd9e801a1ee
ENG-000068-C04,ENG-000068,ENG-ARCHITEC-00050,4,Controls,"Adr Process — Global v3.2
Controls
Changes affecting production require peer review, traceable evidence, and rollback instructions.",Software Engineering,Architecture,ADR process,architecture_decision_record,GLOBAL,EMPLOYEE,"[""employee"", ""engineer"", ""tech_lead"", ""architect""]",[],3.2,ACTIVE,Architecture Guild,confluence,2026-01-03,422b9669d271
ENG-000068-C05,ENG-000068,ENG-ARCHITEC-00050,5,Procedure,"Adr Process — Global v3.2
Procedure
1. Confirm that the request concerns ADR process.
2. Verify the relevant owner, country, environment, and current version.
3. Follow the approved workflow and capture evidence.
4. Escalate unresolved or exceptional cases to Architecture Guild.",Software Engineering,Architecture,ADR process,architecture_decision_record,GLOBAL,EMPLOYEE,"[""employee"", ""engineer"", ""tech_lead"", ""architect""]",[],3.2,ACTIVE,Architecture Guild,confluence,2026-01-03,5cf0d8ef1d5e
ENG-000068-C06,ENG-000068,ENG-ARCHITEC-00050,6,Validation,"Adr Process — Global v3.2
Validation
If the procedure does not resolve the issue, escalate to the listed owner team with timestamps, identifiers, and evidence.",Software Engineering,Architecture,ADR process,architecture_decision_record,GLOBAL,EMPLOYEE,"[""employee"", ""engineer"", ""tech_lead"", ""architect""]",[],3.2,ACTIVE,Architecture Guild,confluence,2026-01-03,0f6757d8c81f
ENG-000068-C07,ENG-000068,ENG-ARCHITEC-00050,7,Version,"Adr Process — Global v3.2
Version
Version 3.2. Status: ACTIVE.",Software Engineering,Architecture,ADR process,architecture_decision_record,GLOBAL,EMPLOYEE,"[""employee"", ""engineer"", ""tech_lead"", ""architect""]",[],3.2,ACTIVE,Architecture Guild,confluence,2026-01-03,9561a3869054
ENG-000069-C00,ENG-000069,ENG-ARCHITEC-00051,0,Monolith Decomposition — Global,"Monolith Decomposition — Global
Monolith Decomposition — Global
# Monolith Decomposition — Global",Software Engineering,Architecture,monolith decomposition,migration_guide,GLOBAL,INTERNAL,"[""employee"", ""engineer"", ""tech_lead"", ""architect""]",[],1.3,ACTIVE,Frontend Platform,confluence,2026-07-09,72b4ed5eb984
ENG-000069-C01,ENG-000069,ENG-ARCHITEC-00051,1,Purpose,"Monolith Decomposition — Global
Purpose
This document defines the approved operating model for monolith decomposition within Northstar Digital Services.",Software Engineering,Architecture,monolith decomposition,migration_guide,GLOBAL,INTERNAL,"[""employee"", ""engineer"", ""tech_lead"", ""architect""]",[],1.3,ACTIVE,Frontend Platform,confluence,2026-07-09,f59b33d35b02
ENG-000069-C02,ENG-000069,ENG-ARCHITEC-00051,2,Scope,"Monolith Decomposition — Global
Scope
Archived versions remain available for audit purposes but must not be used for new decisions. This version is the global baseline; country-specific documents may impose additional requirements.",Software Engineering,Architecture,monolith decomposition,migration_guide,GLOBAL,INTERNAL,"[""employee"", ""engineer"", ""tech_lead"", ""architect""]",[],1.3,ACTIVE,Frontend Platform,confluence,2026-07-09,2eee67f11daf
ENG-000069-C03,ENG-000069,ENG-ARCHITEC-00051,3,Requirements,"Monolith Decomposition — Global
Requirements
- Monolith Decomposition must follow the current approved policy and ownership model. - Operational evidence for monolith decomposition should be retained according to the applicable retention schedule. - Exceptions involving monolith decomposition require documented approval from the responsible owner. - Teams should use standard tooling and published procedures when working with monolith decomposition.",Software Engineering,Architecture,monolith decomposition,migration_guide,GLOBAL,INTERNAL,"[""employee"", ""engineer"", ""tech_lead"", ""architect""]",[],1.3,ACTIVE,Frontend Platform,confluence,2026-07-09,58eabea14dea
ENG-000069-C04,ENG-000069,ENG-ARCHITEC-00051,4,Controls,"Monolith Decomposition — Global
Controls
Changes affecting production require peer review, traceable evidence, and rollback instructions.",Software Engineering,Architecture,monolith decomposition,migration_guide,GLOBAL,INTERNAL,"[""employee"", ""engineer"", ""tech_lead"", ""architect""]",[],1.3,ACTIVE,Frontend Platform,confluence,2026-07-09,63d20483394b
ENG-000069-C05,ENG-000069,ENG-ARCHITEC-00051,5,Procedure,"Monolith Decomposition — Global
Procedure
1. Confirm that the request concerns monolith decomposition.
2. Verify the relevant owner, country, environment, and current version.
3. Follow the approved workflow and capture evidence.
4. Escalate unresolved or exceptional cases to Frontend Platform.",Software Engineering,Architecture,monolith decomposition,migration_guide,GLOBAL,INTERNAL,"[""employee"", ""engineer"", ""tech_lead"", ""architect""]",[],1.3,ACTIVE,Frontend Platform,confluence,2026-07-09,eb12abcaa9cc
ENG-000069-C06,ENG-000069,ENG-ARCHITEC-00051,6,Validation,"Monolith Decomposition — Global
Validation
If the procedure does not resolve the issue, escalate to the listed owner team with timestamps, identifiers, and evidence.",Software Engineering,Architecture,monolith decomposition,migration_guide,GLOBAL,INTERNAL,"[""employee"", ""engineer"", ""tech_lead"", ""architect""]",[],1.3,ACTIVE,Frontend Platform,confluence,2026-07-09,26af66e9fcf9
ENG-000069-C07,ENG-000069,ENG-ARCHITEC-00051,7,Version,"Monolith Decomposition — Global
Version
Version 1.3. Status: ACTIVE.",Software Engineering,Architecture,monolith decomposition,migration_guide,GLOBAL,INTERNAL,"[""employee"", ""engineer"", ""tech_lead"", ""architect""]",[],1.3,ACTIVE,Frontend Platform,confluence,2026-07-09,a05c854c9085
ENG-000070-C00,ENG-000070,ENG-FRONTEND-00052,0,Performance Budgets — Australia,"Performance Budgets — Australia
Performance Budgets — Australia
# Performance Budgets — Australia",Software Engineering,Frontend,performance budgets,design_note,AU,EMPLOYEE,"[""employee"", ""engineer"", ""tech_lead"", ""architect""]",[],1.2,ACTIVE,Backend Platform,hr_portal,2024-05-10,e09f41e4b0a6
ENG-000070-C01,ENG-000070,ENG-FRONTEND-00052,1,Purpose,"Performance Budgets — Australia
Purpose
Teams must apply this guidance when working with performance budgets in production or employee-facing environments.",Software Engineering,Frontend,performance budgets,design_note,AU,EMPLOYEE,"[""employee"", ""engineer"", ""tech_lead"", ""architect""]",[],1.2,ACTIVE,Backend Platform,hr_portal,2024-05-10,96d30f7cabd3
ENG-000070-C02,ENG-000070,ENG-FRONTEND-00052,2,Scope,"Performance Budgets — Australia
Scope
Country-specific and role-specific exceptions override the global baseline only when explicitly documented. This version applies to Australia.",Software Engineering,Frontend,performance budgets,design_note,AU,EMPLOYEE,"[""employee"", ""engineer"", ""tech_lead"", ""architect""]",[],1.2,ACTIVE,Backend Platform,hr_portal,2024-05-10,089ca6702fe4
ENG-000070-C03,ENG-000070,ENG-FRONTEND-00052,3,Requirements,"Performance Budgets — Australia
Requirements
- Performance Budgets must follow the current approved policy and ownership model. - Operational evidence for performance budgets should be retained according to the applicable retention schedule. - Exceptions involving performance budgets require documented approval from the responsible owner. - Teams should use standard tooling and published procedures when working with performance budgets.",Software Engineering,Frontend,performance budgets,design_note,AU,EMPLOYEE,"[""employee"", ""engineer"", ""tech_lead"", ""architect""]",[],1.2,ACTIVE,Backend Platform,hr_portal,2024-05-10,d5147d897e8d
ENG-000070-C04,ENG-000070,ENG-FRONTEND-00052,4,Controls,"Performance Budgets — Australia
Controls
Changes affecting production require peer review, traceable evidence, and rollback instructions.",Software Engineering,Frontend,performance budgets,design_note,AU,EMPLOYEE,"[""employee"", ""engineer"", ""tech_lead"", ""architect""]",[],1.2,ACTIVE,Backend Platform,hr_portal,2024-05-10,d5e0d430e5c9
ENG-000070-C05,ENG-000070,ENG-FRONTEND-00052,5,Procedure,"Performance Budgets — Australia
Procedure
1. Confirm that the request concerns performance budgets.
2. Verify the relevant owner, country, environment, and current version.
3. Follow the approved workflow and capture evidence.
4. Escalate unresolved or exceptional cases to Backend Platform.",Software Engineering,Frontend,performance budgets,design_note,AU,EMPLOYEE,"[""employee"", ""engineer"", ""tech_lead"", ""architect""]",[],1.2,ACTIVE,Backend Platform,hr_portal,2024-05-10,43cc7c3159c0
ENG-000070-C06,ENG-000070,ENG-FRONTEND-00052,6,Validation,"Performance Budgets — Australia
Validation
Verify the current document version before acting.",Software Engineering,Frontend,performance budgets,design_note,AU,EMPLOYEE,"[""employee"", ""engineer"", ""tech_lead"", ""architect""]",[],1.2,ACTIVE,Backend Platform,hr_portal,2024-05-10,ed393f6f5d06
ENG-000070-C07,ENG-000070,ENG-FRONTEND-00052,7,Version,"Performance Budgets — Australia
Version
Version 1.2. Status: ACTIVE.",Software Engineering,Frontend,performance budgets,design_note,AU,EMPLOYEE,"[""employee"", ""engineer"", ""tech_lead"", ""architect""]",[],1.2,ACTIVE,Backend Platform,hr_portal,2024-05-10,fe65f65109a8
ENG-000071-C00,ENG-000071,ENG-TESTING-00053,0,Contract Testing — Global,"Contract Testing — Global
Contract Testing — Global
# Contract Testing — Global",Software Engineering,Testing,contract testing,architecture_decision_record,GLOBAL,CONFIDENTIAL,"[""tech_lead"", ""architect""]","[""Software Engineering""]",1.1,ACTIVE,Architecture Guild,hr_portal,2026-09-23,9bd9ada2765c
ENG-000071-C01,ENG-000071,ENG-TESTING-00053,1,Purpose,"Contract Testing — Global
Purpose
This document defines the approved operating model for contract testing within Northstar Digital Services.",Software Engineering,Testing,contract testing,architecture_decision_record,GLOBAL,CONFIDENTIAL,"[""tech_lead"", ""architect""]","[""Software Engineering""]",1.1,ACTIVE,Architecture Guild,hr_portal,2026-09-23,5364b5a54806
ENG-000071-C02,ENG-000071,ENG-TESTING-00053,2,Scope,"Contract Testing — Global
Scope
Country-specific and role-specific exceptions override the global baseline only when explicitly documented. This version is the global baseline; country-specific documents may impose additional requirements.",Software Engineering,Testing,contract testing,architecture_decision_record,GLOBAL,CONFIDENTIAL,"[""tech_lead"", ""architect""]","[""Software Engineering""]",1.1,ACTIVE,Architecture Guild,hr_portal,2026-09-23,d9572c45166d
ENG-000071-C03,ENG-000071,ENG-TESTING-00053,3,Requirements,"Contract Testing — Global
Requirements
- Contract Testing must follow the current approved policy and ownership model. - Operational evidence for contract testing should be retained according to the applicable retention schedule. - Exceptions involving contract testing require documented approval from the responsible owner. - Teams should use standard tooling and published procedures when working with contract testing.",Software Engineering,Testing,contract testing,architecture_decision_record,GLOBAL,CONFIDENTIAL,"[""tech_lead"", ""architect""]","[""Software Engineering""]",1.1,ACTIVE,Architecture Guild,hr_portal,2026-09-23,3114293f5314
ENG-000071-C04,ENG-000071,ENG-TESTING-00053,4,Controls,"Contract Testing — Global
Controls
Changes affecting production require peer review, traceable evidence, and rollback instructions.",Software Engineering,Testing,contract testing,architecture_decision_record,GLOBAL,CONFIDENTIAL,"[""tech_lead"", ""architect""]","[""Software Engineering""]",1.1,ACTIVE,Architecture Guild,hr_portal,2026-09-23,6521fec52255
ENG-000071-C05,ENG-000071,ENG-TESTING-00053,5,Procedure,"Contract Testing — Global
Procedure
1. Confirm that the request concerns contract testing.
2. Verify the relevant owner, country, environment, and current version.
3. Follow the approved workflow and capture evidence.
4. Escalate unresolved or exceptional cases to Architecture Guild.",Software Engineering,Testing,contract testing,architecture_decision_record,GLOBAL,CONFIDENTIAL,"[""tech_lead"", ""architect""]","[""Software Engineering""]",1.1,ACTIVE,Architecture Guild,hr_portal,2026-09-23,926f9d0f24e5
ENG-000071-C06,ENG-000071,ENG-TESTING-00053,6,Validation,"Contract Testing — Global
Validation
Verify the current document version before acting.",Software Engineering,Testing,contract testing,architecture_decision_record,GLOBAL,CONFIDENTIAL,"[""tech_lead"", ""architect""]","[""Software Engineering""]",1.1,ACTIVE,Architecture Guild,hr_portal,2026-09-23,efddb4c52101
ENG-000071-C07,ENG-000071,ENG-TESTING-00053,7,Version,"Contract Testing — Global
Version
Version 1.1. Status: ACTIVE.",Software Engineering,Testing,contract testing,architecture_decision_record,GLOBAL,CONFIDENTIAL,"[""tech_lead"", ""architect""]","[""Software Engineering""]",1.1,ACTIVE,Architecture Guild,hr_portal,2026-09-23,27fb0387e41d
ENG-000072-C00,ENG-000072,ENG-TESTING-00054,0,Integration Testing — Global,"Integration Testing — Global
Integration Testing — Global
# Integration Testing — Global",Software Engineering,Testing,integration testing,technical_standard,GLOBAL,INTERNAL,"[""employee"", ""engineer"", ""tech_lead"", ""architect""]",[],1.0,ACTIVE,Architecture Guild,sharepoint,2025-12-30,63531e76055d
ENG-000072-C01,ENG-000072,ENG-TESTING-00054,1,Purpose,"Integration Testing — Global
Purpose
The standard exists to reduce inconsistent implementation, avoid repeated support effort, and provide an auditable source of truth.",Software Engineering,Testing,integration testing,technical_standard,GLOBAL,INTERNAL,"[""employee"", ""engineer"", ""tech_lead"", ""architect""]",[],1.0,ACTIVE,Architecture Guild,sharepoint,2025-12-30,4bf92cd246e6
ENG-000072-C02,ENG-000072,ENG-TESTING-00054,2,Scope,"Integration Testing — Global
Scope
Archived versions remain available for audit purposes but must not be used for new decisions. This version is the global baseline; country-specific documents may impose additional requirements.",Software Engineering,Testing,integration testing,technical_standard,GLOBAL,INTERNAL,"[""employee"", ""engineer"", ""tech_lead"", ""architect""]",[],1.0,ACTIVE,Architecture Guild,sharepoint,2025-12-30,e4b2e4281e79
ENG-000072-C03,ENG-000072,ENG-TESTING-00054,3,Requirements,"Integration Testing — Global
Requirements
- Integration Testing must follow the current approved policy and ownership model. - Operational evidence for integration testing should be retained according to the applicable retention schedule. - Exceptions involving integration testing require documented approval from the responsible owner. - Teams should use standard tooling and published procedures when working with integration testing.",Software Engineering,Testing,integration testing,technical_standard,GLOBAL,INTERNAL,"[""employee"", ""engineer"", ""tech_lead"", ""architect""]",[],1.0,ACTIVE,Architecture Guild,sharepoint,2025-12-30,7a89a935fe09
ENG-000072-C04,ENG-000072,ENG-TESTING-00054,4,Controls,"Integration Testing — Global
Controls
Sensitive information must follow the organisation's classification and least-privilege requirements.",Software Engineering,Testing,integration testing,technical_standard,GLOBAL,INTERNAL,"[""employee"", ""engineer"", ""tech_lead"", ""architect""]",[],1.0,ACTIVE,Architecture Guild,sharepoint,2025-12-30,2f28ef09e997
ENG-000072-C05,ENG-000072,ENG-TESTING-00054,5,Procedure,"Integration Testing — Global
Procedure
1. Confirm that the request concerns integration testing.
2. Verify the relevant owner, country, environment, and current version.
3. Follow the approved workflow and capture evidence.
4. Escalate unresolved or exceptional cases to Architecture Guild.",Software Engineering,Testing,integration testing,technical_standard,GLOBAL,INTERNAL,"[""employee"", ""engineer"", ""tech_lead"", ""architect""]",[],1.0,ACTIVE,Architecture Guild,sharepoint,2025-12-30,6d274ed0b4c1
ENG-000072-C06,ENG-000072,ENG-TESTING-00054,6,Validation,"Integration Testing — Global
Validation
Verify the current document version before acting.",Software Engineering,Testing,integration testing,technical_standard,GLOBAL,INTERNAL,"[""employee"", ""engineer"", ""tech_lead"", ""architect""]",[],1.0,ACTIVE,Architecture Guild,sharepoint,2025-12-30,9c9cd01e3943
ENG-000072-C07,ENG-000072,ENG-TESTING-00054,7,Version,"Integration Testing — Global
Version
Version 1.0. Status: ACTIVE.",Software Engineering,Testing,integration testing,technical_standard,GLOBAL,INTERNAL,"[""employee"", ""engineer"", ""tech_lead"", ""architect""]",[],1.0,ACTIVE,Architecture Guild,sharepoint,2025-12-30,a8e3f44f91c8
ENG-000073-C00,ENG-000073,ENG-MESSAGIN-00055,0,Dead-Letter Queues — Global,"Dead-Letter Queues — Global
Dead-Letter Queues — Global
# Dead-Letter Queues — Global",Software Engineering,Messaging,dead-letter queues,design_note,GLOBAL,EMPLOYEE,"[""employee"", ""engineer"", ""tech_lead"", ""architect""]",[],1.3,ACTIVE,Architecture Guild,google_drive,2025-02-21,57e7d56a7240
ENG-000073-C01,ENG-000073,ENG-MESSAGIN-00055,1,Purpose,"Dead-Letter Queues — Global
Purpose
The standard exists to reduce inconsistent implementation, avoid repeated support effort, and provide an auditable source of truth.",Software Engineering,Messaging,dead-letter queues,design_note,GLOBAL,EMPLOYEE,"[""employee"", ""engineer"", ""tech_lead"", ""architect""]",[],1.3,ACTIVE,Architecture Guild,google_drive,2025-02-21,2492995d84f0
ENG-000073-C02,ENG-000073,ENG-MESSAGIN-00055,2,Scope,"Dead-Letter Queues — Global
Scope
Country-specific and role-specific exceptions override the global baseline only when explicitly documented. This version is the global baseline; country-specific documents may impose additional requirements.",Software Engineering,Messaging,dead-letter queues,design_note,GLOBAL,EMPLOYEE,"[""employee"", ""engineer"", ""tech_lead"", ""architect""]",[],1.3,ACTIVE,Architecture Guild,google_drive,2025-02-21,7ab90936818f
ENG-000073-C03,ENG-000073,ENG-MESSAGIN-00055,3,Requirements,"Dead-Letter Queues — Global
Requirements
- Dead-Letter Queues must follow the current approved policy and ownership model. - Operational evidence for dead-letter queues should be retained according to the applicable retention schedule. - Exceptions involving dead-letter queues require documented approval from the responsible owner. - Teams should use standard tooling and published procedures when working with dead-letter queues.",Software Engineering,Messaging,dead-letter queues,design_note,GLOBAL,EMPLOYEE,"[""employee"", ""engineer"", ""tech_lead"", ""architect""]",[],1.3,ACTIVE,Architecture Guild,google_drive,2025-02-21,dee7d0f8bbe4
ENG-000073-C04,ENG-000073,ENG-MESSAGIN-00055,4,Controls,"Dead-Letter Queues — Global
Controls
Requests requiring elevated access must be approved by the designated owner and recorded in the enterprise service system.",Software Engineering,Messaging,dead-letter queues,design_note,GLOBAL,EMPLOYEE,"[""employee"", ""engineer"", ""tech_lead"", ""architect""]",[],1.3,ACTIVE,Architecture Guild,google_drive,2025-02-21,1c56d6b387c9
ENG-000073-C05,ENG-000073,ENG-MESSAGIN-00055,5,Procedure,"Dead-Letter Queues — Global
Procedure
1. Confirm that the request concerns dead-letter queues.
2. Verify the relevant owner, country, environment, and current version.
3. Follow the approved workflow and capture evidence.
4. Escalate unresolved or exceptional cases to Architecture Guild.",Software Engineering,Messaging,dead-letter queues,design_note,GLOBAL,EMPLOYEE,"[""employee"", ""engineer"", ""tech_lead"", ""architect""]",[],1.3,ACTIVE,Architecture Guild,google_drive,2025-02-21,d1d432568c8e
ENG-000073-C06,ENG-000073,ENG-MESSAGIN-00055,6,Validation,"Dead-Letter Queues — Global
Validation
Verify the current document version before acting.",Software Engineering,Messaging,dead-letter queues,design_note,GLOBAL,EMPLOYEE,"[""employee"", ""engineer"", ""tech_lead"", ""architect""]",[],1.3,ACTIVE,Architecture Guild,google_drive,2025-02-21,c79cbf749b8f
ENG-000073-C07,ENG-000073,ENG-MESSAGIN-00055,7,Version,"Dead-Letter Queues — Global
Version
Version 1.3. Status: ACTIVE.",Software Engineering,Messaging,dead-letter queues,design_note,GLOBAL,EMPLOYEE,"[""employee"", ""engineer"", ""tech_lead"", ""architect""]",[],1.3,ACTIVE,Architecture Guild,google_drive,2025-02-21,1229c75ee61f
ENG-000074-C00,ENG-000074,ENG-JAVA-SER-00056,0,Service Templates — United Kingdom,"Service Templates — United Kingdom
Service Templates — United Kingdom
# Service Templates — United Kingdom",Software Engineering,Java Services,service templates,api_guide,UK,EMPLOYEE,"[""employee"", ""engineer"", ""tech_lead"", ""architect""]",[],1.1,ACTIVE,Backend Platform,github,2026-09-23,0223a28ea588
ENG-000074-C01,ENG-000074,ENG-JAVA-SER-00056,1,Purpose,"Service Templates — United Kingdom
Purpose
Teams must apply this guidance when working with service templates in production or employee-facing environments.",Software Engineering,Java Services,service templates,api_guide,UK,EMPLOYEE,"[""employee"", ""engineer"", ""tech_lead"", ""architect""]",[],1.1,ACTIVE,Backend Platform,github,2026-09-23,4f705cd1ec45
ENG-000074-C02,ENG-000074,ENG-JAVA-SER-00056,2,Scope,"Service Templates — United Kingdom
Scope
Country-specific and role-specific exceptions override the global baseline only when explicitly documented. This version applies to United Kingdom.",Software Engineering,Java Services,service templates,api_guide,UK,EMPLOYEE,"[""employee"", ""engineer"", ""tech_lead"", ""architect""]",[],1.1,ACTIVE,Backend Platform,github,2026-09-23,fc0dce4d9d8c
ENG-000074-C03,ENG-000074,ENG-JAVA-SER-00056,3,Requirements,"Service Templates — United Kingdom
Requirements
- Service Templates must follow the current approved policy and ownership model. - Operational evidence for service templates should be retained according to the applicable retention schedule. - Exceptions involving service templates require documented approval from the responsible owner. - Teams should use standard tooling and published procedures when working with service templates.",Software Engineering,Java Services,service templates,api_guide,UK,EMPLOYEE,"[""employee"", ""engineer"", ""tech_lead"", ""architect""]",[],1.1,ACTIVE,Backend Platform,github,2026-09-23,af0eace1a076
ENG-000074-C04,ENG-000074,ENG-JAVA-SER-00056,4,Controls,"Service Templates — United Kingdom
Controls
Changes affecting production require peer review, traceable evidence, and rollback instructions.",Software Engineering,Java Services,service templates,api_guide,UK,EMPLOYEE,"[""employee"", ""engineer"", ""tech_lead"", ""architect""]",[],1.1,ACTIVE,Backend Platform,github,2026-09-23,fc17707f58e3
ENG-000074-C05,ENG-000074,ENG-JAVA-SER-00056,5,Procedure,"Service Templates — United Kingdom
Procedure
1. Confirm that the request concerns service templates.
2. Verify the relevant owner, country, environment, and current version.
3. Follow the approved workflow and capture evidence.
4. Escalate unresolved or exceptional cases to Backend Platform.",Software Engineering,Java Services,service templates,api_guide,UK,EMPLOYEE,"[""employee"", ""engineer"", ""tech_lead"", ""architect""]",[],1.1,ACTIVE,Backend Platform,github,2026-09-23,a60bb613dfdc
ENG-000074-C06,ENG-000074,ENG-JAVA-SER-00056,6,Validation,"Service Templates — United Kingdom
Validation
Do not bypass required controls simply to shorten resolution time.",Software Engineering,Java Services,service templates,api_guide,UK,EMPLOYEE,"[""employee"", ""engineer"", ""tech_lead"", ""architect""]",[],1.1,ACTIVE,Backend Platform,github,2026-09-23,d886a7ed8ce8
ENG-000074-C07,ENG-000074,ENG-JAVA-SER-00056,7,Version,"Service Templates — United Kingdom
Version
Version 1.1. Status: ACTIVE.",Software Engineering,Java Services,service templates,api_guide,UK,EMPLOYEE,"[""employee"", ""engineer"", ""tech_lead"", ""architect""]",[],1.1,ACTIVE,Backend Platform,github,2026-09-23,c80d987b7fc8
ENG-000075-C00,ENG-000075,ENG-ARCHITEC-00057,0,Caching — Global v1.2,"Caching — Global v1.2
Caching — Global v1.2
# Caching — Global v1.2",Software Engineering,Architecture,caching,technical_standard,GLOBAL,INTERNAL,"[""employee"", ""engineer"", ""tech_lead"", ""architect""]",[],1.2,ARCHIVED,Data Platform,confluence,2024-04-08,03ed456dfb7e
ENG-000075-C01,ENG-000075,ENG-ARCHITEC-00057,1,Purpose,"Caching — Global v1.2
Purpose
Teams must apply this guidance when working with caching in production or employee-facing environments.",Software Engineering,Architecture,caching,technical_standard,GLOBAL,INTERNAL,"[""employee"", ""engineer"", ""tech_lead"", ""architect""]",[],1.2,ARCHIVED,Data Platform,confluence,2024-04-08,15f68f925018
ENG-000075-C02,ENG-000075,ENG-ARCHITEC-00057,2,Scope,"Caching — Global v1.2
Scope
It applies to employees, contractors, and managed service teams where the stated scope is relevant. This version is the global baseline; country-specific documents may impose additional requirements.",Software Engineering,Architecture,caching,technical_standard,GLOBAL,INTERNAL,"[""employee"", ""engineer"", ""tech_lead"", ""architect""]",[],1.2,ARCHIVED,Data Platform,confluence,2024-04-08,efd6a5140362
ENG-000075-C03,ENG-000075,ENG-ARCHITEC-00057,3,Requirements,"Caching — Global v1.2
Requirements
- Caching must follow the current approved policy and ownership model. - Operational evidence for caching should be retained according to the applicable retention schedule. - Exceptions involving caching require documented approval from the responsible owner. - Teams should use standard tooling and published procedures when working with caching.",Software Engineering,Architecture,caching,technical_standard,GLOBAL,INTERNAL,"[""employee"", ""engineer"", ""tech_lead"", ""architect""]",[],1.2,ARCHIVED,Data Platform,confluence,2024-04-08,e6cfd29cecd3
ENG-000075-C04,ENG-000075,ENG-ARCHITEC-00057,4,Controls,"Caching — Global v1.2
Controls
Requests requiring elevated access must be approved by the designated owner and recorded in the enterprise service system.",Software Engineering,Architecture,caching,technical_standard,GLOBAL,INTERNAL,"[""employee"", ""engineer"", ""tech_lead"", ""architect""]",[],1.2,ARCHIVED,Data Platform,confluence,2024-04-08,83e106e03c3d
ENG-000075-C05,ENG-000075,ENG-ARCHITEC-00057,5,Procedure,"Caching — Global v1.2
Procedure
1. Confirm that the request concerns caching.
2. Verify the relevant owner, country, environment, and current version.
3. Follow the approved workflow and capture evidence.
4. Escalate unresolved or exceptional cases to Data Platform.",Software Engineering,Architecture,caching,technical_standard,GLOBAL,INTERNAL,"[""employee"", ""engineer"", ""tech_lead"", ""architect""]",[],1.2,ARCHIVED,Data Platform,confluence,2024-04-08,b289f9441e0b
ENG-000075-C06,ENG-000075,ENG-ARCHITEC-00057,6,Validation,"Caching — Global v1.2
Validation
Do not bypass required controls simply to shorten resolution time.",Software Engineering,Architecture,caching,technical_standard,GLOBAL,INTERNAL,"[""employee"", ""engineer"", ""tech_lead"", ""architect""]",[],1.2,ARCHIVED,Data Platform,confluence,2024-04-08,8ab5b6454750
ENG-000075-C07,ENG-000075,ENG-ARCHITEC-00057,7,Version,"Caching — Global v1.2
Version
Version 1.2. Status: ARCHIVED. This document is archived and retained only for historical reference.",Software Engineering,Architecture,caching,technical_standard,GLOBAL,INTERNAL,"[""employee"", ""engineer"", ""tech_lead"", ""architect""]",[],1.2,ARCHIVED,Data Platform,confluence,2024-04-08,942046a9db20
ENG-000076-C00,ENG-000076,ENG-ARCHITEC-00057,0,Caching — Global v2.3,"Caching — Global v2.3
Caching — Global v2.3
# Caching — Global v2.3",Software Engineering,Architecture,caching,technical_standard,GLOBAL,EMPLOYEE,"[""employee"", ""engineer"", ""tech_lead"", ""architect""]",[],2.3,ARCHIVED,Data Platform,sharepoint,2025-01-13,e9afcc0fc030
ENG-000076-C01,ENG-000076,ENG-ARCHITEC-00057,1,Purpose,"Caching — Global v2.3
Purpose
The standard exists to reduce inconsistent implementation, avoid repeated support effort, and provide an auditable source of truth.",Software Engineering,Architecture,caching,technical_standard,GLOBAL,EMPLOYEE,"[""employee"", ""engineer"", ""tech_lead"", ""architect""]",[],2.3,ARCHIVED,Data Platform,sharepoint,2025-01-13,e18a43f1e151
ENG-000076-C02,ENG-000076,ENG-ARCHITEC-00057,2,Scope,"Caching — Global v2.3
Scope
Archived versions remain available for audit purposes but must not be used for new decisions. This version is the global baseline; country-specific documents may impose additional requirements.",Software Engineering,Architecture,caching,technical_standard,GLOBAL,EMPLOYEE,"[""employee"", ""engineer"", ""tech_lead"", ""architect""]",[],2.3,ARCHIVED,Data Platform,sharepoint,2025-01-13,e46417112859
ENG-000076-C03,ENG-000076,ENG-ARCHITEC-00057,3,Requirements,"Caching — Global v2.3
Requirements
- Caching must follow the current approved policy and ownership model. - Operational evidence for caching should be retained according to the applicable retention schedule. - Exceptions involving caching require documented approval from the responsible owner. - Teams should use standard tooling and published procedures when working with caching.",Software Engineering,Architecture,caching,technical_standard,GLOBAL,EMPLOYEE,"[""employee"", ""engineer"", ""tech_lead"", ""architect""]",[],2.3,ARCHIVED,Data Platform,sharepoint,2025-01-13,18a928ce4e5a
ENG-000076-C04,ENG-000076,ENG-ARCHITEC-00057,4,Controls,"Caching — Global v2.3
Controls
Requests requiring elevated access must be approved by the designated owner and recorded in the enterprise service system.",Software Engineering,Architecture,caching,technical_standard,GLOBAL,EMPLOYEE,"[""employee"", ""engineer"", ""tech_lead"", ""architect""]",[],2.3,ARCHIVED,Data Platform,sharepoint,2025-01-13,705870810335
ENG-000076-C05,ENG-000076,ENG-ARCHITEC-00057,5,Procedure,"Caching — Global v2.3
Procedure
1. Confirm that the request concerns caching.
2. Verify the relevant owner, country, environment, and current version.
3. Follow the approved workflow and capture evidence.
4. Escalate unresolved or exceptional cases to Data Platform.",Software Engineering,Architecture,caching,technical_standard,GLOBAL,EMPLOYEE,"[""employee"", ""engineer"", ""tech_lead"", ""architect""]",[],2.3,ARCHIVED,Data Platform,sharepoint,2025-01-13,43cf6241a33e
ENG-000076-C06,ENG-000076,ENG-ARCHITEC-00057,6,Validation,"Caching — Global v2.3
Validation
Verify the current document version before acting.",Software Engineering,Architecture,caching,technical_standard,GLOBAL,EMPLOYEE,"[""employee"", ""engineer"", ""tech_lead"", ""architect""]",[],2.3,ARCHIVED,Data Platform,sharepoint,2025-01-13,97c54263ffa4
ENG-000076-C07,ENG-000076,ENG-ARCHITEC-00057,7,Version,"Caching — Global v2.3
Version
Version 2.3. Status: ARCHIVED. This document is archived and retained only for historical reference.",Software Engineering,Architecture,caching,technical_standard,GLOBAL,EMPLOYEE,"[""employee"", ""engineer"", ""tech_lead"", ""architect""]",[],2.3,ARCHIVED,Data Platform,sharepoint,2025-01-13,3206156bd36b
ENG-000077-C00,ENG-000077,ENG-ARCHITEC-00057,0,Caching — Global v3.4,"Caching — Global v3.4
Caching — Global v3.4
# Caching — Global v3.4",Software Engineering,Architecture,caching,technical_standard,GLOBAL,EMPLOYEE,"[""employee"", ""engineer"", ""tech_lead"", ""architect""]",[],3.4,ACTIVE,Data Platform,sharepoint,2026-09-23,d9dcdfb6a097
ENG-000077-C01,ENG-000077,ENG-ARCHITEC-00057,1,Purpose,"Caching — Global v3.4
Purpose
Teams must apply this guidance when working with caching in production or employee-facing environments.",Software Engineering,Architecture,caching,technical_standard,GLOBAL,EMPLOYEE,"[""employee"", ""engineer"", ""tech_lead"", ""architect""]",[],3.4,ACTIVE,Data Platform,sharepoint,2026-09-23,862ba52df565
ENG-000077-C02,ENG-000077,ENG-ARCHITEC-00057,2,Scope,"Caching — Global v3.4
Scope
It applies to employees, contractors, and managed service teams where the stated scope is relevant. This version is the global baseline; country-specific documents may impose additional requirements.",Software Engineering,Architecture,caching,technical_standard,GLOBAL,EMPLOYEE,"[""employee"", ""engineer"", ""tech_lead"", ""architect""]",[],3.4,ACTIVE,Data Platform,sharepoint,2026-09-23,fde8314132a8
ENG-000077-C03,ENG-000077,ENG-ARCHITEC-00057,3,Requirements,"Caching — Global v3.4
Requirements
- Caching must follow the current approved policy and ownership model. - Operational evidence for caching should be retained according to the applicable retention schedule. - Exceptions involving caching require documented approval from the responsible owner. - Teams should use standard tooling and published procedures when working with caching.",Software Engineering,Architecture,caching,technical_standard,GLOBAL,EMPLOYEE,"[""employee"", ""engineer"", ""tech_lead"", ""architect""]",[],3.4,ACTIVE,Data Platform,sharepoint,2026-09-23,0df2e84b603b
ENG-000077-C04,ENG-000077,ENG-ARCHITEC-00057,4,Controls,"Caching — Global v3.4
Controls
Sensitive information must follow the organisation's classification and least-privilege requirements.",Software Engineering,Architecture,caching,technical_standard,GLOBAL,EMPLOYEE,"[""employee"", ""engineer"", ""tech_lead"", ""architect""]",[],3.4,ACTIVE,Data Platform,sharepoint,2026-09-23,4c143bb0a43c
ENG-000077-C05,ENG-000077,ENG-ARCHITEC-00057,5,Procedure,"Caching — Global v3.4
Procedure
1. Confirm that the request concerns caching.
2. Verify the relevant owner, country, environment, and current version.
3. Follow the approved workflow and capture evidence.
4. Escalate unresolved or exceptional cases to Data Platform.",Software Engineering,Architecture,caching,technical_standard,GLOBAL,EMPLOYEE,"[""employee"", ""engineer"", ""tech_lead"", ""architect""]",[],3.4,ACTIVE,Data Platform,sharepoint,2026-09-23,9729236a3fd8
ENG-000077-C06,ENG-000077,ENG-ARCHITEC-00057,6,Validation,"Caching — Global v3.4
Validation
Verify the current document version before acting.",Software Engineering,Architecture,caching,technical_standard,GLOBAL,EMPLOYEE,"[""employee"", ""engineer"", ""tech_lead"", ""architect""]",[],3.4,ACTIVE,Data Platform,sharepoint,2026-09-23,cccd257d3423
ENG-000077-C07,ENG-000077,ENG-ARCHITEC-00057,7,Version,"Caching — Global v3.4
Version
Version 3.4. Status: ACTIVE.",Software Engineering,Architecture,caching,technical_standard,GLOBAL,EMPLOYEE,"[""employee"", ""engineer"", ""tech_lead"", ""architect""]",[],3.4,ACTIVE,Data Platform,sharepoint,2026-09-23,4434e7c2f7dc
ENG-000078-C00,ENG-000078,ENG-APIS-00058,0,Error Envelopes — Global,"Error Envelopes — Global
Error Envelopes — Global
# Error Envelopes — Global",Software Engineering,APIs,error envelopes,technical_standard,GLOBAL,INTERNAL,"[""employee"", ""engineer"", ""tech_lead"", ""architect""]",[],1.2,ACTIVE,Frontend Platform,google_drive,2025-12-28,fb78b56f2c8d
ENG-000078-C01,ENG-000078,ENG-APIS-00058,1,Purpose,"Error Envelopes — Global
Purpose
Teams must apply this guidance when working with error envelopes in production or employee-facing environments.",Software Engineering,APIs,error envelopes,technical_standard,GLOBAL,INTERNAL,"[""employee"", ""engineer"", ""tech_lead"", ""architect""]",[],1.2,ACTIVE,Frontend Platform,google_drive,2025-12-28,3a1adfa0f9f5
ENG-000078-C02,ENG-000078,ENG-APIS-00058,2,Scope,"Error Envelopes — Global
Scope
Archived versions remain available for audit purposes but must not be used for new decisions. This version is the global baseline; country-specific documents may impose additional requirements.",Software Engineering,APIs,error envelopes,technical_standard,GLOBAL,INTERNAL,"[""employee"", ""engineer"", ""tech_lead"", ""architect""]",[],1.2,ACTIVE,Frontend Platform,google_drive,2025-12-28,f6290491ae0c
ENG-000078-C03,ENG-000078,ENG-APIS-00058,3,Requirements,"Error Envelopes — Global
Requirements
- Error Envelopes must follow the current approved policy and ownership model. - Operational evidence for error envelopes should be retained according to the applicable retention schedule. - Exceptions involving error envelopes require documented approval from the responsible owner. - Teams should use standard tooling and published procedures when working with error envelopes.",Software Engineering,APIs,error envelopes,technical_standard,GLOBAL,INTERNAL,"[""employee"", ""engineer"", ""tech_lead"", ""architect""]",[],1.2,ACTIVE,Frontend Platform,google_drive,2025-12-28,43236c05b326
ENG-000078-C04,ENG-000078,ENG-APIS-00058,4,Controls,"Error Envelopes — Global
Controls
Requests requiring elevated access must be approved by the designated owner and recorded in the enterprise service system.",Software Engineering,APIs,error envelopes,technical_standard,GLOBAL,INTERNAL,"[""employee"", ""engineer"", ""tech_lead"", ""architect""]",[],1.2,ACTIVE,Frontend Platform,google_drive,2025-12-28,b09182ec1fa3
ENG-000078-C05,ENG-000078,ENG-APIS-00058,5,Procedure,"Error Envelopes — Global
Procedure
1. Confirm that the request concerns error envelopes.
2. Verify the relevant owner, country, environment, and current version.
3. Follow the approved workflow and capture evidence.
4. Escalate unresolved or exceptional cases to Frontend Platform.",Software Engineering,APIs,error envelopes,technical_standard,GLOBAL,INTERNAL,"[""employee"", ""engineer"", ""tech_lead"", ""architect""]",[],1.2,ACTIVE,Frontend Platform,google_drive,2025-12-28,e510ceb2ce06
ENG-000078-C06,ENG-000078,ENG-APIS-00058,6,Validation,"Error Envelopes — Global
Validation
Do not bypass required controls simply to shorten resolution time.",Software Engineering,APIs,error envelopes,technical_standard,GLOBAL,INTERNAL,"[""employee"", ""engineer"", ""tech_lead"", ""architect""]",[],1.2,ACTIVE,Frontend Platform,google_drive,2025-12-28,1e81bf6e2ad3
ENG-000078-C07,ENG-000078,ENG-APIS-00058,7,Version,"Error Envelopes — Global
Version
Version 1.2. Status: ACTIVE.",Software Engineering,APIs,error envelopes,technical_standard,GLOBAL,INTERNAL,"[""employee"", ""engineer"", ""tech_lead"", ""architect""]",[],1.2,ACTIVE,Frontend Platform,google_drive,2025-12-28,4fb55839ffc5
ENG-000079-C00,ENG-000079,ENG-PYTHON-B-00059,0,Python Runtime — Global,"Python Runtime — Global
Python Runtime — Global
# Python Runtime — Global",Software Engineering,Python Backend,Python runtime,technical_standard,GLOBAL,INTERNAL,"[""employee"", ""engineer"", ""tech_lead"", ""architect""]",[],1.0,DRAFT,Architecture Guild,google_drive,2026-09-23,2c340e3f24ea
ENG-000079-C01,ENG-000079,ENG-PYTHON-B-00059,1,Purpose,"Python Runtime — Global
Purpose
This document defines the approved operating model for Python runtime within Northstar Digital Services.",Software Engineering,Python Backend,Python runtime,technical_standard,GLOBAL,INTERNAL,"[""employee"", ""engineer"", ""tech_lead"", ""architect""]",[],1.0,DRAFT,Architecture Guild,google_drive,2026-09-23,640e1e6fbde8
ENG-000079-C02,ENG-000079,ENG-PYTHON-B-00059,2,Scope,"Python Runtime — Global
Scope
It applies to employees, contractors, and managed service teams where the stated scope is relevant. This version is the global baseline; country-specific documents may impose additional requirements.",Software Engineering,Python Backend,Python runtime,technical_standard,GLOBAL,INTERNAL,"[""employee"", ""engineer"", ""tech_lead"", ""architect""]",[],1.0,DRAFT,Architecture Guild,google_drive,2026-09-23,91471e7279b6
ENG-000079-C03,ENG-000079,ENG-PYTHON-B-00059,3,Requirements,"Python Runtime — Global
Requirements
- Supported runtime versions are centrally maintained. - Unsupported runtimes must not be introduced into new production services. - Upgrade plans are required before end-of-support. - Supported runtime versions are centrally maintained.",Software Engineering,Python Backend,Python runtime,technical_standard,GLOBAL,INTERNAL,"[""employee"", ""engineer"", ""tech_lead"", ""architect""]",[],1.0,DRAFT,Architecture Guild,google_drive,2026-09-23,37c34e9e1a5a
ENG-000079-C04,ENG-000079,ENG-PYTHON-B-00059,4,Controls,"Python Runtime — Global
Controls
Requests requiring elevated access must be approved by the designated owner and recorded in the enterprise service system.",Software Engineering,Python Backend,Python runtime,technical_standard,GLOBAL,INTERNAL,"[""employee"", ""engineer"", ""tech_lead"", ""architect""]",[],1.0,DRAFT,Architecture Guild,google_drive,2026-09-23,e79e521b7121
ENG-000079-C05,ENG-000079,ENG-PYTHON-B-00059,5,Procedure,"Python Runtime — Global
Procedure
1. Confirm that the request concerns Python runtime.
2. Verify the relevant owner, country, environment, and current version.
3. Follow the approved workflow and capture evidence.
4. Escalate unresolved or exceptional cases to Architecture Guild.",Software Engineering,Python Backend,Python runtime,technical_standard,GLOBAL,INTERNAL,"[""employee"", ""engineer"", ""tech_lead"", ""architect""]",[],1.0,DRAFT,Architecture Guild,google_drive,2026-09-23,f1af31573e5a
ENG-000079-C06,ENG-000079,ENG-PYTHON-B-00059,6,Validation,"Python Runtime — Global
Validation
Do not bypass required controls simply to shorten resolution time.",Software Engineering,Python Backend,Python runtime,technical_standard,GLOBAL,INTERNAL,"[""employee"", ""engineer"", ""tech_lead"", ""architect""]",[],1.0,DRAFT,Architecture Guild,google_drive,2026-09-23,eab757fef7d9
ENG-000079-C07,ENG-000079,ENG-PYTHON-B-00059,7,Version,"Python Runtime — Global
Version
Version 1.0. Status: DRAFT.  This document is a draft and must not be treated as an approved source of policy.",Software Engineering,Python Backend,Python runtime,technical_standard,GLOBAL,INTERNAL,"[""employee"", ""engineer"", ""tech_lead"", ""architect""]",[],1.0,DRAFT,Architecture Guild,google_drive,2026-09-23,08fb143cf7ae
ENG-000080-C00,ENG-000080,ENG-FRONTEND-00060,0,React Standards — United States v1.2,"React Standards — United States v1.2
React Standards — United States v1.2
# React Standards — United States v1.2",Software Engineering,Frontend,React standards,architecture_decision_record,US,INTERNAL,"[""employee"", ""engineer"", ""tech_lead"", ""architect""]",[],1.2,ARCHIVED,Data Platform,google_drive,2026-09-23,6eb4812ee71c
ENG-000080-C01,ENG-000080,ENG-FRONTEND-00060,1,Purpose,"React Standards — United States v1.2
Purpose
Teams must apply this guidance when working with React standards in production or employee-facing environments.",Software Engineering,Frontend,React standards,architecture_decision_record,US,INTERNAL,"[""employee"", ""engineer"", ""tech_lead"", ""architect""]",[],1.2,ARCHIVED,Data Platform,google_drive,2026-09-23,f0f206fb2841
ENG-000080-C02,ENG-000080,ENG-FRONTEND-00060,2,Scope,"React Standards — United States v1.2
Scope
It applies to employees, contractors, and managed service teams where the stated scope is relevant. This version applies to United States.",Software Engineering,Frontend,React standards,architecture_decision_record,US,INTERNAL,"[""employee"", ""engineer"", ""tech_lead"", ""architect""]",[],1.2,ARCHIVED,Data Platform,google_drive,2026-09-23,9db62be04c87
ENG-000080-C03,ENG-000080,ENG-FRONTEND-00060,3,Requirements,"React Standards — United States v1.2
Requirements
- React Standards must follow the current approved policy and ownership model. - Operational evidence for React standards should be retained according to the applicable retention schedule. - Exceptions involving React standards require documented approval from the responsible owner. - Teams should use standard tooling and published procedures when working with React standards.",Software Engineering,Frontend,React standards,architecture_decision_record,US,INTERNAL,"[""employee"", ""engineer"", ""tech_lead"", ""architect""]",[],1.2,ARCHIVED,Data Platform,google_drive,2026-09-23,44a4ab1789ba
ENG-000080-C04,ENG-000080,ENG-FRONTEND-00060,4,Controls,"React Standards — United States v1.2
Controls
Requests requiring elevated access must be approved by the designated owner and recorded in the enterprise service system.",Software Engineering,Frontend,React standards,architecture_decision_record,US,INTERNAL,"[""employee"", ""engineer"", ""tech_lead"", ""architect""]",[],1.2,ARCHIVED,Data Platform,google_drive,2026-09-23,c87b56c084ea
ENG-000080-C05,ENG-000080,ENG-FRONTEND-00060,5,Procedure,"React Standards — United States v1.2
Procedure
1. Confirm that the request concerns React standards.
2. Verify the relevant owner, country, environment, and current version.
3. Follow the approved workflow and capture evidence.
4. Escalate unresolved or exceptional cases to Data Platform.",Software Engineering,Frontend,React standards,architecture_decision_record,US,INTERNAL,"[""employee"", ""engineer"", ""tech_lead"", ""architect""]",[],1.2,ARCHIVED,Data Platform,google_drive,2026-09-23,58ae0ae8f694
ENG-000080-C06,ENG-000080,ENG-FRONTEND-00060,6,Validation,"React Standards — United States v1.2
Validation
Do not bypass required controls simply to shorten resolution time.",Software Engineering,Frontend,React standards,architecture_decision_record,US,INTERNAL,"[""employee"", ""engineer"", ""tech_lead"", ""architect""]",[],1.2,ARCHIVED,Data Platform,google_drive,2026-09-23,e792eba9231c
ENG-000080-C07,ENG-000080,ENG-FRONTEND-00060,7,Version,"React Standards — United States v1.2
Version
Version 1.2. Status: ARCHIVED. This document is archived and retained only for historical reference.",Software Engineering,Frontend,React standards,architecture_decision_record,US,INTERNAL,"[""employee"", ""engineer"", ""tech_lead"", ""architect""]",[],1.2,ARCHIVED,Data Platform,google_drive,2026-09-23,22de0afe7c74
ENG-000081-C00,ENG-000081,ENG-FRONTEND-00060,0,React Standards — United States v2.1,"React Standards — United States v2.1
React Standards — United States v2.1
# React Standards — United States v2.1",Software Engineering,Frontend,React standards,architecture_decision_record,US,INTERNAL,"[""employee"", ""engineer"", ""tech_lead"", ""architect""]",[],2.1,ACTIVE,Data Platform,servicenow,2024-03-17,2879a41818f3
ENG-000081-C01,ENG-000081,ENG-FRONTEND-00060,1,Purpose,"React Standards — United States v2.1
Purpose
The standard exists to reduce inconsistent implementation, avoid repeated support effort, and provide an auditable source of truth.",Software Engineering,Frontend,React standards,architecture_decision_record,US,INTERNAL,"[""employee"", ""engineer"", ""tech_lead"", ""architect""]",[],2.1,ACTIVE,Data Platform,servicenow,2024-03-17,d8f65b06bd3e
ENG-000081-C02,ENG-000081,ENG-FRONTEND-00060,2,Scope,"React Standards — United States v2.1
Scope
Archived versions remain available for audit purposes but must not be used for new decisions. This version applies to United States.",Software Engineering,Frontend,React standards,architecture_decision_record,US,INTERNAL,"[""employee"", ""engineer"", ""tech_lead"", ""architect""]",[],2.1,ACTIVE,Data Platform,servicenow,2024-03-17,64c0ffbdf29b
ENG-000081-C03,ENG-000081,ENG-FRONTEND-00060,3,Requirements,"React Standards — United States v2.1
Requirements
- React Standards must follow the current approved policy and ownership model. - Operational evidence for React standards should be retained according to the applicable retention schedule. - Exceptions involving React standards require documented approval from the responsible owner. - Teams should use standard tooling and published procedures when working with React standards.",Software Engineering,Frontend,React standards,architecture_decision_record,US,INTERNAL,"[""employee"", ""engineer"", ""tech_lead"", ""architect""]",[],2.1,ACTIVE,Data Platform,servicenow,2024-03-17,e77db1e1dcdb
ENG-000081-C04,ENG-000081,ENG-FRONTEND-00060,4,Controls,"React Standards — United States v2.1
Controls
Requests requiring elevated access must be approved by the designated owner and recorded in the enterprise service system.",Software Engineering,Frontend,React standards,architecture_decision_record,US,INTERNAL,"[""employee"", ""engineer"", ""tech_lead"", ""architect""]",[],2.1,ACTIVE,Data Platform,servicenow,2024-03-17,c352432803df
ENG-000081-C05,ENG-000081,ENG-FRONTEND-00060,5,Procedure,"React Standards — United States v2.1
Procedure
1. Confirm that the request concerns React standards.
2. Verify the relevant owner, country, environment, and current version.
3. Follow the approved workflow and capture evidence.
4. Escalate unresolved or exceptional cases to Data Platform.",Software Engineering,Frontend,React standards,architecture_decision_record,US,INTERNAL,"[""employee"", ""engineer"", ""tech_lead"", ""architect""]",[],2.1,ACTIVE,Data Platform,servicenow,2024-03-17,7ae812581424
ENG-000081-C06,ENG-000081,ENG-FRONTEND-00060,6,Validation,"React Standards — United States v2.1
Validation
If the procedure does not resolve the issue, escalate to the listed owner team with timestamps, identifiers, and evidence.",Software Engineering,Frontend,React standards,architecture_decision_record,US,INTERNAL,"[""employee"", ""engineer"", ""tech_lead"", ""architect""]",[],2.1,ACTIVE,Data Platform,servicenow,2024-03-17,29d8df86d2df
ENG-000081-C07,ENG-000081,ENG-FRONTEND-00060,7,Version,"React Standards — United States v2.1
Version
Version 2.1. Status: ACTIVE.",Software Engineering,Frontend,React standards,architecture_decision_record,US,INTERNAL,"[""employee"", ""engineer"", ""tech_lead"", ""architect""]",[],2.1,ACTIVE,Data Platform,servicenow,2024-03-17,48dd0e16d6fc
ENG-000082-C00,ENG-000082,ENG-PYTHON-B-00061,0,Pydantic Contracts — India,"Pydantic Contracts — India
Pydantic Contracts — India
# Pydantic Contracts — India",Software Engineering,Python Backend,Pydantic contracts,technical_standard,IN,EMPLOYEE,"[""employee"", ""engineer"", ""tech_lead"", ""architect""]",[],1.0,ACTIVE,Data Platform,google_drive,2025-09-23,2c6ff1521496
ENG-000082-C01,ENG-000082,ENG-PYTHON-B-00061,1,Purpose,"Pydantic Contracts — India
Purpose
The standard exists to reduce inconsistent implementation, avoid repeated support effort, and provide an auditable source of truth.",Software Engineering,Python Backend,Pydantic contracts,technical_standard,IN,EMPLOYEE,"[""employee"", ""engineer"", ""tech_lead"", ""architect""]",[],1.0,ACTIVE,Data Platform,google_drive,2025-09-23,47b2249d6d76
ENG-000082-C02,ENG-000082,ENG-PYTHON-B-00061,2,Scope,"Pydantic Contracts — India
Scope
Country-specific and role-specific exceptions override the global baseline only when explicitly documented. This version applies to India.",Software Engineering,Python Backend,Pydantic contracts,technical_standard,IN,EMPLOYEE,"[""employee"", ""engineer"", ""tech_lead"", ""architect""]",[],1.0,ACTIVE,Data Platform,google_drive,2025-09-23,095cbf8a4242
ENG-000082-C03,ENG-000082,ENG-PYTHON-B-00061,3,Requirements,"Pydantic Contracts — India
Requirements
- Pydantic Contracts must follow the current approved policy and ownership model. - Operational evidence for Pydantic contracts should be retained according to the applicable retention schedule. - Exceptions involving Pydantic contracts require documented approval from the responsible owner. - Teams should use standard tooling and published procedures when working with Pydantic contracts.",Software Engineering,Python Backend,Pydantic contracts,technical_standard,IN,EMPLOYEE,"[""employee"", ""engineer"", ""tech_lead"", ""architect""]",[],1.0,ACTIVE,Data Platform,google_drive,2025-09-23,9afdbe611714
ENG-000082-C04,ENG-000082,ENG-PYTHON-B-00061,4,Controls,"Pydantic Contracts — India
Controls
Sensitive information must follow the organisation's classification and least-privilege requirements.",Software Engineering,Python Backend,Pydantic contracts,technical_standard,IN,EMPLOYEE,"[""employee"", ""engineer"", ""tech_lead"", ""architect""]",[],1.0,ACTIVE,Data Platform,google_drive,2025-09-23,93db709cd205
ENG-000082-C05,ENG-000082,ENG-PYTHON-B-00061,5,Procedure,"Pydantic Contracts — India
Procedure
1. Confirm that the request concerns Pydantic contracts.
2. Verify the relevant owner, country, environment, and current version.
3. Follow the approved workflow and capture evidence.
4. Escalate unresolved or exceptional cases to Data Platform.",Software Engineering,Python Backend,Pydantic contracts,technical_standard,IN,EMPLOYEE,"[""employee"", ""engineer"", ""tech_lead"", ""architect""]",[],1.0,ACTIVE,Data Platform,google_drive,2025-09-23,c43394cbf582
ENG-000082-C06,ENG-000082,ENG-PYTHON-B-00061,6,Validation,"Pydantic Contracts — India
Validation
If the procedure does not resolve the issue, escalate to the listed owner team with timestamps, identifiers, and evidence.",Software Engineering,Python Backend,Pydantic contracts,technical_standard,IN,EMPLOYEE,"[""employee"", ""engineer"", ""tech_lead"", ""architect""]",[],1.0,ACTIVE,Data Platform,google_drive,2025-09-23,1788e95604d9
ENG-000082-C07,ENG-000082,ENG-PYTHON-B-00061,7,Version,"Pydantic Contracts — India
Version
Version 1.0. Status: ACTIVE.",Software Engineering,Python Backend,Pydantic contracts,technical_standard,IN,EMPLOYEE,"[""employee"", ""engineer"", ""tech_lead"", ""architect""]",[],1.0,ACTIVE,Data Platform,google_drive,2025-09-23,1d84ae09d57d
ENG-000083-C00,ENG-000083,ENG-TESTING-00062,0,Integration Testing — United States,"Integration Testing — United States
Integration Testing — United States
# Integration Testing — United States",Software Engineering,Testing,integration testing,api_guide,US,CONFIDENTIAL,"[""tech_lead"", ""architect""]","[""Software Engineering""]",1.4,ACTIVE,Data Platform,confluence,2025-07-03,a4f54ce52116
ENG-000083-C01,ENG-000083,ENG-TESTING-00062,1,Purpose,"Integration Testing — United States
Purpose
The standard exists to reduce inconsistent implementation, avoid repeated support effort, and provide an auditable source of truth.",Software Engineering,Testing,integration testing,api_guide,US,CONFIDENTIAL,"[""tech_lead"", ""architect""]","[""Software Engineering""]",1.4,ACTIVE,Data Platform,confluence,2025-07-03,ed5bffa79c7a
ENG-000083-C02,ENG-000083,ENG-TESTING-00062,2,Scope,"Integration Testing — United States
Scope
Archived versions remain available for audit purposes but must not be used for new decisions. This version applies to United States.",Software Engineering,Testing,integration testing,api_guide,US,CONFIDENTIAL,"[""tech_lead"", ""architect""]","[""Software Engineering""]",1.4,ACTIVE,Data Platform,confluence,2025-07-03,7d438f95d071
ENG-000083-C03,ENG-000083,ENG-TESTING-00062,3,Requirements,"Integration Testing — United States
Requirements
- Integration Testing must follow the current approved policy and ownership model. - Operational evidence for integration testing should be retained according to the applicable retention schedule. - Exceptions involving integration testing require documented approval from the responsible owner. - Teams should use standard tooling and published procedures when working with integration testing.",Software Engineering,Testing,integration testing,api_guide,US,CONFIDENTIAL,"[""tech_lead"", ""architect""]","[""Software Engineering""]",1.4,ACTIVE,Data Platform,confluence,2025-07-03,8e894f5d0ac2
ENG-000083-C04,ENG-000083,ENG-TESTING-00062,4,Controls,"Integration Testing — United States
Controls
Sensitive information must follow the organisation's classification and least-privilege requirements.",Software Engineering,Testing,integration testing,api_guide,US,CONFIDENTIAL,"[""tech_lead"", ""architect""]","[""Software Engineering""]",1.4,ACTIVE,Data Platform,confluence,2025-07-03,33ce9ab72c59
ENG-000083-C05,ENG-000083,ENG-TESTING-00062,5,Procedure,"Integration Testing — United States
Procedure
1. Confirm that the request concerns integration testing.
2. Verify the relevant owner, country, environment, and current version.
3. Follow the approved workflow and capture evidence.
4. Escalate unresolved or exceptional cases to Data Platform.",Software Engineering,Testing,integration testing,api_guide,US,CONFIDENTIAL,"[""tech_lead"", ""architect""]","[""Software Engineering""]",1.4,ACTIVE,Data Platform,confluence,2025-07-03,65d09d2279be
ENG-000083-C06,ENG-000083,ENG-TESTING-00062,6,Validation,"Integration Testing — United States
Validation
If the procedure does not resolve the issue, escalate to the listed owner team with timestamps, identifiers, and evidence.",Software Engineering,Testing,integration testing,api_guide,US,CONFIDENTIAL,"[""tech_lead"", ""architect""]","[""Software Engineering""]",1.4,ACTIVE,Data Platform,confluence,2025-07-03,652a8ffb1fe8
ENG-000083-C07,ENG-000083,ENG-TESTING-00062,7,Version,"Integration Testing — United States
Version
Version 1.4. Status: ACTIVE.",Software Engineering,Testing,integration testing,api_guide,US,CONFIDENTIAL,"[""tech_lead"", ""architect""]","[""Software Engineering""]",1.4,ACTIVE,Data Platform,confluence,2025-07-03,76c8b4c9be36
ENG-000084-C00,ENG-000084,ENG-ARCHITEC-00063,0,Adr Process — India,"Adr Process — India
Adr Process — India
# Adr Process — India",Software Engineering,Architecture,ADR process,design_note,IN,EMPLOYEE,"[""employee"", ""engineer"", ""tech_lead"", ""architect""]",[],1.2,ARCHIVED,Frontend Platform,hr_portal,2025-06-30,8a10c2697a43
ENG-000084-C01,ENG-000084,ENG-ARCHITEC-00063,1,Purpose,"Adr Process — India
Purpose
Teams must apply this guidance when working with ADR process in production or employee-facing environments.",Software Engineering,Architecture,ADR process,design_note,IN,EMPLOYEE,"[""employee"", ""engineer"", ""tech_lead"", ""architect""]",[],1.2,ARCHIVED,Frontend Platform,hr_portal,2025-06-30,e4474a8dd12f
ENG-000084-C02,ENG-000084,ENG-ARCHITEC-00063,2,Scope,"Adr Process — India
Scope
Archived versions remain available for audit purposes but must not be used for new decisions. This version applies to India.",Software Engineering,Architecture,ADR process,design_note,IN,EMPLOYEE,"[""employee"", ""engineer"", ""tech_lead"", ""architect""]",[],1.2,ARCHIVED,Frontend Platform,hr_portal,2025-06-30,af78b92a6f6a
ENG-000084-C03,ENG-000084,ENG-ARCHITEC-00063,3,Requirements,"Adr Process — India
Requirements
- Adr Process must follow the current approved policy and ownership model. - Operational evidence for ADR process should be retained according to the applicable retention schedule. - Exceptions involving ADR process require documented approval from the responsible owner. - Teams should use standard tooling and published procedures when working with ADR process.",Software Engineering,Architecture,ADR process,design_note,IN,EMPLOYEE,"[""employee"", ""engineer"", ""tech_lead"", ""architect""]",[],1.2,ARCHIVED,Frontend Platform,hr_portal,2025-06-30,204759492cb3
ENG-000084-C04,ENG-000084,ENG-ARCHITEC-00063,4,Controls,"Adr Process — India
Controls
Requests requiring elevated access must be approved by the designated owner and recorded in the enterprise service system.",Software Engineering,Architecture,ADR process,design_note,IN,EMPLOYEE,"[""employee"", ""engineer"", ""tech_lead"", ""architect""]",[],1.2,ARCHIVED,Frontend Platform,hr_portal,2025-06-30,c67ad6d750e4
ENG-000084-C05,ENG-000084,ENG-ARCHITEC-00063,5,Procedure,"Adr Process — India
Procedure
1. Confirm that the request concerns ADR process.
2. Verify the relevant owner, country, environment, and current version.
3. Follow the approved workflow and capture evidence.
4. Escalate unresolved or exceptional cases to Frontend Platform.",Software Engineering,Architecture,ADR process,design_note,IN,EMPLOYEE,"[""employee"", ""engineer"", ""tech_lead"", ""architect""]",[],1.2,ARCHIVED,Frontend Platform,hr_portal,2025-06-30,c6d4a8b842b3
ENG-000084-C06,ENG-000084,ENG-ARCHITEC-00063,6,Validation,"Adr Process — India
Validation
Do not bypass required controls simply to shorten resolution time.",Software Engineering,Architecture,ADR process,design_note,IN,EMPLOYEE,"[""employee"", ""engineer"", ""tech_lead"", ""architect""]",[],1.2,ARCHIVED,Frontend Platform,hr_portal,2025-06-30,a0aa71a75fa4
ENG-000084-C07,ENG-000084,ENG-ARCHITEC-00063,7,Version,"Adr Process — India
Version
Version 1.2. Status: ARCHIVED. This document is archived and retained only for historical reference.",Software Engineering,Architecture,ADR process,design_note,IN,EMPLOYEE,"[""employee"", ""engineer"", ""tech_lead"", ""architect""]",[],1.2,ARCHIVED,Frontend Platform,hr_portal,2025-06-30,2b1e307381e8
ENG-000085-C00,ENG-000085,ENG-PYTHON-B-00064,0,Dependency Pinning — United States,"Dependency Pinning — United States
Dependency Pinning — United States
# Dependency Pinning — United States",Software Engineering,Python Backend,dependency pinning,coding_standard,US,INTERNAL,"[""employee"", ""engineer"", ""tech_lead"", ""architect""]",[],1.4,ACTIVE,Backend Platform,sharepoint,2024-03-08,a64ff20787ed
ENG-000085-C01,ENG-000085,ENG-PYTHON-B-00064,1,Purpose,"Dependency Pinning — United States
Purpose
The standard exists to reduce inconsistent implementation, avoid repeated support effort, and provide an auditable source of truth.",Software Engineering,Python Backend,dependency pinning,coding_standard,US,INTERNAL,"[""employee"", ""engineer"", ""tech_lead"", ""architect""]",[],1.4,ACTIVE,Backend Platform,sharepoint,2024-03-08,a3d1a5e862cb
ENG-000085-C02,ENG-000085,ENG-PYTHON-B-00064,2,Scope,"Dependency Pinning — United States
Scope
Country-specific and role-specific exceptions override the global baseline only when explicitly documented. This version applies to United States.",Software Engineering,Python Backend,dependency pinning,coding_standard,US,INTERNAL,"[""employee"", ""engineer"", ""tech_lead"", ""architect""]",[],1.4,ACTIVE,Backend Platform,sharepoint,2024-03-08,8dd7cfe3de63
ENG-000085-C03,ENG-000085,ENG-PYTHON-B-00064,3,Requirements,"Dependency Pinning — United States
Requirements
- Dependency Pinning must follow the current approved policy and ownership model. - Operational evidence for dependency pinning should be retained according to the applicable retention schedule. - Exceptions involving dependency pinning require documented approval from the responsible owner. - Teams should use standard tooling and published procedures when working with dependency pinning.",Software Engineering,Python Backend,dependency pinning,coding_standard,US,INTERNAL,"[""employee"", ""engineer"", ""tech_lead"", ""architect""]",[],1.4,ACTIVE,Backend Platform,sharepoint,2024-03-08,485a3d7d91bb
ENG-000085-C04,ENG-000085,ENG-PYTHON-B-00064,4,Controls,"Dependency Pinning — United States
Controls
Requests requiring elevated access must be approved by the designated owner and recorded in the enterprise service system.",Software Engineering,Python Backend,dependency pinning,coding_standard,US,INTERNAL,"[""employee"", ""engineer"", ""tech_lead"", ""architect""]",[],1.4,ACTIVE,Backend Platform,sharepoint,2024-03-08,cf94882c90ce
ENG-000085-C05,ENG-000085,ENG-PYTHON-B-00064,5,Procedure,"Dependency Pinning — United States
Procedure
1. Confirm that the request concerns dependency pinning.
2. Verify the relevant owner, country, environment, and current version.
3. Follow the approved workflow and capture evidence.
4. Escalate unresolved or exceptional cases to Backend Platform.",Software Engineering,Python Backend,dependency pinning,coding_standard,US,INTERNAL,"[""employee"", ""engineer"", ""tech_lead"", ""architect""]",[],1.4,ACTIVE,Backend Platform,sharepoint,2024-03-08,85140a3f6908
ENG-000085-C06,ENG-000085,ENG-PYTHON-B-00064,6,Validation,"Dependency Pinning — United States
Validation
Verify the current document version before acting.",Software Engineering,Python Backend,dependency pinning,coding_standard,US,INTERNAL,"[""employee"", ""engineer"", ""tech_lead"", ""architect""]",[],1.4,ACTIVE,Backend Platform,sharepoint,2024-03-08,22ac7f0085d5
ENG-000085-C07,ENG-000085,ENG-PYTHON-B-00064,7,Version,"Dependency Pinning — United States
Version
Version 1.4. Status: ACTIVE.",Software Engineering,Python Backend,dependency pinning,coding_standard,US,INTERNAL,"[""employee"", ""engineer"", ""tech_lead"", ""architect""]",[],1.4,ACTIVE,Backend Platform,sharepoint,2024-03-08,cb7445261787
ENG-000086-C00,ENG-000086,ENG-DATABASE-00065,0,Migration Safety — Global,"Migration Safety — Global
Migration Safety — Global
# Migration Safety — Global",Software Engineering,Databases,migration safety,architecture_decision_record,GLOBAL,INTERNAL,"[""employee"", ""engineer"", ""tech_lead"", ""architect""]",[],1.2,ACTIVE,Backend Platform,github,2026-09-23,e99929ec8d89
ENG-000086-C01,ENG-000086,ENG-DATABASE-00065,1,Purpose,"Migration Safety — Global
Purpose
Teams must apply this guidance when working with migration safety in production or employee-facing environments.",Software Engineering,Databases,migration safety,architecture_decision_record,GLOBAL,INTERNAL,"[""employee"", ""engineer"", ""tech_lead"", ""architect""]",[],1.2,ACTIVE,Backend Platform,github,2026-09-23,439640a221f5
ENG-000086-C02,ENG-000086,ENG-DATABASE-00065,2,Scope,"Migration Safety — Global
Scope
It applies to employees, contractors, and managed service teams where the stated scope is relevant. This version is the global baseline; country-specific documents may impose additional requirements.",Software Engineering,Databases,migration safety,architecture_decision_record,GLOBAL,INTERNAL,"[""employee"", ""engineer"", ""tech_lead"", ""architect""]",[],1.2,ACTIVE,Backend Platform,github,2026-09-23,77484193b61c
ENG-000086-C03,ENG-000086,ENG-DATABASE-00065,3,Requirements,"Migration Safety — Global
Requirements
- Migration Safety must follow the current approved policy and ownership model. - Operational evidence for migration safety should be retained according to the applicable retention schedule. - Exceptions involving migration safety require documented approval from the responsible owner. - Teams should use standard tooling and published procedures when working with migration safety.",Software Engineering,Databases,migration safety,architecture_decision_record,GLOBAL,INTERNAL,"[""employee"", ""engineer"", ""tech_lead"", ""architect""]",[],1.2,ACTIVE,Backend Platform,github,2026-09-23,dff6d9907d1b
ENG-000086-C04,ENG-000086,ENG-DATABASE-00065,4,Controls,"Migration Safety — Global
Controls
Requests requiring elevated access must be approved by the designated owner and recorded in the enterprise service system.",Software Engineering,Databases,migration safety,architecture_decision_record,GLOBAL,INTERNAL,"[""employee"", ""engineer"", ""tech_lead"", ""architect""]",[],1.2,ACTIVE,Backend Platform,github,2026-09-23,2c4596cc6235
ENG-000086-C05,ENG-000086,ENG-DATABASE-00065,5,Procedure,"Migration Safety — Global
Procedure
1. Confirm that the request concerns migration safety.
2. Verify the relevant owner, country, environment, and current version.
3. Follow the approved workflow and capture evidence.
4. Escalate unresolved or exceptional cases to Backend Platform.",Software Engineering,Databases,migration safety,architecture_decision_record,GLOBAL,INTERNAL,"[""employee"", ""engineer"", ""tech_lead"", ""architect""]",[],1.2,ACTIVE,Backend Platform,github,2026-09-23,19ff6068e08b
ENG-000086-C06,ENG-000086,ENG-DATABASE-00065,6,Validation,"Migration Safety — Global
Validation
Verify the current document version before acting.",Software Engineering,Databases,migration safety,architecture_decision_record,GLOBAL,INTERNAL,"[""employee"", ""engineer"", ""tech_lead"", ""architect""]",[],1.2,ACTIVE,Backend Platform,github,2026-09-23,20f276ada7f4
ENG-000086-C07,ENG-000086,ENG-DATABASE-00065,7,Version,"Migration Safety — Global
Version
Version 1.2. Status: ACTIVE.",Software Engineering,Databases,migration safety,architecture_decision_record,GLOBAL,INTERNAL,"[""employee"", ""engineer"", ""tech_lead"", ""architect""]",[],1.2,ACTIVE,Backend Platform,github,2026-09-23,b4964af10d53
ENG-000087-C00,ENG-000087,ENG-APIS-00066,0,Rest Versioning — United States,"Rest Versioning — United States
Rest Versioning — United States
# Rest Versioning — United States",Software Engineering,APIs,REST versioning,known_issue,US,EMPLOYEE,"[""employee"", ""engineer"", ""tech_lead"", ""architect""]",[],1.4,ACTIVE,Backend Platform,sharepoint,2026-09-23,075ceaaba4a1
ENG-000087-C01,ENG-000087,ENG-APIS-00066,1,Purpose,"Rest Versioning — United States
Purpose
Teams must apply this guidance when working with REST versioning in production or employee-facing environments.",Software Engineering,APIs,REST versioning,known_issue,US,EMPLOYEE,"[""employee"", ""engineer"", ""tech_lead"", ""architect""]",[],1.4,ACTIVE,Backend Platform,sharepoint,2026-09-23,751ddbbc2e59
ENG-000087-C02,ENG-000087,ENG-APIS-00066,2,Scope,"Rest Versioning — United States
Scope
Country-specific and role-specific exceptions override the global baseline only when explicitly documented. This version applies to United States.",Software Engineering,APIs,REST versioning,known_issue,US,EMPLOYEE,"[""employee"", ""engineer"", ""tech_lead"", ""architect""]",[],1.4,ACTIVE,Backend Platform,sharepoint,2026-09-23,18c009f61574
ENG-000087-C03,ENG-000087,ENG-APIS-00066,3,Requirements,"Rest Versioning — United States
Requirements
- Breaking changes require a new externally visible contract version. - Backward compatibility should be preserved where feasible. - Deprecated versions must publish a retirement schedule. - Breaking changes require a new externally visible contract version.",Software Engineering,APIs,REST versioning,known_issue,US,EMPLOYEE,"[""employee"", ""engineer"", ""tech_lead"", ""architect""]",[],1.4,ACTIVE,Backend Platform,sharepoint,2026-09-23,b6b6bb0973de
ENG-000087-C04,ENG-000087,ENG-APIS-00066,4,Controls,"Rest Versioning — United States
Controls
Changes affecting production require peer review, traceable evidence, and rollback instructions.",Software Engineering,APIs,REST versioning,known_issue,US,EMPLOYEE,"[""employee"", ""engineer"", ""tech_lead"", ""architect""]",[],1.4,ACTIVE,Backend Platform,sharepoint,2026-09-23,2244ceefba26
ENG-000087-C05,ENG-000087,ENG-APIS-00066,5,Procedure,"Rest Versioning — United States
Procedure
1. Confirm that the request concerns REST versioning.
2. Verify the relevant owner, country, environment, and current version.
3. Follow the approved workflow and capture evidence.
4. Escalate unresolved or exceptional cases to Backend Platform.",Software Engineering,APIs,REST versioning,known_issue,US,EMPLOYEE,"[""employee"", ""engineer"", ""tech_lead"", ""architect""]",[],1.4,ACTIVE,Backend Platform,sharepoint,2026-09-23,a58ffda91666
ENG-000087-C06,ENG-000087,ENG-APIS-00066,6,Validation,"Rest Versioning — United States
Validation
Do not bypass required controls simply to shorten resolution time.",Software Engineering,APIs,REST versioning,known_issue,US,EMPLOYEE,"[""employee"", ""engineer"", ""tech_lead"", ""architect""]",[],1.4,ACTIVE,Backend Platform,sharepoint,2026-09-23,4643c7234973
ENG-000087-C07,ENG-000087,ENG-APIS-00066,7,Version,"Rest Versioning — United States
Version
Version 1.4. Status: ACTIVE.",Software Engineering,APIs,REST versioning,known_issue,US,EMPLOYEE,"[""employee"", ""engineer"", ""tech_lead"", ""architect""]",[],1.4,ACTIVE,Backend Platform,sharepoint,2026-09-23,0f02b59e3ea7
ENG-000088-C00,ENG-000088,ENG-DATABASE-00067,0,Transaction Boundaries — United Kingdom,"Transaction Boundaries — United Kingdom
Transaction Boundaries — United Kingdom
# Transaction Boundaries — United Kingdom",Software Engineering,Databases,transaction boundaries,coding_standard,UK,INTERNAL,"[""employee"", ""engineer"", ""tech_lead"", ""architect""]",[],1.3,ACTIVE,Frontend Platform,sharepoint,2025-05-12,c6afc790aeae
ENG-000088-C01,ENG-000088,ENG-DATABASE-00067,1,Purpose,"Transaction Boundaries — United Kingdom
Purpose
Teams must apply this guidance when working with transaction boundaries in production or employee-facing environments.",Software Engineering,Databases,transaction boundaries,coding_standard,UK,INTERNAL,"[""employee"", ""engineer"", ""tech_lead"", ""architect""]",[],1.3,ACTIVE,Frontend Platform,sharepoint,2025-05-12,296ed49540e9
ENG-000088-C02,ENG-000088,ENG-DATABASE-00067,2,Scope,"Transaction Boundaries — United Kingdom
Scope
Archived versions remain available for audit purposes but must not be used for new decisions. This version applies to United Kingdom.",Software Engineering,Databases,transaction boundaries,coding_standard,UK,INTERNAL,"[""employee"", ""engineer"", ""tech_lead"", ""architect""]",[],1.3,ACTIVE,Frontend Platform,sharepoint,2025-05-12,5f09b155468e
ENG-000088-C03,ENG-000088,ENG-DATABASE-00067,3,Requirements,"Transaction Boundaries — United Kingdom
Requirements
- Transaction Boundaries must follow the current approved policy and ownership model. - Operational evidence for transaction boundaries should be retained according to the applicable retention schedule. - Exceptions involving transaction boundaries require documented approval from the responsible owner. - Teams should use standard tooling and published procedures when working with transaction boundaries.",Software Engineering,Databases,transaction boundaries,coding_standard,UK,INTERNAL,"[""employee"", ""engineer"", ""tech_lead"", ""architect""]",[],1.3,ACTIVE,Frontend Platform,sharepoint,2025-05-12,4858f72dbb88
ENG-000088-C04,ENG-000088,ENG-DATABASE-00067,4,Controls,"Transaction Boundaries — United Kingdom
Controls
Requests requiring elevated access must be approved by the designated owner and recorded in the enterprise service system.",Software Engineering,Databases,transaction boundaries,coding_standard,UK,INTERNAL,"[""employee"", ""engineer"", ""tech_lead"", ""architect""]",[],1.3,ACTIVE,Frontend Platform,sharepoint,2025-05-12,ad18fd3981ba
ENG-000088-C05,ENG-000088,ENG-DATABASE-00067,5,Procedure,"Transaction Boundaries — United Kingdom
Procedure
1. Confirm that the request concerns transaction boundaries.
2. Verify the relevant owner, country, environment, and current version.
3. Follow the approved workflow and capture evidence.
4. Escalate unresolved or exceptional cases to Frontend Platform.",Software Engineering,Databases,transaction boundaries,coding_standard,UK,INTERNAL,"[""employee"", ""engineer"", ""tech_lead"", ""architect""]",[],1.3,ACTIVE,Frontend Platform,sharepoint,2025-05-12,bf5d08ee930a
ENG-000088-C06,ENG-000088,ENG-DATABASE-00067,6,Validation,"Transaction Boundaries — United Kingdom
Validation
Do not bypass required controls simply to shorten resolution time.",Software Engineering,Databases,transaction boundaries,coding_standard,UK,INTERNAL,"[""employee"", ""engineer"", ""tech_lead"", ""architect""]",[],1.3,ACTIVE,Frontend Platform,sharepoint,2025-05-12,35c090e6699b
ENG-000088-C07,ENG-000088,ENG-DATABASE-00067,7,Version,"Transaction Boundaries — United Kingdom
Version
Version 1.3. Status: ACTIVE.",Software Engineering,Databases,transaction boundaries,coding_standard,UK,INTERNAL,"[""employee"", ""engineer"", ""tech_lead"", ""architect""]",[],1.3,ACTIVE,Frontend Platform,sharepoint,2025-05-12,fee014fde126
ENG-000089-C00,ENG-000089,ENG-APIS-00068,0,Error Envelopes — India,"Error Envelopes — India
Error Envelopes — India
# Error Envelopes — India",Software Engineering,APIs,error envelopes,technical_standard,IN,INTERNAL,"[""employee"", ""engineer"", ""tech_lead"", ""architect""]",[],1.1,ACTIVE,Architecture Guild,google_drive,2026-09-23,64a7a4d3a7ce
ENG-000089-C01,ENG-000089,ENG-APIS-00068,1,Purpose,"Error Envelopes — India
Purpose
The standard exists to reduce inconsistent implementation, avoid repeated support effort, and provide an auditable source of truth.",Software Engineering,APIs,error envelopes,technical_standard,IN,INTERNAL,"[""employee"", ""engineer"", ""tech_lead"", ""architect""]",[],1.1,ACTIVE,Architecture Guild,google_drive,2026-09-23,d11926995859
ENG-000089-C02,ENG-000089,ENG-APIS-00068,2,Scope,"Error Envelopes — India
Scope
It applies to employees, contractors, and managed service teams where the stated scope is relevant. This version applies to India.",Software Engineering,APIs,error envelopes,technical_standard,IN,INTERNAL,"[""employee"", ""engineer"", ""tech_lead"", ""architect""]",[],1.1,ACTIVE,Architecture Guild,google_drive,2026-09-23,939dba5da061
ENG-000089-C03,ENG-000089,ENG-APIS-00068,3,Requirements,"Error Envelopes — India
Requirements
- Error Envelopes must follow the current approved policy and ownership model. - Operational evidence for error envelopes should be retained according to the applicable retention schedule. - Exceptions involving error envelopes require documented approval from the responsible owner. - Teams should use standard tooling and published procedures when working with error envelopes.",Software Engineering,APIs,error envelopes,technical_standard,IN,INTERNAL,"[""employee"", ""engineer"", ""tech_lead"", ""architect""]",[],1.1,ACTIVE,Architecture Guild,google_drive,2026-09-23,d4d95b99f2c5
ENG-000089-C04,ENG-000089,ENG-APIS-00068,4,Controls,"Error Envelopes — India
Controls
Sensitive information must follow the organisation's classification and least-privilege requirements.",Software Engineering,APIs,error envelopes,technical_standard,IN,INTERNAL,"[""employee"", ""engineer"", ""tech_lead"", ""architect""]",[],1.1,ACTIVE,Architecture Guild,google_drive,2026-09-23,3591355dc8a7
ENG-000089-C05,ENG-000089,ENG-APIS-00068,5,Procedure,"Error Envelopes — India
Procedure
1. Confirm that the request concerns error envelopes.
2. Verify the relevant owner, country, environment, and current version.
3. Follow the approved workflow and capture evidence.
4. Escalate unresolved or exceptional cases to Architecture Guild.",Software Engineering,APIs,error envelopes,technical_standard,IN,INTERNAL,"[""employee"", ""engineer"", ""tech_lead"", ""architect""]",[],1.1,ACTIVE,Architecture Guild,google_drive,2026-09-23,fff2e9a0c2d3
ENG-000089-C06,ENG-000089,ENG-APIS-00068,6,Validation,"Error Envelopes — India
Validation
If the procedure does not resolve the issue, escalate to the listed owner team with timestamps, identifiers, and evidence.",Software Engineering,APIs,error envelopes,technical_standard,IN,INTERNAL,"[""employee"", ""engineer"", ""tech_lead"", ""architect""]",[],1.1,ACTIVE,Architecture Guild,google_drive,2026-09-23,55e196086c39
ENG-000089-C07,ENG-000089,ENG-APIS-00068,7,Version,"Error Envelopes — India
Version
Version 1.1. Status: ACTIVE.",Software Engineering,APIs,error envelopes,technical_standard,IN,INTERNAL,"[""employee"", ""engineer"", ""tech_lead"", ""architect""]",[],1.1,ACTIVE,Architecture Guild,google_drive,2026-09-23,0b043549c6a6
ENG-000090-C00,ENG-000090,ENG-ARCHITEC-00069,0,Event-Driven Design — United Kingdom,"Event-Driven Design — United Kingdom
Event-Driven Design — United Kingdom
# Event-Driven Design — United Kingdom",Software Engineering,Architecture,event-driven design,technical_standard,UK,INTERNAL,"[""employee"", ""engineer"", ""tech_lead"", ""architect""]",[],1.2,ACTIVE,Developer Experience,servicenow,2026-05-05,c4af81a30559
ENG-000090-C01,ENG-000090,ENG-ARCHITEC-00069,1,Purpose,"Event-Driven Design — United Kingdom
Purpose
Teams must apply this guidance when working with event-driven design in production or employee-facing environments.",Software Engineering,Architecture,event-driven design,technical_standard,UK,INTERNAL,"[""employee"", ""engineer"", ""tech_lead"", ""architect""]",[],1.2,ACTIVE,Developer Experience,servicenow,2026-05-05,1f6f95ba49d4
ENG-000090-C02,ENG-000090,ENG-ARCHITEC-00069,2,Scope,"Event-Driven Design — United Kingdom
Scope
It applies to employees, contractors, and managed service teams where the stated scope is relevant. This version applies to United Kingdom.",Software Engineering,Architecture,event-driven design,technical_standard,UK,INTERNAL,"[""employee"", ""engineer"", ""tech_lead"", ""architect""]",[],1.2,ACTIVE,Developer Experience,servicenow,2026-05-05,5f3b48fbb044
ENG-000090-C03,ENG-000090,ENG-ARCHITEC-00069,3,Requirements,"Event-Driven Design — United Kingdom
Requirements
- Event-Driven Design must follow the current approved policy and ownership model. - Operational evidence for event-driven design should be retained according to the applicable retention schedule. - Exceptions involving event-driven design require documented approval from the responsible owner. - Teams should use standard tooling and published procedures when working with event-driven design.",Software Engineering,Architecture,event-driven design,technical_standard,UK,INTERNAL,"[""employee"", ""engineer"", ""tech_lead"", ""architect""]",[],1.2,ACTIVE,Developer Experience,servicenow,2026-05-05,4227168fc0f3
ENG-000090-C04,ENG-000090,ENG-ARCHITEC-00069,4,Controls,"Event-Driven Design — United Kingdom
Controls
Sensitive information must follow the organisation's classification and least-privilege requirements.",Software Engineering,Architecture,event-driven design,technical_standard,UK,INTERNAL,"[""employee"", ""engineer"", ""tech_lead"", ""architect""]",[],1.2,ACTIVE,Developer Experience,servicenow,2026-05-05,a2ca94e82120
ENG-000090-C05,ENG-000090,ENG-ARCHITEC-00069,5,Procedure,"Event-Driven Design — United Kingdom
Procedure
1. Confirm that the request concerns event-driven design.
2. Verify the relevant owner, country, environment, and current version.
3. Follow the approved workflow and capture evidence.
4. Escalate unresolved or exceptional cases to Developer Experience.",Software Engineering,Architecture,event-driven design,technical_standard,UK,INTERNAL,"[""employee"", ""engineer"", ""tech_lead"", ""architect""]",[],1.2,ACTIVE,Developer Experience,servicenow,2026-05-05,18be7ef4277c
ENG-000090-C06,ENG-000090,ENG-ARCHITEC-00069,6,Validation,"Event-Driven Design — United Kingdom
Validation
If the procedure does not resolve the issue, escalate to the listed owner team with timestamps, identifiers, and evidence.",Software Engineering,Architecture,event-driven design,technical_standard,UK,INTERNAL,"[""employee"", ""engineer"", ""tech_lead"", ""architect""]",[],1.2,ACTIVE,Developer Experience,servicenow,2026-05-05,dbdc3286dba4
ENG-000090-C07,ENG-000090,ENG-ARCHITEC-00069,7,Version,"Event-Driven Design — United Kingdom
Version
Version 1.2. Status: ACTIVE.",Software Engineering,Architecture,event-driven design,technical_standard,UK,INTERNAL,"[""employee"", ""engineer"", ""tech_lead"", ""architect""]",[],1.2,ACTIVE,Developer Experience,servicenow,2026-05-05,eee8c689dd5a
ENG-000091-C00,ENG-000091,ENG-APIS-00070,0,Idempotency — Global,"Idempotency — Global
Idempotency — Global
# Idempotency — Global",Software Engineering,APIs,idempotency,migration_guide,GLOBAL,INTERNAL,"[""employee"", ""engineer"", ""tech_lead"", ""architect""]",[],1.1,ACTIVE,Backend Platform,hr_portal,2025-03-22,237821ca80ac
ENG-000091-C01,ENG-000091,ENG-APIS-00070,1,Purpose,"Idempotency — Global
Purpose
This document defines the approved operating model for idempotency within Northstar Digital Services.",Software Engineering,APIs,idempotency,migration_guide,GLOBAL,INTERNAL,"[""employee"", ""engineer"", ""tech_lead"", ""architect""]",[],1.1,ACTIVE,Backend Platform,hr_portal,2025-03-22,7aba624308de
ENG-000091-C02,ENG-000091,ENG-APIS-00070,2,Scope,"Idempotency — Global
Scope
Archived versions remain available for audit purposes but must not be used for new decisions. This version is the global baseline; country-specific documents may impose additional requirements.",Software Engineering,APIs,idempotency,migration_guide,GLOBAL,INTERNAL,"[""employee"", ""engineer"", ""tech_lead"", ""architect""]",[],1.1,ACTIVE,Backend Platform,hr_portal,2025-03-22,469b9f7a37b1
ENG-000091-C03,ENG-000091,ENG-APIS-00070,3,Requirements,"Idempotency — Global
Requirements
- Idempotency must follow the current approved policy and ownership model. - Operational evidence for idempotency should be retained according to the applicable retention schedule. - Exceptions involving idempotency require documented approval from the responsible owner. - Teams should use standard tooling and published procedures when working with idempotency.",Software Engineering,APIs,idempotency,migration_guide,GLOBAL,INTERNAL,"[""employee"", ""engineer"", ""tech_lead"", ""architect""]",[],1.1,ACTIVE,Backend Platform,hr_portal,2025-03-22,32fcd88a8c2c
ENG-000091-C04,ENG-000091,ENG-APIS-00070,4,Controls,"Idempotency — Global
Controls
Changes affecting production require peer review, traceable evidence, and rollback instructions.",Software Engineering,APIs,idempotency,migration_guide,GLOBAL,INTERNAL,"[""employee"", ""engineer"", ""tech_lead"", ""architect""]",[],1.1,ACTIVE,Backend Platform,hr_portal,2025-03-22,155b3fadf795
ENG-000091-C05,ENG-000091,ENG-APIS-00070,5,Procedure,"Idempotency — Global
Procedure
1. Confirm that the request concerns idempotency.
2. Verify the relevant owner, country, environment, and current version.
3. Follow the approved workflow and capture evidence.
4. Escalate unresolved or exceptional cases to Backend Platform.",Software Engineering,APIs,idempotency,migration_guide,GLOBAL,INTERNAL,"[""employee"", ""engineer"", ""tech_lead"", ""architect""]",[],1.1,ACTIVE,Backend Platform,hr_portal,2025-03-22,3ac7ba229d5f
ENG-000091-C06,ENG-000091,ENG-APIS-00070,6,Validation,"Idempotency — Global
Validation
Do not bypass required controls simply to shorten resolution time.",Software Engineering,APIs,idempotency,migration_guide,GLOBAL,INTERNAL,"[""employee"", ""engineer"", ""tech_lead"", ""architect""]",[],1.1,ACTIVE,Backend Platform,hr_portal,2025-03-22,92e083695282
ENG-000091-C07,ENG-000091,ENG-APIS-00070,7,Version,"Idempotency — Global
Version
Version 1.1. Status: ACTIVE.",Software Engineering,APIs,idempotency,migration_guide,GLOBAL,INTERNAL,"[""employee"", ""engineer"", ""tech_lead"", ""architect""]",[],1.1,ACTIVE,Backend Platform,hr_portal,2025-03-22,10fcd42cc661
ENG-000092-C00,ENG-000092,ENG-TESTING-00071,0,Contract Testing — India,"Contract Testing — India
Contract Testing — India
# Contract Testing — India",Software Engineering,Testing,contract testing,design_note,IN,INTERNAL,"[""employee"", ""engineer"", ""tech_lead"", ""architect""]",[],1.4,DRAFT,Backend Platform,hr_portal,2026-09-23,b0dfc9f74191
ENG-000092-C01,ENG-000092,ENG-TESTING-00071,1,Purpose,"Contract Testing — India
Purpose
The standard exists to reduce inconsistent implementation, avoid repeated support effort, and provide an auditable source of truth.",Software Engineering,Testing,contract testing,design_note,IN,INTERNAL,"[""employee"", ""engineer"", ""tech_lead"", ""architect""]",[],1.4,DRAFT,Backend Platform,hr_portal,2026-09-23,1453b83f2705
ENG-000092-C02,ENG-000092,ENG-TESTING-00071,2,Scope,"Contract Testing — India
Scope
Country-specific and role-specific exceptions override the global baseline only when explicitly documented. This version applies to India.",Software Engineering,Testing,contract testing,design_note,IN,INTERNAL,"[""employee"", ""engineer"", ""tech_lead"", ""architect""]",[],1.4,DRAFT,Backend Platform,hr_portal,2026-09-23,52787031a4ab
ENG-000092-C03,ENG-000092,ENG-TESTING-00071,3,Requirements,"Contract Testing — India
Requirements
- Contract Testing must follow the current approved policy and ownership model. - Operational evidence for contract testing should be retained according to the applicable retention schedule. - Exceptions involving contract testing require documented approval from the responsible owner. - Teams should use standard tooling and published procedures when working with contract testing.",Software Engineering,Testing,contract testing,design_note,IN,INTERNAL,"[""employee"", ""engineer"", ""tech_lead"", ""architect""]",[],1.4,DRAFT,Backend Platform,hr_portal,2026-09-23,1da97e2d483e
ENG-000092-C04,ENG-000092,ENG-TESTING-00071,4,Controls,"Contract Testing — India
Controls
Changes affecting production require peer review, traceable evidence, and rollback instructions.",Software Engineering,Testing,contract testing,design_note,IN,INTERNAL,"[""employee"", ""engineer"", ""tech_lead"", ""architect""]",[],1.4,DRAFT,Backend Platform,hr_portal,2026-09-23,e0f91488f3b4
ENG-000092-C05,ENG-000092,ENG-TESTING-00071,5,Procedure,"Contract Testing — India
Procedure
1. Confirm that the request concerns contract testing.
2. Verify the relevant owner, country, environment, and current version.
3. Follow the approved workflow and capture evidence.
4. Escalate unresolved or exceptional cases to Backend Platform.",Software Engineering,Testing,contract testing,design_note,IN,INTERNAL,"[""employee"", ""engineer"", ""tech_lead"", ""architect""]",[],1.4,DRAFT,Backend Platform,hr_portal,2026-09-23,1898a718027a
ENG-000092-C06,ENG-000092,ENG-TESTING-00071,6,Validation,"Contract Testing — India
Validation
Verify the current document version before acting.",Software Engineering,Testing,contract testing,design_note,IN,INTERNAL,"[""employee"", ""engineer"", ""tech_lead"", ""architect""]",[],1.4,DRAFT,Backend Platform,hr_portal,2026-09-23,62e1703c1be6
ENG-000092-C07,ENG-000092,ENG-TESTING-00071,7,Version,"Contract Testing — India
Version
Version 1.4. Status: DRAFT.  This document is a draft and must not be treated as an approved source of policy.",Software Engineering,Testing,contract testing,design_note,IN,INTERNAL,"[""employee"", ""engineer"", ""tech_lead"", ""architect""]",[],1.4,DRAFT,Backend Platform,hr_portal,2026-09-23,e1b71dc36165
ENG-000093-C00,ENG-000093,ENG-PYTHON-B-00072,0,Fastapi Service Standard — Global,"Fastapi Service Standard — Global
Fastapi Service Standard — Global
# Fastapi Service Standard — Global",Software Engineering,Python Backend,FastAPI service standard,api_guide,GLOBAL,INTERNAL,"[""employee"", ""engineer"", ""tech_lead"", ""architect""]",[],1.1,ACTIVE,Backend Platform,hr_portal,2025-07-14,34ded7b1bc43
ENG-000093-C01,ENG-000093,ENG-PYTHON-B-00072,1,Purpose,"Fastapi Service Standard — Global
Purpose
This document defines the approved operating model for FastAPI service standard within Northstar Digital Services.",Software Engineering,Python Backend,FastAPI service standard,api_guide,GLOBAL,INTERNAL,"[""employee"", ""engineer"", ""tech_lead"", ""architect""]",[],1.1,ACTIVE,Backend Platform,hr_portal,2025-07-14,c25acc2f9f0d
ENG-000093-C02,ENG-000093,ENG-PYTHON-B-00072,2,Scope,"Fastapi Service Standard — Global
Scope
It applies to employees, contractors, and managed service teams where the stated scope is relevant. This version is the global baseline; country-specific documents may impose additional requirements.",Software Engineering,Python Backend,FastAPI service standard,api_guide,GLOBAL,INTERNAL,"[""employee"", ""engineer"", ""tech_lead"", ""architect""]",[],1.1,ACTIVE,Backend Platform,hr_portal,2025-07-14,a93cd97fb9d7
ENG-000093-C03,ENG-000093,ENG-PYTHON-B-00072,3,Requirements,"Fastapi Service Standard — Global
Requirements
- Service contracts must use explicit schemas. - Health and readiness endpoints are required. - Timeouts, structured logging, and request IDs are mandatory in production. - Service contracts must use explicit schemas.",Software Engineering,Python Backend,FastAPI service standard,api_guide,GLOBAL,INTERNAL,"[""employee"", ""engineer"", ""tech_lead"", ""architect""]",[],1.1,ACTIVE,Backend Platform,hr_portal,2025-07-14,f1a725171ec8
ENG-000093-C04,ENG-000093,ENG-PYTHON-B-00072,4,Controls,"Fastapi Service Standard — Global
Controls
Sensitive information must follow the organisation's classification and least-privilege requirements.",Software Engineering,Python Backend,FastAPI service standard,api_guide,GLOBAL,INTERNAL,"[""employee"", ""engineer"", ""tech_lead"", ""architect""]",[],1.1,ACTIVE,Backend Platform,hr_portal,2025-07-14,9f1e1c70913a
ENG-000093-C05,ENG-000093,ENG-PYTHON-B-00072,5,Procedure,"Fastapi Service Standard — Global
Procedure
1. Confirm that the request concerns FastAPI service standard.
2. Verify the relevant owner, country, environment, and current version.
3. Follow the approved workflow and capture evidence.
4. Escalate unresolved or exceptional cases to Backend Platform.",Software Engineering,Python Backend,FastAPI service standard,api_guide,GLOBAL,INTERNAL,"[""employee"", ""engineer"", ""tech_lead"", ""architect""]",[],1.1,ACTIVE,Backend Platform,hr_portal,2025-07-14,e5faad3a799d
ENG-000093-C06,ENG-000093,ENG-PYTHON-B-00072,6,Validation,"Fastapi Service Standard — Global
Validation
Verify the current document version before acting.",Software Engineering,Python Backend,FastAPI service standard,api_guide,GLOBAL,INTERNAL,"[""employee"", ""engineer"", ""tech_lead"", ""architect""]",[],1.1,ACTIVE,Backend Platform,hr_portal,2025-07-14,fc3bf69788a0
ENG-000093-C07,ENG-000093,ENG-PYTHON-B-00072,7,Version,"Fastapi Service Standard — Global
Version
Version 1.1. Status: ACTIVE.",Software Engineering,Python Backend,FastAPI service standard,api_guide,GLOBAL,INTERNAL,"[""employee"", ""engineer"", ""tech_lead"", ""architect""]",[],1.1,ACTIVE,Backend Platform,hr_portal,2025-07-14,cd41c6088298
ENG-000094-C00,ENG-000094,ENG-JAVA-SER-00073,0,Spring Boot Standard — United States,"Spring Boot Standard — United States
Spring Boot Standard — United States
# Spring Boot Standard — United States",Software Engineering,Java Services,Spring Boot standard,api_guide,US,INTERNAL,"[""employee"", ""engineer"", ""tech_lead"", ""architect""]",[],1.4,ACTIVE,Developer Experience,google_drive,2024-09-23,96e23c3ea16f
ENG-000094-C01,ENG-000094,ENG-JAVA-SER-00073,1,Purpose,"Spring Boot Standard — United States
Purpose
Teams must apply this guidance when working with Spring Boot standard in production or employee-facing environments.",Software Engineering,Java Services,Spring Boot standard,api_guide,US,INTERNAL,"[""employee"", ""engineer"", ""tech_lead"", ""architect""]",[],1.4,ACTIVE,Developer Experience,google_drive,2024-09-23,f0bfe2375c47
ENG-000094-C02,ENG-000094,ENG-JAVA-SER-00073,2,Scope,"Spring Boot Standard — United States
Scope
It applies to employees, contractors, and managed service teams where the stated scope is relevant. This version applies to United States.",Software Engineering,Java Services,Spring Boot standard,api_guide,US,INTERNAL,"[""employee"", ""engineer"", ""tech_lead"", ""architect""]",[],1.4,ACTIVE,Developer Experience,google_drive,2024-09-23,f169d67141c0
ENG-000094-C03,ENG-000094,ENG-JAVA-SER-00073,3,Requirements,"Spring Boot Standard — United States
Requirements
- Spring Boot Standard must follow the current approved policy and ownership model. - Operational evidence for Spring Boot standard should be retained according to the applicable retention schedule. - Exceptions involving Spring Boot standard require documented approval from the responsible owner. - Teams should use standard tooling and published procedures when working with Spring Boot standard.",Software Engineering,Java Services,Spring Boot standard,api_guide,US,INTERNAL,"[""employee"", ""engineer"", ""tech_lead"", ""architect""]",[],1.4,ACTIVE,Developer Experience,google_drive,2024-09-23,cab0e2b041ef
ENG-000094-C04,ENG-000094,ENG-JAVA-SER-00073,4,Controls,"Spring Boot Standard — United States
Controls
Sensitive information must follow the organisation's classification and least-privilege requirements.",Software Engineering,Java Services,Spring Boot standard,api_guide,US,INTERNAL,"[""employee"", ""engineer"", ""tech_lead"", ""architect""]",[],1.4,ACTIVE,Developer Experience,google_drive,2024-09-23,17e19a8d1e91
ENG-000094-C05,ENG-000094,ENG-JAVA-SER-00073,5,Procedure,"Spring Boot Standard — United States
Procedure
1. Confirm that the request concerns Spring Boot standard.
2. Verify the relevant owner, country, environment, and current version.
3. Follow the approved workflow and capture evidence.
4. Escalate unresolved or exceptional cases to Developer Experience.",Software Engineering,Java Services,Spring Boot standard,api_guide,US,INTERNAL,"[""employee"", ""engineer"", ""tech_lead"", ""architect""]",[],1.4,ACTIVE,Developer Experience,google_drive,2024-09-23,22b3e7b53b66
ENG-000094-C06,ENG-000094,ENG-JAVA-SER-00073,6,Validation,"Spring Boot Standard — United States
Validation
Verify the current document version before acting.",Software Engineering,Java Services,Spring Boot standard,api_guide,US,INTERNAL,"[""employee"", ""engineer"", ""tech_lead"", ""architect""]",[],1.4,ACTIVE,Developer Experience,google_drive,2024-09-23,4ebb17d13281
ENG-000094-C07,ENG-000094,ENG-JAVA-SER-00073,7,Version,"Spring Boot Standard — United States
Version
Version 1.4. Status: ACTIVE.",Software Engineering,Java Services,Spring Boot standard,api_guide,US,INTERNAL,"[""employee"", ""engineer"", ""tech_lead"", ""architect""]",[],1.4,ACTIVE,Developer Experience,google_drive,2024-09-23,a19e3fa981fd
ENG-000095-C00,ENG-000095,ENG-TESTING-00074,0,Contract Testing — India,"Contract Testing — India
Contract Testing — India
# Contract Testing — India",Software Engineering,Testing,contract testing,migration_guide,IN,INTERNAL,"[""employee"", ""engineer"", ""tech_lead"", ""architect""]",[],1.4,ACTIVE,Frontend Platform,servicenow,2025-07-17,b0dfc9f74191
ENG-000095-C01,ENG-000095,ENG-TESTING-00074,1,Purpose,"Contract Testing — India
Purpose
The standard exists to reduce inconsistent implementation, avoid repeated support effort, and provide an auditable source of truth.",Software Engineering,Testing,contract testing,migration_guide,IN,INTERNAL,"[""employee"", ""engineer"", ""tech_lead"", ""architect""]",[],1.4,ACTIVE,Frontend Platform,servicenow,2025-07-17,1453b83f2705
ENG-000095-C02,ENG-000095,ENG-TESTING-00074,2,Scope,"Contract Testing — India
Scope
It applies to employees, contractors, and managed service teams where the stated scope is relevant. This version applies to India.",Software Engineering,Testing,contract testing,migration_guide,IN,INTERNAL,"[""employee"", ""engineer"", ""tech_lead"", ""architect""]",[],1.4,ACTIVE,Frontend Platform,servicenow,2025-07-17,df95739a4824
ENG-000095-C03,ENG-000095,ENG-TESTING-00074,3,Requirements,"Contract Testing — India
Requirements
- Contract Testing must follow the current approved policy and ownership model. - Operational evidence for contract testing should be retained according to the applicable retention schedule. - Exceptions involving contract testing require documented approval from the responsible owner. - Teams should use standard tooling and published procedures when working with contract testing.",Software Engineering,Testing,contract testing,migration_guide,IN,INTERNAL,"[""employee"", ""engineer"", ""tech_lead"", ""architect""]",[],1.4,ACTIVE,Frontend Platform,servicenow,2025-07-17,1da97e2d483e
ENG-000095-C04,ENG-000095,ENG-TESTING-00074,4,Controls,"Contract Testing — India
Controls
Changes affecting production require peer review, traceable evidence, and rollback instructions.",Software Engineering,Testing,contract testing,migration_guide,IN,INTERNAL,"[""employee"", ""engineer"", ""tech_lead"", ""architect""]",[],1.4,ACTIVE,Frontend Platform,servicenow,2025-07-17,e0f91488f3b4
ENG-000095-C05,ENG-000095,ENG-TESTING-00074,5,Procedure,"Contract Testing — India
Procedure
1. Confirm that the request concerns contract testing.
2. Verify the relevant owner, country, environment, and current version.
3. Follow the approved workflow and capture evidence.
4. Escalate unresolved or exceptional cases to Frontend Platform.",Software Engineering,Testing,contract testing,migration_guide,IN,INTERNAL,"[""employee"", ""engineer"", ""tech_lead"", ""architect""]",[],1.4,ACTIVE,Frontend Platform,servicenow,2025-07-17,4b3551f810f6
ENG-000095-C06,ENG-000095,ENG-TESTING-00074,6,Validation,"Contract Testing — India
Validation
If the procedure does not resolve the issue, escalate to the listed owner team with timestamps, identifiers, and evidence.",Software Engineering,Testing,contract testing,migration_guide,IN,INTERNAL,"[""employee"", ""engineer"", ""tech_lead"", ""architect""]",[],1.4,ACTIVE,Frontend Platform,servicenow,2025-07-17,705f581fac91
ENG-000095-C07,ENG-000095,ENG-TESTING-00074,7,Version,"Contract Testing — India
Version
Version 1.4. Status: ACTIVE.",Software Engineering,Testing,contract testing,migration_guide,IN,INTERNAL,"[""employee"", ""engineer"", ""tech_lead"", ""architect""]",[],1.4,ACTIVE,Frontend Platform,servicenow,2025-07-17,daba89e1bb83
ENG-000096-C00,ENG-000096,ENG-ARCHITEC-00075,0,Event-Driven Design — United Kingdom,"Event-Driven Design — United Kingdom
Event-Driven Design — United Kingdom
# Event-Driven Design — United Kingdom",Software Engineering,Architecture,event-driven design,design_note,UK,INTERNAL,"[""employee"", ""engineer"", ""tech_lead"", ""architect""]",[],1.2,ACTIVE,Backend Platform,github,2026-09-23,c4af81a30559
ENG-000096-C01,ENG-000096,ENG-ARCHITEC-00075,1,Purpose,"Event-Driven Design — United Kingdom
Purpose
Teams must apply this guidance when working with event-driven design in production or employee-facing environments.",Software Engineering,Architecture,event-driven design,design_note,UK,INTERNAL,"[""employee"", ""engineer"", ""tech_lead"", ""architect""]",[],1.2,ACTIVE,Backend Platform,github,2026-09-23,1f6f95ba49d4
ENG-000096-C02,ENG-000096,ENG-ARCHITEC-00075,2,Scope,"Event-Driven Design — United Kingdom
Scope
Archived versions remain available for audit purposes but must not be used for new decisions. This version applies to United Kingdom.",Software Engineering,Architecture,event-driven design,design_note,UK,INTERNAL,"[""employee"", ""engineer"", ""tech_lead"", ""architect""]",[],1.2,ACTIVE,Backend Platform,github,2026-09-23,461a4937d0c6
ENG-000096-C03,ENG-000096,ENG-ARCHITEC-00075,3,Requirements,"Event-Driven Design — United Kingdom
Requirements
- Event-Driven Design must follow the current approved policy and ownership model. - Operational evidence for event-driven design should be retained according to the applicable retention schedule. - Exceptions involving event-driven design require documented approval from the responsible owner. - Teams should use standard tooling and published procedures when working with event-driven design.",Software Engineering,Architecture,event-driven design,design_note,UK,INTERNAL,"[""employee"", ""engineer"", ""tech_lead"", ""architect""]",[],1.2,ACTIVE,Backend Platform,github,2026-09-23,4227168fc0f3
ENG-000096-C04,ENG-000096,ENG-ARCHITEC-00075,4,Controls,"Event-Driven Design — United Kingdom
Controls
Requests requiring elevated access must be approved by the designated owner and recorded in the enterprise service system.",Software Engineering,Architecture,event-driven design,design_note,UK,INTERNAL,"[""employee"", ""engineer"", ""tech_lead"", ""architect""]",[],1.2,ACTIVE,Backend Platform,github,2026-09-23,b99de5ad8303
ENG-000096-C05,ENG-000096,ENG-ARCHITEC-00075,5,Procedure,"Event-Driven Design — United Kingdom
Procedure
1. Confirm that the request concerns event-driven design.
2. Verify the relevant owner, country, environment, and current version.
3. Follow the approved workflow and capture evidence.
4. Escalate unresolved or exceptional cases to Backend Platform.",Software Engineering,Architecture,event-driven design,design_note,UK,INTERNAL,"[""employee"", ""engineer"", ""tech_lead"", ""architect""]",[],1.2,ACTIVE,Backend Platform,github,2026-09-23,c4c02cb98515
ENG-000096-C06,ENG-000096,ENG-ARCHITEC-00075,6,Validation,"Event-Driven Design — United Kingdom
Validation
If the procedure does not resolve the issue, escalate to the listed owner team with timestamps, identifiers, and evidence.",Software Engineering,Architecture,event-driven design,design_note,UK,INTERNAL,"[""employee"", ""engineer"", ""tech_lead"", ""architect""]",[],1.2,ACTIVE,Backend Platform,github,2026-09-23,dbdc3286dba4
ENG-000096-C07,ENG-000096,ENG-ARCHITEC-00075,7,Version,"Event-Driven Design — United Kingdom
Version
Version 1.2. Status: ACTIVE.",Software Engineering,Architecture,event-driven design,design_note,UK,INTERNAL,"[""employee"", ""engineer"", ""tech_lead"", ""architect""]",[],1.2,ACTIVE,Backend Platform,github,2026-09-23,eee8c689dd5a
ENG-000097-C00,ENG-000097,ENG-ARCHITEC-00076,0,Backpressure — United States,"Backpressure — United States
Backpressure — United States
# Backpressure — United States",Software Engineering,Architecture,backpressure,technical_standard,US,INTERNAL,"[""employee"", ""engineer"", ""tech_lead"", ""architect""]",[],1.1,ACTIVE,Data Platform,confluence,2025-03-02,51706a03403c
ENG-000097-C01,ENG-000097,ENG-ARCHITEC-00076,1,Purpose,"Backpressure — United States
Purpose
The standard exists to reduce inconsistent implementation, avoid repeated support effort, and provide an auditable source of truth.",Software Engineering,Architecture,backpressure,technical_standard,US,INTERNAL,"[""employee"", ""engineer"", ""tech_lead"", ""architect""]",[],1.1,ACTIVE,Data Platform,confluence,2025-03-02,6597491e9afc
ENG-000097-C02,ENG-000097,ENG-ARCHITEC-00076,2,Scope,"Backpressure — United States
Scope
Archived versions remain available for audit purposes but must not be used for new decisions. This version applies to United States.",Software Engineering,Architecture,backpressure,technical_standard,US,INTERNAL,"[""employee"", ""engineer"", ""tech_lead"", ""architect""]",[],1.1,ACTIVE,Data Platform,confluence,2025-03-02,ec810c1e0c7a
ENG-000097-C03,ENG-000097,ENG-ARCHITEC-00076,3,Requirements,"Backpressure — United States
Requirements
- Backpressure must follow the current approved policy and ownership model. - Operational evidence for backpressure should be retained according to the applicable retention schedule. - Exceptions involving backpressure require documented approval from the responsible owner. - Teams should use standard tooling and published procedures when working with backpressure.",Software Engineering,Architecture,backpressure,technical_standard,US,INTERNAL,"[""employee"", ""engineer"", ""tech_lead"", ""architect""]",[],1.1,ACTIVE,Data Platform,confluence,2025-03-02,edcfa12e911e
ENG-000097-C04,ENG-000097,ENG-ARCHITEC-00076,4,Controls,"Backpressure — United States
Controls
Requests requiring elevated access must be approved by the designated owner and recorded in the enterprise service system.",Software Engineering,Architecture,backpressure,technical_standard,US,INTERNAL,"[""employee"", ""engineer"", ""tech_lead"", ""architect""]",[],1.1,ACTIVE,Data Platform,confluence,2025-03-02,a518cd50a3de
ENG-000097-C05,ENG-000097,ENG-ARCHITEC-00076,5,Procedure,"Backpressure — United States
Procedure
1. Confirm that the request concerns backpressure.
2. Verify the relevant owner, country, environment, and current version.
3. Follow the approved workflow and capture evidence.
4. Escalate unresolved or exceptional cases to Data Platform.",Software Engineering,Architecture,backpressure,technical_standard,US,INTERNAL,"[""employee"", ""engineer"", ""tech_lead"", ""architect""]",[],1.1,ACTIVE,Data Platform,confluence,2025-03-02,d9ddf09f743a
ENG-000097-C06,ENG-000097,ENG-ARCHITEC-00076,6,Validation,"Backpressure — United States
Validation
If the procedure does not resolve the issue, escalate to the listed owner team with timestamps, identifiers, and evidence.",Software Engineering,Architecture,backpressure,technical_standard,US,INTERNAL,"[""employee"", ""engineer"", ""tech_lead"", ""architect""]",[],1.1,ACTIVE,Data Platform,confluence,2025-03-02,44bd4e2dcaef
ENG-000097-C07,ENG-000097,ENG-ARCHITEC-00076,7,Version,"Backpressure — United States
Version
Version 1.1. Status: ACTIVE.",Software Engineering,Architecture,backpressure,technical_standard,US,INTERNAL,"[""employee"", ""engineer"", ""tech_lead"", ""architect""]",[],1.1,ACTIVE,Data Platform,confluence,2025-03-02,9885591eeaaf
ENG-000098-C00,ENG-000098,ENG-FRONTEND-00077,0,Accessibility — Ireland,"Accessibility — Ireland
Accessibility — Ireland
# Accessibility — Ireland",Software Engineering,Frontend,accessibility,migration_guide,IE,INTERNAL,"[""employee"", ""engineer"", ""tech_lead"", ""architect""]",[],1.3,ACTIVE,Frontend Platform,github,2026-09-23,4378802adc60
ENG-000098-C01,ENG-000098,ENG-FRONTEND-00077,1,Purpose,"Accessibility — Ireland
Purpose
Teams must apply this guidance when working with accessibility in production or employee-facing environments.",Software Engineering,Frontend,accessibility,migration_guide,IE,INTERNAL,"[""employee"", ""engineer"", ""tech_lead"", ""architect""]",[],1.3,ACTIVE,Frontend Platform,github,2026-09-23,b306babf8a6a
ENG-000098-C02,ENG-000098,ENG-FRONTEND-00077,2,Scope,"Accessibility — Ireland
Scope
It applies to employees, contractors, and managed service teams where the stated scope is relevant. This version applies to Ireland.",Software Engineering,Frontend,accessibility,migration_guide,IE,INTERNAL,"[""employee"", ""engineer"", ""tech_lead"", ""architect""]",[],1.3,ACTIVE,Frontend Platform,github,2026-09-23,0873aa9d2774
ENG-000098-C03,ENG-000098,ENG-FRONTEND-00077,3,Requirements,"Accessibility — Ireland
Requirements
- Accessibility must follow the current approved policy and ownership model. - Operational evidence for accessibility should be retained according to the applicable retention schedule. - Exceptions involving accessibility require documented approval from the responsible owner. - Teams should use standard tooling and published procedures when working with accessibility.",Software Engineering,Frontend,accessibility,migration_guide,IE,INTERNAL,"[""employee"", ""engineer"", ""tech_lead"", ""architect""]",[],1.3,ACTIVE,Frontend Platform,github,2026-09-23,96b9d4cf1a0b
ENG-000098-C04,ENG-000098,ENG-FRONTEND-00077,4,Controls,"Accessibility — Ireland
Controls
Requests requiring elevated access must be approved by the designated owner and recorded in the enterprise service system.",Software Engineering,Frontend,accessibility,migration_guide,IE,INTERNAL,"[""employee"", ""engineer"", ""tech_lead"", ""architect""]",[],1.3,ACTIVE,Frontend Platform,github,2026-09-23,f3a8fcfe8361
ENG-000098-C05,ENG-000098,ENG-FRONTEND-00077,5,Procedure,"Accessibility — Ireland
Procedure
1. Confirm that the request concerns accessibility.
2. Verify the relevant owner, country, environment, and current version.
3. Follow the approved workflow and capture evidence.
4. Escalate unresolved or exceptional cases to Frontend Platform.",Software Engineering,Frontend,accessibility,migration_guide,IE,INTERNAL,"[""employee"", ""engineer"", ""tech_lead"", ""architect""]",[],1.3,ACTIVE,Frontend Platform,github,2026-09-23,fc6861b5b3ad
ENG-000098-C06,ENG-000098,ENG-FRONTEND-00077,6,Validation,"Accessibility — Ireland
Validation
If the procedure does not resolve the issue, escalate to the listed owner team with timestamps, identifiers, and evidence.",Software Engineering,Frontend,accessibility,migration_guide,IE,INTERNAL,"[""employee"", ""engineer"", ""tech_lead"", ""architect""]",[],1.3,ACTIVE,Frontend Platform,github,2026-09-23,d3a897f4eb41
ENG-000098-C07,ENG-000098,ENG-FRONTEND-00077,7,Version,"Accessibility — Ireland
Version
Version 1.3. Status: ACTIVE.",Software Engineering,Frontend,accessibility,migration_guide,IE,INTERNAL,"[""employee"", ""engineer"", ""tech_lead"", ""architect""]",[],1.3,ACTIVE,Frontend Platform,github,2026-09-23,4e785e8aafcb
ENG-000099-C00,ENG-000099,ENG-PYTHON-B-00078,0,Python Runtime — Australia,"Python Runtime — Australia
Python Runtime — Australia
# Python Runtime — Australia",Software Engineering,Python Backend,Python runtime,coding_standard,AU,INTERNAL,"[""employee"", ""engineer"", ""tech_lead"", ""architect""]",[],1.2,ACTIVE,Data Platform,servicenow,2026-09-23,2f46468c9b2d
ENG-000099-C01,ENG-000099,ENG-PYTHON-B-00078,1,Purpose,"Python Runtime — Australia
Purpose
Teams must apply this guidance when working with Python runtime in production or employee-facing environments.",Software Engineering,Python Backend,Python runtime,coding_standard,AU,INTERNAL,"[""employee"", ""engineer"", ""tech_lead"", ""architect""]",[],1.2,ACTIVE,Data Platform,servicenow,2026-09-23,4ecf1515cae9
ENG-000099-C02,ENG-000099,ENG-PYTHON-B-00078,2,Scope,"Python Runtime — Australia
Scope
It applies to employees, contractors, and managed service teams where the stated scope is relevant. This version applies to Australia.",Software Engineering,Python Backend,Python runtime,coding_standard,AU,INTERNAL,"[""employee"", ""engineer"", ""tech_lead"", ""architect""]",[],1.2,ACTIVE,Data Platform,servicenow,2026-09-23,269a55946cc7
ENG-000099-C03,ENG-000099,ENG-PYTHON-B-00078,3,Requirements,"Python Runtime — Australia
Requirements
- Supported runtime versions are centrally maintained. - Unsupported runtimes must not be introduced into new production services. - Upgrade plans are required before end-of-support. - Supported runtime versions are centrally maintained.",Software Engineering,Python Backend,Python runtime,coding_standard,AU,INTERNAL,"[""employee"", ""engineer"", ""tech_lead"", ""architect""]",[],1.2,ACTIVE,Data Platform,servicenow,2026-09-23,b0b7ab0a19f2
ENG-000099-C04,ENG-000099,ENG-PYTHON-B-00078,4,Controls,"Python Runtime — Australia
Controls
Changes affecting production require peer review, traceable evidence, and rollback instructions.",Software Engineering,Python Backend,Python runtime,coding_standard,AU,INTERNAL,"[""employee"", ""engineer"", ""tech_lead"", ""architect""]",[],1.2,ACTIVE,Data Platform,servicenow,2026-09-23,b47192b14ea6
ENG-000099-C05,ENG-000099,ENG-PYTHON-B-00078,5,Procedure,"Python Runtime — Australia
Procedure
1. Confirm that the request concerns Python runtime.
2. Verify the relevant owner, country, environment, and current version.
3. Follow the approved workflow and capture evidence.
4. Escalate unresolved or exceptional cases to Data Platform.",Software Engineering,Python Backend,Python runtime,coding_standard,AU,INTERNAL,"[""employee"", ""engineer"", ""tech_lead"", ""architect""]",[],1.2,ACTIVE,Data Platform,servicenow,2026-09-23,5312df9a4c2d
ENG-000099-C06,ENG-000099,ENG-PYTHON-B-00078,6,Validation,"Python Runtime — Australia
Validation
If the procedure does not resolve the issue, escalate to the listed owner team with timestamps, identifiers, and evidence.",Software Engineering,Python Backend,Python runtime,coding_standard,AU,INTERNAL,"[""employee"", ""engineer"", ""tech_lead"", ""architect""]",[],1.2,ACTIVE,Data Platform,servicenow,2026-09-23,3fdc8b0f96db
ENG-000099-C07,ENG-000099,ENG-PYTHON-B-00078,7,Version,"Python Runtime — Australia
Version
Version 1.2. Status: ACTIVE.",Software Engineering,Python Backend,Python runtime,coding_standard,AU,INTERNAL,"[""employee"", ""engineer"", ""tech_lead"", ""architect""]",[],1.2,ACTIVE,Data Platform,servicenow,2026-09-23,d5b6c765eb38
ENG-000100-C00,ENG-000100,ENG-DATABASE-00079,0,Read Replicas — United States,"Read Replicas — United States
Read Replicas — United States
# Read Replicas — United States",Software Engineering,Databases,read replicas,design_note,US,INTERNAL,"[""employee"", ""engineer"", ""tech_lead"", ""architect""]",[],1.2,ACTIVE,Data Platform,google_drive,2023-11-09,9450eabe4339
ENG-000100-C01,ENG-000100,ENG-DATABASE-00079,1,Purpose,"Read Replicas — United States
Purpose
Teams must apply this guidance when working with read replicas in production or employee-facing environments.",Software Engineering,Databases,read replicas,design_note,US,INTERNAL,"[""employee"", ""engineer"", ""tech_lead"", ""architect""]",[],1.2,ACTIVE,Data Platform,google_drive,2023-11-09,6158d1a533a1
ENG-000100-C02,ENG-000100,ENG-DATABASE-00079,2,Scope,"Read Replicas — United States
Scope
Country-specific and role-specific exceptions override the global baseline only when explicitly documented. This version applies to United States.",Software Engineering,Databases,read replicas,design_note,US,INTERNAL,"[""employee"", ""engineer"", ""tech_lead"", ""architect""]",[],1.2,ACTIVE,Data Platform,google_drive,2023-11-09,a28ba0211f63
ENG-000100-C03,ENG-000100,ENG-DATABASE-00079,3,Requirements,"Read Replicas — United States
Requirements
- Read Replicas must follow the current approved policy and ownership model. - Operational evidence for read replicas should be retained according to the applicable retention schedule. - Exceptions involving read replicas require documented approval from the responsible owner. - Teams should use standard tooling and published procedures when working with read replicas.",Software Engineering,Databases,read replicas,design_note,US,INTERNAL,"[""employee"", ""engineer"", ""tech_lead"", ""architect""]",[],1.2,ACTIVE,Data Platform,google_drive,2023-11-09,b7a2a351b394
ENG-000100-C04,ENG-000100,ENG-DATABASE-00079,4,Controls,"Read Replicas — United States
Controls
Requests requiring elevated access must be approved by the designated owner and recorded in the enterprise service system.",Software Engineering,Databases,read replicas,design_note,US,INTERNAL,"[""employee"", ""engineer"", ""tech_lead"", ""architect""]",[],1.2,ACTIVE,Data Platform,google_drive,2023-11-09,be0526334fbd
ENG-000100-C05,ENG-000100,ENG-DATABASE-00079,5,Procedure,"Read Replicas — United States
Procedure
1. Confirm that the request concerns read replicas.
2. Verify the relevant owner, country, environment, and current version.
3. Follow the approved workflow and capture evidence.
4. Escalate unresolved or exceptional cases to Data Platform.",Software Engineering,Databases,read replicas,design_note,US,INTERNAL,"[""employee"", ""engineer"", ""tech_lead"", ""architect""]",[],1.2,ACTIVE,Data Platform,google_drive,2023-11-09,0295dc0974e1
ENG-000100-C06,ENG-000100,ENG-DATABASE-00079,6,Validation,"Read Replicas — United States
Validation
Do not bypass required controls simply to shorten resolution time.",Software Engineering,Databases,read replicas,design_note,US,INTERNAL,"[""employee"", ""engineer"", ""tech_lead"", ""architect""]",[],1.2,ACTIVE,Data Platform,google_drive,2023-11-09,a2e162f7340c
ENG-000100-C07,ENG-000100,ENG-DATABASE-00079,7,Version,"Read Replicas — United States
Version
Version 1.2. Status: ACTIVE.",Software Engineering,Databases,read replicas,design_note,US,INTERNAL,"[""employee"", ""engineer"", ""tech_lead"", ""architect""]",[],1.2,ACTIVE,Data Platform,google_drive,2023-11-09,4d5ff0d1b48e
ENG-000101-C00,ENG-000101,ENG-FRONTEND-00080,0,Design Tokens — Global,"Design Tokens — Global
Design Tokens — Global
# Design Tokens — Global",Software Engineering,Frontend,design tokens,architecture_decision_record,GLOBAL,INTERNAL,"[""employee"", ""engineer"", ""tech_lead"", ""architect""]",[],1.0,ACTIVE,Developer Experience,hr_portal,2026-04-22,1eb345cd5236
ENG-000101-C01,ENG-000101,ENG-FRONTEND-00080,1,Purpose,"Design Tokens — Global
Purpose
Teams must apply this guidance when working with design tokens in production or employee-facing environments.",Software Engineering,Frontend,design tokens,architecture_decision_record,GLOBAL,INTERNAL,"[""employee"", ""engineer"", ""tech_lead"", ""architect""]",[],1.0,ACTIVE,Developer Experience,hr_portal,2026-04-22,0342f088d20d
ENG-000101-C02,ENG-000101,ENG-FRONTEND-00080,2,Scope,"Design Tokens — Global
Scope
Archived versions remain available for audit purposes but must not be used for new decisions. This version is the global baseline; country-specific documents may impose additional requirements.",Software Engineering,Frontend,design tokens,architecture_decision_record,GLOBAL,INTERNAL,"[""employee"", ""engineer"", ""tech_lead"", ""architect""]",[],1.0,ACTIVE,Developer Experience,hr_portal,2026-04-22,2bb91578f33d
ENG-000101-C03,ENG-000101,ENG-FRONTEND-00080,3,Requirements,"Design Tokens — Global
Requirements
- Design Tokens must follow the current approved policy and ownership model. - Operational evidence for design tokens should be retained according to the applicable retention schedule. - Exceptions involving design tokens require documented approval from the responsible owner. - Teams should use standard tooling and published procedures when working with design tokens.",Software Engineering,Frontend,design tokens,architecture_decision_record,GLOBAL,INTERNAL,"[""employee"", ""engineer"", ""tech_lead"", ""architect""]",[],1.0,ACTIVE,Developer Experience,hr_portal,2026-04-22,fc43ff72327b
ENG-000101-C04,ENG-000101,ENG-FRONTEND-00080,4,Controls,"Design Tokens — Global
Controls
Changes affecting production require peer review, traceable evidence, and rollback instructions.",Software Engineering,Frontend,design tokens,architecture_decision_record,GLOBAL,INTERNAL,"[""employee"", ""engineer"", ""tech_lead"", ""architect""]",[],1.0,ACTIVE,Developer Experience,hr_portal,2026-04-22,1686541961d0
ENG-000101-C05,ENG-000101,ENG-FRONTEND-00080,5,Procedure,"Design Tokens — Global
Procedure
1. Confirm that the request concerns design tokens.
2. Verify the relevant owner, country, environment, and current version.
3. Follow the approved workflow and capture evidence.
4. Escalate unresolved or exceptional cases to Developer Experience.",Software Engineering,Frontend,design tokens,architecture_decision_record,GLOBAL,INTERNAL,"[""employee"", ""engineer"", ""tech_lead"", ""architect""]",[],1.0,ACTIVE,Developer Experience,hr_portal,2026-04-22,32e554853480
ENG-000101-C06,ENG-000101,ENG-FRONTEND-00080,6,Validation,"Design Tokens — Global
Validation
Verify the current document version before acting.",Software Engineering,Frontend,design tokens,architecture_decision_record,GLOBAL,INTERNAL,"[""employee"", ""engineer"", ""tech_lead"", ""architect""]",[],1.0,ACTIVE,Developer Experience,hr_portal,2026-04-22,4d8af371cb85
ENG-000101-C07,ENG-000101,ENG-FRONTEND-00080,7,Version,"Design Tokens — Global
Version
Version 1.0. Status: ACTIVE.",Software Engineering,Frontend,design tokens,architecture_decision_record,GLOBAL,INTERNAL,"[""employee"", ""engineer"", ""tech_lead"", ""architect""]",[],1.0,ACTIVE,Developer Experience,hr_portal,2026-04-22,d8924382968b
ENG-000102-C00,ENG-000102,ENG-JAVA-SER-00081,0,Spring Boot Standard — Global,"Spring Boot Standard — Global
Spring Boot Standard — Global
# Spring Boot Standard — Global",Software Engineering,Java Services,Spring Boot standard,api_guide,GLOBAL,EMPLOYEE,"[""employee"", ""engineer"", ""tech_lead"", ""architect""]",[],1.2,ACTIVE,Architecture Guild,hr_portal,2024-09-10,8cd30dfbbeca
ENG-000102-C01,ENG-000102,ENG-JAVA-SER-00081,1,Purpose,"Spring Boot Standard — Global
Purpose
Teams must apply this guidance when working with Spring Boot standard in production or employee-facing environments.",Software Engineering,Java Services,Spring Boot standard,api_guide,GLOBAL,EMPLOYEE,"[""employee"", ""engineer"", ""tech_lead"", ""architect""]",[],1.2,ACTIVE,Architecture Guild,hr_portal,2024-09-10,eccff56035b6
ENG-000102-C02,ENG-000102,ENG-JAVA-SER-00081,2,Scope,"Spring Boot Standard — Global
Scope
Country-specific and role-specific exceptions override the global baseline only when explicitly documented. This version is the global baseline; country-specific documents may impose additional requirements.",Software Engineering,Java Services,Spring Boot standard,api_guide,GLOBAL,EMPLOYEE,"[""employee"", ""engineer"", ""tech_lead"", ""architect""]",[],1.2,ACTIVE,Architecture Guild,hr_portal,2024-09-10,5f504c12f3a0
ENG-000102-C03,ENG-000102,ENG-JAVA-SER-00081,3,Requirements,"Spring Boot Standard — Global
Requirements
- Spring Boot Standard must follow the current approved policy and ownership model. - Operational evidence for Spring Boot standard should be retained according to the applicable retention schedule. - Exceptions involving Spring Boot standard require documented approval from the responsible owner. - Teams should use standard tooling and published procedures when working with Spring Boot standard.",Software Engineering,Java Services,Spring Boot standard,api_guide,GLOBAL,EMPLOYEE,"[""employee"", ""engineer"", ""tech_lead"", ""architect""]",[],1.2,ACTIVE,Architecture Guild,hr_portal,2024-09-10,8b2fadcd532d
ENG-000102-C04,ENG-000102,ENG-JAVA-SER-00081,4,Controls,"Spring Boot Standard — Global
Controls
Requests requiring elevated access must be approved by the designated owner and recorded in the enterprise service system.",Software Engineering,Java Services,Spring Boot standard,api_guide,GLOBAL,EMPLOYEE,"[""employee"", ""engineer"", ""tech_lead"", ""architect""]",[],1.2,ACTIVE,Architecture Guild,hr_portal,2024-09-10,1c45f30f77c4
ENG-000102-C05,ENG-000102,ENG-JAVA-SER-00081,5,Procedure,"Spring Boot Standard — Global
Procedure
1. Confirm that the request concerns Spring Boot standard.
2. Verify the relevant owner, country, environment, and current version.
3. Follow the approved workflow and capture evidence.
4. Escalate unresolved or exceptional cases to Architecture Guild.",Software Engineering,Java Services,Spring Boot standard,api_guide,GLOBAL,EMPLOYEE,"[""employee"", ""engineer"", ""tech_lead"", ""architect""]",[],1.2,ACTIVE,Architecture Guild,hr_portal,2024-09-10,eb292205e4c8
ENG-000102-C06,ENG-000102,ENG-JAVA-SER-00081,6,Validation,"Spring Boot Standard — Global
Validation
If the procedure does not resolve the issue, escalate to the listed owner team with timestamps, identifiers, and evidence.",Software Engineering,Java Services,Spring Boot standard,api_guide,GLOBAL,EMPLOYEE,"[""employee"", ""engineer"", ""tech_lead"", ""architect""]",[],1.2,ACTIVE,Architecture Guild,hr_portal,2024-09-10,234f475f1aab
ENG-000102-C07,ENG-000102,ENG-JAVA-SER-00081,7,Version,"Spring Boot Standard — Global
Version
Version 1.2. Status: ACTIVE.",Software Engineering,Java Services,Spring Boot standard,api_guide,GLOBAL,EMPLOYEE,"[""employee"", ""engineer"", ""tech_lead"", ""architect""]",[],1.2,ACTIVE,Architecture Guild,hr_portal,2024-09-10,ee84975b9215
ENG-000103-C00,ENG-000103,ENG-FRONTEND-00082,0,Design Tokens — United Kingdom v1.2,"Design Tokens — United Kingdom v1.2
Design Tokens — United Kingdom v1.2
# Design Tokens — United Kingdom v1.2",Software Engineering,Frontend,design tokens,migration_guide,UK,INTERNAL,"[""employee"", ""engineer"", ""tech_lead"", ""architect""]",[],1.2,ARCHIVED,Data Platform,google_drive,2026-09-23,a3b6ea1a5d10
ENG-000103-C01,ENG-000103,ENG-FRONTEND-00082,1,Purpose,"Design Tokens — United Kingdom v1.2
Purpose
The standard exists to reduce inconsistent implementation, avoid repeated support effort, and provide an auditable source of truth.",Software Engineering,Frontend,design tokens,migration_guide,UK,INTERNAL,"[""employee"", ""engineer"", ""tech_lead"", ""architect""]",[],1.2,ARCHIVED,Data Platform,google_drive,2026-09-23,3b4258b13a5b
ENG-000103-C02,ENG-000103,ENG-FRONTEND-00082,2,Scope,"Design Tokens — United Kingdom v1.2
Scope
Archived versions remain available for audit purposes but must not be used for new decisions. This version applies to United Kingdom.",Software Engineering,Frontend,design tokens,migration_guide,UK,INTERNAL,"[""employee"", ""engineer"", ""tech_lead"", ""architect""]",[],1.2,ARCHIVED,Data Platform,google_drive,2026-09-23,bd8a9acf0ebd
ENG-000103-C03,ENG-000103,ENG-FRONTEND-00082,3,Requirements,"Design Tokens — United Kingdom v1.2
Requirements
- Design Tokens must follow the current approved policy and ownership model. - Operational evidence for design tokens should be retained according to the applicable retention schedule. - Exceptions involving design tokens require documented approval from the responsible owner. - Teams should use standard tooling and published procedures when working with design tokens.",Software Engineering,Frontend,design tokens,migration_guide,UK,INTERNAL,"[""employee"", ""engineer"", ""tech_lead"", ""architect""]",[],1.2,ARCHIVED,Data Platform,google_drive,2026-09-23,5947a69aae41
ENG-000103-C04,ENG-000103,ENG-FRONTEND-00082,4,Controls,"Design Tokens — United Kingdom v1.2
Controls
Sensitive information must follow the organisation's classification and least-privilege requirements.",Software Engineering,Frontend,design tokens,migration_guide,UK,INTERNAL,"[""employee"", ""engineer"", ""tech_lead"", ""architect""]",[],1.2,ARCHIVED,Data Platform,google_drive,2026-09-23,860a907360bd
ENG-000103-C05,ENG-000103,ENG-FRONTEND-00082,5,Procedure,"Design Tokens — United Kingdom v1.2
Procedure
1. Confirm that the request concerns design tokens.
2. Verify the relevant owner, country, environment, and current version.
3. Follow the approved workflow and capture evidence.
4. Escalate unresolved or exceptional cases to Data Platform.",Software Engineering,Frontend,design tokens,migration_guide,UK,INTERNAL,"[""employee"", ""engineer"", ""tech_lead"", ""architect""]",[],1.2,ARCHIVED,Data Platform,google_drive,2026-09-23,0e215fceb212
ENG-000103-C06,ENG-000103,ENG-FRONTEND-00082,6,Validation,"Design Tokens — United Kingdom v1.2
Validation
Do not bypass required controls simply to shorten resolution time.",Software Engineering,Frontend,design tokens,migration_guide,UK,INTERNAL,"[""employee"", ""engineer"", ""tech_lead"", ""architect""]",[],1.2,ARCHIVED,Data Platform,google_drive,2026-09-23,4ef13f98b2a3
ENG-000103-C07,ENG-000103,ENG-FRONTEND-00082,7,Version,"Design Tokens — United Kingdom v1.2
Version
Version 1.2. Status: ARCHIVED. This document is archived and retained only for historical reference.",Software Engineering,Frontend,design tokens,migration_guide,UK,INTERNAL,"[""employee"", ""engineer"", ""tech_lead"", ""architect""]",[],1.2,ARCHIVED,Data Platform,google_drive,2026-09-23,bda123871a97
ENG-000104-C00,ENG-000104,ENG-FRONTEND-00082,0,Design Tokens — United Kingdom v2.4,"Design Tokens — United Kingdom v2.4
Design Tokens — United Kingdom v2.4
# Design Tokens — United Kingdom v2.4",Software Engineering,Frontend,design tokens,migration_guide,UK,INTERNAL,"[""employee"", ""engineer"", ""tech_lead"", ""architect""]",[],2.4,ARCHIVED,Data Platform,github,2026-09-23,fff305d82781
ENG-000104-C01,ENG-000104,ENG-FRONTEND-00082,1,Purpose,"Design Tokens — United Kingdom v2.4
Purpose
Teams must apply this guidance when working with design tokens in production or employee-facing environments.",Software Engineering,Frontend,design tokens,migration_guide,UK,INTERNAL,"[""employee"", ""engineer"", ""tech_lead"", ""architect""]",[],2.4,ARCHIVED,Data Platform,github,2026-09-23,695098fb4961
ENG-000104-C02,ENG-000104,ENG-FRONTEND-00082,2,Scope,"Design Tokens — United Kingdom v2.4
Scope
Country-specific and role-specific exceptions override the global baseline only when explicitly documented. This version applies to United Kingdom.",Software Engineering,Frontend,design tokens,migration_guide,UK,INTERNAL,"[""employee"", ""engineer"", ""tech_lead"", ""architect""]",[],2.4,ARCHIVED,Data Platform,github,2026-09-23,e3ee3c7d108a
ENG-000104-C03,ENG-000104,ENG-FRONTEND-00082,3,Requirements,"Design Tokens — United Kingdom v2.4
Requirements
- Design Tokens must follow the current approved policy and ownership model. - Operational evidence for design tokens should be retained according to the applicable retention schedule. - Exceptions involving design tokens require documented approval from the responsible owner. - Teams should use standard tooling and published procedures when working with design tokens.",Software Engineering,Frontend,design tokens,migration_guide,UK,INTERNAL,"[""employee"", ""engineer"", ""tech_lead"", ""architect""]",[],2.4,ARCHIVED,Data Platform,github,2026-09-23,313ebf393346
ENG-000104-C04,ENG-000104,ENG-FRONTEND-00082,4,Controls,"Design Tokens — United Kingdom v2.4
Controls
Requests requiring elevated access must be approved by the designated owner and recorded in the enterprise service system.",Software Engineering,Frontend,design tokens,migration_guide,UK,INTERNAL,"[""employee"", ""engineer"", ""tech_lead"", ""architect""]",[],2.4,ARCHIVED,Data Platform,github,2026-09-23,d710606cd939
ENG-000104-C05,ENG-000104,ENG-FRONTEND-00082,5,Procedure,"Design Tokens — United Kingdom v2.4
Procedure
1. Confirm that the request concerns design tokens.
2. Verify the relevant owner, country, environment, and current version.
3. Follow the approved workflow and capture evidence.
4. Escalate unresolved or exceptional cases to Data Platform.",Software Engineering,Frontend,design tokens,migration_guide,UK,INTERNAL,"[""employee"", ""engineer"", ""tech_lead"", ""architect""]",[],2.4,ARCHIVED,Data Platform,github,2026-09-23,b184809c1c2f
ENG-000104-C06,ENG-000104,ENG-FRONTEND-00082,6,Validation,"Design Tokens — United Kingdom v2.4
Validation
Verify the current document version before acting.",Software Engineering,Frontend,design tokens,migration_guide,UK,INTERNAL,"[""employee"", ""engineer"", ""tech_lead"", ""architect""]",[],2.4,ARCHIVED,Data Platform,github,2026-09-23,c13f69878c72
ENG-000104-C07,ENG-000104,ENG-FRONTEND-00082,7,Version,"Design Tokens — United Kingdom v2.4
Version
Version 2.4. Status: ARCHIVED. This document is archived and retained only for historical reference.",Software Engineering,Frontend,design tokens,migration_guide,UK,INTERNAL,"[""employee"", ""engineer"", ""tech_lead"", ""architect""]",[],2.4,ARCHIVED,Data Platform,github,2026-09-23,20133d7c6f73
ENG-000105-C00,ENG-000105,ENG-FRONTEND-00082,0,Design Tokens — United Kingdom v3.0,"Design Tokens — United Kingdom v3.0
Design Tokens — United Kingdom v3.0
# Design Tokens — United Kingdom v3.0",Software Engineering,Frontend,design tokens,migration_guide,UK,INTERNAL,"[""employee"", ""engineer"", ""tech_lead"", ""architect""]",[],3.0,ACTIVE,Data Platform,hr_portal,2024-12-30,0bbdc26dd23e
ENG-000105-C01,ENG-000105,ENG-FRONTEND-00082,1,Purpose,"Design Tokens — United Kingdom v3.0
Purpose
This document defines the approved operating model for design tokens within Northstar Digital Services.",Software Engineering,Frontend,design tokens,migration_guide,UK,INTERNAL,"[""employee"", ""engineer"", ""tech_lead"", ""architect""]",[],3.0,ACTIVE,Data Platform,hr_portal,2024-12-30,fca4150a9ad2
ENG-000105-C02,ENG-000105,ENG-FRONTEND-00082,2,Scope,"Design Tokens — United Kingdom v3.0
Scope
Country-specific and role-specific exceptions override the global baseline only when explicitly documented. This version applies to United Kingdom.",Software Engineering,Frontend,design tokens,migration_guide,UK,INTERNAL,"[""employee"", ""engineer"", ""tech_lead"", ""architect""]",[],3.0,ACTIVE,Data Platform,hr_portal,2024-12-30,4acc851849b3
ENG-000105-C03,ENG-000105,ENG-FRONTEND-00082,3,Requirements,"Design Tokens — United Kingdom v3.0
Requirements
- Design Tokens must follow the current approved policy and ownership model. - Operational evidence for design tokens should be retained according to the applicable retention schedule. - Exceptions involving design tokens require documented approval from the responsible owner. - Teams should use standard tooling and published procedures when working with design tokens.",Software Engineering,Frontend,design tokens,migration_guide,UK,INTERNAL,"[""employee"", ""engineer"", ""tech_lead"", ""architect""]",[],3.0,ACTIVE,Data Platform,hr_portal,2024-12-30,a39095b9d1ef
ENG-000105-C04,ENG-000105,ENG-FRONTEND-00082,4,Controls,"Design Tokens — United Kingdom v3.0
Controls
Sensitive information must follow the organisation's classification and least-privilege requirements.",Software Engineering,Frontend,design tokens,migration_guide,UK,INTERNAL,"[""employee"", ""engineer"", ""tech_lead"", ""architect""]",[],3.0,ACTIVE,Data Platform,hr_portal,2024-12-30,bb3a24ed8d37
ENG-000105-C05,ENG-000105,ENG-FRONTEND-00082,5,Procedure,"Design Tokens — United Kingdom v3.0
Procedure
1. Confirm that the request concerns design tokens.
2. Verify the relevant owner, country, environment, and current version.
3. Follow the approved workflow and capture evidence.
4. Escalate unresolved or exceptional cases to Data Platform.",Software Engineering,Frontend,design tokens,migration_guide,UK,INTERNAL,"[""employee"", ""engineer"", ""tech_lead"", ""architect""]",[],3.0,ACTIVE,Data Platform,hr_portal,2024-12-30,50359ae6568b
ENG-000105-C06,ENG-000105,ENG-FRONTEND-00082,6,Validation,"Design Tokens — United Kingdom v3.0
Validation
If the procedure does not resolve the issue, escalate to the listed owner team with timestamps, identifiers, and evidence.",Software Engineering,Frontend,design tokens,migration_guide,UK,INTERNAL,"[""employee"", ""engineer"", ""tech_lead"", ""architect""]",[],3.0,ACTIVE,Data Platform,hr_portal,2024-12-30,e7d1fc1bf0d7
ENG-000105-C07,ENG-000105,ENG-FRONTEND-00082,7,Version,"Design Tokens — United Kingdom v3.0
Version
Version 3.0. Status: ACTIVE.",Software Engineering,Frontend,design tokens,migration_guide,UK,INTERNAL,"[""employee"", ""engineer"", ""tech_lead"", ""architect""]",[],3.0,ACTIVE,Data Platform,hr_portal,2024-12-30,502a7cafc0e1
ENG-000106-C00,ENG-000106,ENG-TESTING-00083,0,End-To-End Testing — Global,"End-To-End Testing — Global
End-To-End Testing — Global
# End-To-End Testing — Global",Software Engineering,Testing,end-to-end testing,architecture_decision_record,GLOBAL,INTERNAL,"[""employee"", ""engineer"", ""tech_lead"", ""architect""]",[],1.3,ACTIVE,Frontend Platform,hr_portal,2025-02-07,b576627b9bab
ENG-000106-C01,ENG-000106,ENG-TESTING-00083,1,Purpose,"End-To-End Testing — Global
Purpose
This document defines the approved operating model for end-to-end testing within Northstar Digital Services.",Software Engineering,Testing,end-to-end testing,architecture_decision_record,GLOBAL,INTERNAL,"[""employee"", ""engineer"", ""tech_lead"", ""architect""]",[],1.3,ACTIVE,Frontend Platform,hr_portal,2025-02-07,8d0ecf7c7a15
ENG-000106-C02,ENG-000106,ENG-TESTING-00083,2,Scope,"End-To-End Testing — Global
Scope
Country-specific and role-specific exceptions override the global baseline only when explicitly documented. This version is the global baseline; country-specific documents may impose additional requirements.",Software Engineering,Testing,end-to-end testing,architecture_decision_record,GLOBAL,INTERNAL,"[""employee"", ""engineer"", ""tech_lead"", ""architect""]",[],1.3,ACTIVE,Frontend Platform,hr_portal,2025-02-07,6ec5d3701da5
ENG-000106-C03,ENG-000106,ENG-TESTING-00083,3,Requirements,"End-To-End Testing — Global
Requirements
- End-To-End Testing must follow the current approved policy and ownership model. - Operational evidence for end-to-end testing should be retained according to the applicable retention schedule. - Exceptions involving end-to-end testing require documented approval from the responsible owner. - Teams should use standard tooling and published procedures when working with end-to-end testing.",Software Engineering,Testing,end-to-end testing,architecture_decision_record,GLOBAL,INTERNAL,"[""employee"", ""engineer"", ""tech_lead"", ""architect""]",[],1.3,ACTIVE,Frontend Platform,hr_portal,2025-02-07,f8f6e43bf1d2
ENG-000106-C04,ENG-000106,ENG-TESTING-00083,4,Controls,"End-To-End Testing — Global
Controls
Requests requiring elevated access must be approved by the designated owner and recorded in the enterprise service system.",Software Engineering,Testing,end-to-end testing,architecture_decision_record,GLOBAL,INTERNAL,"[""employee"", ""engineer"", ""tech_lead"", ""architect""]",[],1.3,ACTIVE,Frontend Platform,hr_portal,2025-02-07,c81ff7c660a6
ENG-000106-C05,ENG-000106,ENG-TESTING-00083,5,Procedure,"End-To-End Testing — Global
Procedure
1. Confirm that the request concerns end-to-end testing.
2. Verify the relevant owner, country, environment, and current version.
3. Follow the approved workflow and capture evidence.
4. Escalate unresolved or exceptional cases to Frontend Platform.",Software Engineering,Testing,end-to-end testing,architecture_decision_record,GLOBAL,INTERNAL,"[""employee"", ""engineer"", ""tech_lead"", ""architect""]",[],1.3,ACTIVE,Frontend Platform,hr_portal,2025-02-07,0ea9f1afffe4
ENG-000106-C06,ENG-000106,ENG-TESTING-00083,6,Validation,"End-To-End Testing — Global
Validation
Do not bypass required controls simply to shorten resolution time.",Software Engineering,Testing,end-to-end testing,architecture_decision_record,GLOBAL,INTERNAL,"[""employee"", ""engineer"", ""tech_lead"", ""architect""]",[],1.3,ACTIVE,Frontend Platform,hr_portal,2025-02-07,f3e40ad29686
ENG-000106-C07,ENG-000106,ENG-TESTING-00083,7,Version,"End-To-End Testing — Global
Version
Version 1.3. Status: ACTIVE.",Software Engineering,Testing,end-to-end testing,architecture_decision_record,GLOBAL,INTERNAL,"[""employee"", ""engineer"", ""tech_lead"", ""architect""]",[],1.3,ACTIVE,Frontend Platform,hr_portal,2025-02-07,3a9685cb213c
ENG-000107-C00,ENG-000107,ENG-ARCHITEC-00084,0,Caching — Global,"Caching — Global
Caching — Global
# Caching — Global",Software Engineering,Architecture,caching,api_guide,GLOBAL,INTERNAL,"[""employee"", ""engineer"", ""tech_lead"", ""architect""]",[],1.0,ACTIVE,Architecture Guild,github,2026-08-23,322894633f30
ENG-000107-C01,ENG-000107,ENG-ARCHITEC-00084,1,Purpose,"Caching — Global
Purpose
The standard exists to reduce inconsistent implementation, avoid repeated support effort, and provide an auditable source of truth.",Software Engineering,Architecture,caching,api_guide,GLOBAL,INTERNAL,"[""employee"", ""engineer"", ""tech_lead"", ""architect""]",[],1.0,ACTIVE,Architecture Guild,github,2026-08-23,937933861f70
ENG-000107-C02,ENG-000107,ENG-ARCHITEC-00084,2,Scope,"Caching — Global
Scope
Country-specific and role-specific exceptions override the global baseline only when explicitly documented. This version is the global baseline; country-specific documents may impose additional requirements.",Software Engineering,Architecture,caching,api_guide,GLOBAL,INTERNAL,"[""employee"", ""engineer"", ""tech_lead"", ""architect""]",[],1.0,ACTIVE,Architecture Guild,github,2026-08-23,5050287e8865
ENG-000107-C03,ENG-000107,ENG-ARCHITEC-00084,3,Requirements,"Caching — Global
Requirements
- Caching must follow the current approved policy and ownership model. - Operational evidence for caching should be retained according to the applicable retention schedule. - Exceptions involving caching require documented approval from the responsible owner. - Teams should use standard tooling and published procedures when working with caching.",Software Engineering,Architecture,caching,api_guide,GLOBAL,INTERNAL,"[""employee"", ""engineer"", ""tech_lead"", ""architect""]",[],1.0,ACTIVE,Architecture Guild,github,2026-08-23,8de1a482d41b
ENG-000107-C04,ENG-000107,ENG-ARCHITEC-00084,4,Controls,"Caching — Global
Controls
Sensitive information must follow the organisation's classification and least-privilege requirements.",Software Engineering,Architecture,caching,api_guide,GLOBAL,INTERNAL,"[""employee"", ""engineer"", ""tech_lead"", ""architect""]",[],1.0,ACTIVE,Architecture Guild,github,2026-08-23,9e0fa50948c5
ENG-000107-C05,ENG-000107,ENG-ARCHITEC-00084,5,Procedure,"Caching — Global
Procedure
1. Confirm that the request concerns caching.
2. Verify the relevant owner, country, environment, and current version.
3. Follow the approved workflow and capture evidence.
4. Escalate unresolved or exceptional cases to Architecture Guild.",Software Engineering,Architecture,caching,api_guide,GLOBAL,INTERNAL,"[""employee"", ""engineer"", ""tech_lead"", ""architect""]",[],1.0,ACTIVE,Architecture Guild,github,2026-08-23,ee20909f6fa1
ENG-000107-C06,ENG-000107,ENG-ARCHITEC-00084,6,Validation,"Caching — Global
Validation
Verify the current document version before acting.",Software Engineering,Architecture,caching,api_guide,GLOBAL,INTERNAL,"[""employee"", ""engineer"", ""tech_lead"", ""architect""]",[],1.0,ACTIVE,Architecture Guild,github,2026-08-23,f0d848b8f5a3
ENG-000107-C07,ENG-000107,ENG-ARCHITEC-00084,7,Version,"Caching — Global
Version
Version 1.0. Status: ACTIVE.",Software Engineering,Architecture,caching,api_guide,GLOBAL,INTERNAL,"[""employee"", ""engineer"", ""tech_lead"", ""architect""]",[],1.0,ACTIVE,Architecture Guild,github,2026-08-23,acd9c4519f14
ENG-000108-C00,ENG-000108,ENG-MESSAGIN-00085,0,Schema Evolution — Global,"Schema Evolution — Global
Schema Evolution — Global
# Schema Evolution — Global",Software Engineering,Messaging,schema evolution,coding_standard,GLOBAL,INTERNAL,"[""employee"", ""engineer"", ""tech_lead"", ""architect""]",[],1.2,ACTIVE,Developer Experience,hr_portal,2026-09-23,d9db2ce4c7aa
ENG-000108-C01,ENG-000108,ENG-MESSAGIN-00085,1,Purpose,"Schema Evolution — Global
Purpose
The standard exists to reduce inconsistent implementation, avoid repeated support effort, and provide an auditable source of truth.",Software Engineering,Messaging,schema evolution,coding_standard,GLOBAL,INTERNAL,"[""employee"", ""engineer"", ""tech_lead"", ""architect""]",[],1.2,ACTIVE,Developer Experience,hr_portal,2026-09-23,530fb6f25bab
ENG-000108-C02,ENG-000108,ENG-MESSAGIN-00085,2,Scope,"Schema Evolution — Global
Scope
Country-specific and role-specific exceptions override the global baseline only when explicitly documented. This version is the global baseline; country-specific documents may impose additional requirements.",Software Engineering,Messaging,schema evolution,coding_standard,GLOBAL,INTERNAL,"[""employee"", ""engineer"", ""tech_lead"", ""architect""]",[],1.2,ACTIVE,Developer Experience,hr_portal,2026-09-23,1c76d142da87
ENG-000108-C03,ENG-000108,ENG-MESSAGIN-00085,3,Requirements,"Schema Evolution — Global
Requirements
- Schema Evolution must follow the current approved policy and ownership model. - Operational evidence for schema evolution should be retained according to the applicable retention schedule. - Exceptions involving schema evolution require documented approval from the responsible owner. - Teams should use standard tooling and published procedures when working with schema evolution.",Software Engineering,Messaging,schema evolution,coding_standard,GLOBAL,INTERNAL,"[""employee"", ""engineer"", ""tech_lead"", ""architect""]",[],1.2,ACTIVE,Developer Experience,hr_portal,2026-09-23,65df720dcf57
ENG-000108-C04,ENG-000108,ENG-MESSAGIN-00085,4,Controls,"Schema Evolution — Global
Controls
Changes affecting production require peer review, traceable evidence, and rollback instructions.",Software Engineering,Messaging,schema evolution,coding_standard,GLOBAL,INTERNAL,"[""employee"", ""engineer"", ""tech_lead"", ""architect""]",[],1.2,ACTIVE,Developer Experience,hr_portal,2026-09-23,477be6c61a5c
ENG-000108-C05,ENG-000108,ENG-MESSAGIN-00085,5,Procedure,"Schema Evolution — Global
Procedure
1. Confirm that the request concerns schema evolution.
2. Verify the relevant owner, country, environment, and current version.
3. Follow the approved workflow and capture evidence.
4. Escalate unresolved or exceptional cases to Developer Experience.",Software Engineering,Messaging,schema evolution,coding_standard,GLOBAL,INTERNAL,"[""employee"", ""engineer"", ""tech_lead"", ""architect""]",[],1.2,ACTIVE,Developer Experience,hr_portal,2026-09-23,45d0b8f0520b
ENG-000108-C06,ENG-000108,ENG-MESSAGIN-00085,6,Validation,"Schema Evolution — Global
Validation
If the procedure does not resolve the issue, escalate to the listed owner team with timestamps, identifiers, and evidence.",Software Engineering,Messaging,schema evolution,coding_standard,GLOBAL,INTERNAL,"[""employee"", ""engineer"", ""tech_lead"", ""architect""]",[],1.2,ACTIVE,Developer Experience,hr_portal,2026-09-23,c4aaeb4fdf22
ENG-000108-C07,ENG-000108,ENG-MESSAGIN-00085,7,Version,"Schema Evolution — Global
Version
Version 1.2. Status: ACTIVE.",Software Engineering,Messaging,schema evolution,coding_standard,GLOBAL,INTERNAL,"[""employee"", ""engineer"", ""tech_lead"", ""architect""]",[],1.2,ACTIVE,Developer Experience,hr_portal,2026-09-23,dc23df6ab683
ENG-000109-C00,ENG-000109,ENG-MESSAGIN-00086,0,Schema Evolution — Global,"Schema Evolution — Global
Schema Evolution — Global
# Schema Evolution — Global",Software Engineering,Messaging,schema evolution,known_issue,GLOBAL,CONFIDENTIAL,"[""tech_lead"", ""architect""]","[""Software Engineering""]",1.2,ARCHIVED,Developer Experience,servicenow,2025-01-19,d9db2ce4c7aa
ENG-000109-C01,ENG-000109,ENG-MESSAGIN-00086,1,Purpose,"Schema Evolution — Global
Purpose
This document defines the approved operating model for schema evolution within Northstar Digital Services.",Software Engineering,Messaging,schema evolution,known_issue,GLOBAL,CONFIDENTIAL,"[""tech_lead"", ""architect""]","[""Software Engineering""]",1.2,ARCHIVED,Developer Experience,servicenow,2025-01-19,74c8a2a5804b
ENG-000109-C02,ENG-000109,ENG-MESSAGIN-00086,2,Scope,"Schema Evolution — Global
Scope
Archived versions remain available for audit purposes but must not be used for new decisions. This version is the global baseline; country-specific documents may impose additional requirements.",Software Engineering,Messaging,schema evolution,known_issue,GLOBAL,CONFIDENTIAL,"[""tech_lead"", ""architect""]","[""Software Engineering""]",1.2,ARCHIVED,Developer Experience,servicenow,2025-01-19,3a2e82a640ee
ENG-000109-C03,ENG-000109,ENG-MESSAGIN-00086,3,Requirements,"Schema Evolution — Global
Requirements
- Schema Evolution must follow the current approved policy and ownership model. - Operational evidence for schema evolution should be retained according to the applicable retention schedule. - Exceptions involving schema evolution require documented approval from the responsible owner. - Teams should use standard tooling and published procedures when working with schema evolution.",Software Engineering,Messaging,schema evolution,known_issue,GLOBAL,CONFIDENTIAL,"[""tech_lead"", ""architect""]","[""Software Engineering""]",1.2,ARCHIVED,Developer Experience,servicenow,2025-01-19,65df720dcf57
ENG-000109-C04,ENG-000109,ENG-MESSAGIN-00086,4,Controls,"Schema Evolution — Global
Controls
Changes affecting production require peer review, traceable evidence, and rollback instructions.",Software Engineering,Messaging,schema evolution,known_issue,GLOBAL,CONFIDENTIAL,"[""tech_lead"", ""architect""]","[""Software Engineering""]",1.2,ARCHIVED,Developer Experience,servicenow,2025-01-19,477be6c61a5c
ENG-000109-C05,ENG-000109,ENG-MESSAGIN-00086,5,Procedure,"Schema Evolution — Global
Procedure
1. Confirm that the request concerns schema evolution.
2. Verify the relevant owner, country, environment, and current version.
3. Follow the approved workflow and capture evidence.
4. Escalate unresolved or exceptional cases to Developer Experience.",Software Engineering,Messaging,schema evolution,known_issue,GLOBAL,CONFIDENTIAL,"[""tech_lead"", ""architect""]","[""Software Engineering""]",1.2,ARCHIVED,Developer Experience,servicenow,2025-01-19,45d0b8f0520b
ENG-000109-C06,ENG-000109,ENG-MESSAGIN-00086,6,Validation,"Schema Evolution — Global
Validation
If the procedure does not resolve the issue, escalate to the listed owner team with timestamps, identifiers, and evidence.",Software Engineering,Messaging,schema evolution,known_issue,GLOBAL,CONFIDENTIAL,"[""tech_lead"", ""architect""]","[""Software Engineering""]",1.2,ARCHIVED,Developer Experience,servicenow,2025-01-19,c4aaeb4fdf22
ENG-000109-C07,ENG-000109,ENG-MESSAGIN-00086,7,Version,"Schema Evolution — Global
Version
Version 1.2. Status: ARCHIVED. This document is archived and retained only for historical reference.",Software Engineering,Messaging,schema evolution,known_issue,GLOBAL,CONFIDENTIAL,"[""tech_lead"", ""architect""]","[""Software Engineering""]",1.2,ARCHIVED,Developer Experience,servicenow,2025-01-19,33eec8239041
ENG-000110-C00,ENG-000110,ENG-APIS-00087,0,Rate Limiting — United Kingdom,"Rate Limiting — United Kingdom
Rate Limiting — United Kingdom
# Rate Limiting — United Kingdom",Software Engineering,APIs,rate limiting,architecture_decision_record,UK,INTERNAL,"[""employee"", ""engineer"", ""tech_lead"", ""architect""]",[],1.2,ACTIVE,Frontend Platform,confluence,2026-07-29,4a65a5a67368
ENG-000110-C01,ENG-000110,ENG-APIS-00087,1,Purpose,"Rate Limiting — United Kingdom
Purpose
The standard exists to reduce inconsistent implementation, avoid repeated support effort, and provide an auditable source of truth.",Software Engineering,APIs,rate limiting,architecture_decision_record,UK,INTERNAL,"[""employee"", ""engineer"", ""tech_lead"", ""architect""]",[],1.2,ACTIVE,Frontend Platform,confluence,2026-07-29,b274664042f4
ENG-000110-C02,ENG-000110,ENG-APIS-00087,2,Scope,"Rate Limiting — United Kingdom
Scope
Country-specific and role-specific exceptions override the global baseline only when explicitly documented. This version applies to United Kingdom.",Software Engineering,APIs,rate limiting,architecture_decision_record,UK,INTERNAL,"[""employee"", ""engineer"", ""tech_lead"", ""architect""]",[],1.2,ACTIVE,Frontend Platform,confluence,2026-07-29,d0811f3787aa
ENG-000110-C03,ENG-000110,ENG-APIS-00087,3,Requirements,"Rate Limiting — United Kingdom
Requirements
- Rate Limiting must follow the current approved policy and ownership model. - Operational evidence for rate limiting should be retained according to the applicable retention schedule. - Exceptions involving rate limiting require documented approval from the responsible owner. - Teams should use standard tooling and published procedures when working with rate limiting.",Software Engineering,APIs,rate limiting,architecture_decision_record,UK,INTERNAL,"[""employee"", ""engineer"", ""tech_lead"", ""architect""]",[],1.2,ACTIVE,Frontend Platform,confluence,2026-07-29,b85abda1ded6
ENG-000110-C04,ENG-000110,ENG-APIS-00087,4,Controls,"Rate Limiting — United Kingdom
Controls
Sensitive information must follow the organisation's classification and least-privilege requirements.",Software Engineering,APIs,rate limiting,architecture_decision_record,UK,INTERNAL,"[""employee"", ""engineer"", ""tech_lead"", ""architect""]",[],1.2,ACTIVE,Frontend Platform,confluence,2026-07-29,98187a414824
ENG-000110-C05,ENG-000110,ENG-APIS-00087,5,Procedure,"Rate Limiting — United Kingdom
Procedure
1. Confirm that the request concerns rate limiting.
2. Verify the relevant owner, country, environment, and current version.
3. Follow the approved workflow and capture evidence.
4. Escalate unresolved or exceptional cases to Frontend Platform.",Software Engineering,APIs,rate limiting,architecture_decision_record,UK,INTERNAL,"[""employee"", ""engineer"", ""tech_lead"", ""architect""]",[],1.2,ACTIVE,Frontend Platform,confluence,2026-07-29,08fc797ff31c
ENG-000110-C06,ENG-000110,ENG-APIS-00087,6,Validation,"Rate Limiting — United Kingdom
Validation
Verify the current document version before acting.",Software Engineering,APIs,rate limiting,architecture_decision_record,UK,INTERNAL,"[""employee"", ""engineer"", ""tech_lead"", ""architect""]",[],1.2,ACTIVE,Frontend Platform,confluence,2026-07-29,ba2aa82ac480
ENG-000110-C07,ENG-000110,ENG-APIS-00087,7,Version,"Rate Limiting — United Kingdom
Version
Version 1.2. Status: ACTIVE.",Software Engineering,APIs,rate limiting,architecture_decision_record,UK,INTERNAL,"[""employee"", ""engineer"", ""tech_lead"", ""architect""]",[],1.2,ACTIVE,Frontend Platform,confluence,2026-07-29,366531665ba0
ENG-000111-C00,ENG-000111,ENG-MESSAGIN-00088,0,Schema Evolution — United Kingdom v1.4,"Schema Evolution — United Kingdom v1.4
Schema Evolution — United Kingdom v1.4
# Schema Evolution — United Kingdom v1.4",Software Engineering,Messaging,schema evolution,architecture_decision_record,UK,INTERNAL,"[""employee"", ""engineer"", ""tech_lead"", ""architect""]",[],1.4,ARCHIVED,Backend Platform,google_drive,2025-05-25,9e3c506c3d26
ENG-000111-C01,ENG-000111,ENG-MESSAGIN-00088,1,Purpose,"Schema Evolution — United Kingdom v1.4
Purpose
Teams must apply this guidance when working with schema evolution in production or employee-facing environments.",Software Engineering,Messaging,schema evolution,architecture_decision_record,UK,INTERNAL,"[""employee"", ""engineer"", ""tech_lead"", ""architect""]",[],1.4,ARCHIVED,Backend Platform,google_drive,2025-05-25,127712d5b958
ENG-000111-C02,ENG-000111,ENG-MESSAGIN-00088,2,Scope,"Schema Evolution — United Kingdom v1.4
Scope
It applies to employees, contractors, and managed service teams where the stated scope is relevant. This version applies to United Kingdom.",Software Engineering,Messaging,schema evolution,architecture_decision_record,UK,INTERNAL,"[""employee"", ""engineer"", ""tech_lead"", ""architect""]",[],1.4,ARCHIVED,Backend Platform,google_drive,2025-05-25,0e5e8db9490b
ENG-000111-C03,ENG-000111,ENG-MESSAGIN-00088,3,Requirements,"Schema Evolution — United Kingdom v1.4
Requirements
- Schema Evolution must follow the current approved policy and ownership model. - Operational evidence for schema evolution should be retained according to the applicable retention schedule. - Exceptions involving schema evolution require documented approval from the responsible owner. - Teams should use standard tooling and published procedures when working with schema evolution.",Software Engineering,Messaging,schema evolution,architecture_decision_record,UK,INTERNAL,"[""employee"", ""engineer"", ""tech_lead"", ""architect""]",[],1.4,ARCHIVED,Backend Platform,google_drive,2025-05-25,c8b825ab45f3
ENG-000111-C04,ENG-000111,ENG-MESSAGIN-00088,4,Controls,"Schema Evolution — United Kingdom v1.4
Controls
Changes affecting production require peer review, traceable evidence, and rollback instructions.",Software Engineering,Messaging,schema evolution,architecture_decision_record,UK,INTERNAL,"[""employee"", ""engineer"", ""tech_lead"", ""architect""]",[],1.4,ARCHIVED,Backend Platform,google_drive,2025-05-25,436f2a5674cd
ENG-000111-C05,ENG-000111,ENG-MESSAGIN-00088,5,Procedure,"Schema Evolution — United Kingdom v1.4
Procedure
1. Confirm that the request concerns schema evolution.
2. Verify the relevant owner, country, environment, and current version.
3. Follow the approved workflow and capture evidence.
4. Escalate unresolved or exceptional cases to Backend Platform.",Software Engineering,Messaging,schema evolution,architecture_decision_record,UK,INTERNAL,"[""employee"", ""engineer"", ""tech_lead"", ""architect""]",[],1.4,ARCHIVED,Backend Platform,google_drive,2025-05-25,808840051b19
ENG-000111-C06,ENG-000111,ENG-MESSAGIN-00088,6,Validation,"Schema Evolution — United Kingdom v1.4
Validation
Verify the current document version before acting.",Software Engineering,Messaging,schema evolution,architecture_decision_record,UK,INTERNAL,"[""employee"", ""engineer"", ""tech_lead"", ""architect""]",[],1.4,ARCHIVED,Backend Platform,google_drive,2025-05-25,bbe1a6e256dd
ENG-000111-C07,ENG-000111,ENG-MESSAGIN-00088,7,Version,"Schema Evolution — United Kingdom v1.4
Version
Version 1.4. Status: ARCHIVED. This document is archived and retained only for historical reference.",Software Engineering,Messaging,schema evolution,architecture_decision_record,UK,INTERNAL,"[""employee"", ""engineer"", ""tech_lead"", ""architect""]",[],1.4,ARCHIVED,Backend Platform,google_drive,2025-05-25,c632395a388b
ENG-000112-C00,ENG-000112,ENG-MESSAGIN-00088,0,Schema Evolution — United Kingdom v2.2,"Schema Evolution — United Kingdom v2.2
Schema Evolution — United Kingdom v2.2
# Schema Evolution — United Kingdom v2.2",Software Engineering,Messaging,schema evolution,architecture_decision_record,UK,INTERNAL,"[""employee"", ""engineer"", ""tech_lead"", ""architect""]",[],2.2,ARCHIVED,Backend Platform,google_drive,2025-02-28,da46220f22ef
ENG-000112-C01,ENG-000112,ENG-MESSAGIN-00088,1,Purpose,"Schema Evolution — United Kingdom v2.2
Purpose
The standard exists to reduce inconsistent implementation, avoid repeated support effort, and provide an auditable source of truth.",Software Engineering,Messaging,schema evolution,architecture_decision_record,UK,INTERNAL,"[""employee"", ""engineer"", ""tech_lead"", ""architect""]",[],2.2,ARCHIVED,Backend Platform,google_drive,2025-02-28,3788e0491672
ENG-000112-C02,ENG-000112,ENG-MESSAGIN-00088,2,Scope,"Schema Evolution — United Kingdom v2.2
Scope
It applies to employees, contractors, and managed service teams where the stated scope is relevant. This version applies to United Kingdom.",Software Engineering,Messaging,schema evolution,architecture_decision_record,UK,INTERNAL,"[""employee"", ""engineer"", ""tech_lead"", ""architect""]",[],2.2,ARCHIVED,Backend Platform,google_drive,2025-02-28,11d6dcfa3205
ENG-000112-C03,ENG-000112,ENG-MESSAGIN-00088,3,Requirements,"Schema Evolution — United Kingdom v2.2
Requirements
- Schema Evolution must follow the current approved policy and ownership model. - Operational evidence for schema evolution should be retained according to the applicable retention schedule. - Exceptions involving schema evolution require documented approval from the responsible owner. - Teams should use standard tooling and published procedures when working with schema evolution.",Software Engineering,Messaging,schema evolution,architecture_decision_record,UK,INTERNAL,"[""employee"", ""engineer"", ""tech_lead"", ""architect""]",[],2.2,ARCHIVED,Backend Platform,google_drive,2025-02-28,fb5766e49fd2
ENG-000112-C04,ENG-000112,ENG-MESSAGIN-00088,4,Controls,"Schema Evolution — United Kingdom v2.2
Controls
Requests requiring elevated access must be approved by the designated owner and recorded in the enterprise service system.",Software Engineering,Messaging,schema evolution,architecture_decision_record,UK,INTERNAL,"[""employee"", ""engineer"", ""tech_lead"", ""architect""]",[],2.2,ARCHIVED,Backend Platform,google_drive,2025-02-28,36b5ced9b077
ENG-000112-C05,ENG-000112,ENG-MESSAGIN-00088,5,Procedure,"Schema Evolution — United Kingdom v2.2
Procedure
1. Confirm that the request concerns schema evolution.
2. Verify the relevant owner, country, environment, and current version.
3. Follow the approved workflow and capture evidence.
4. Escalate unresolved or exceptional cases to Backend Platform.",Software Engineering,Messaging,schema evolution,architecture_decision_record,UK,INTERNAL,"[""employee"", ""engineer"", ""tech_lead"", ""architect""]",[],2.2,ARCHIVED,Backend Platform,google_drive,2025-02-28,00a78022abc9
ENG-000112-C06,ENG-000112,ENG-MESSAGIN-00088,6,Validation,"Schema Evolution — United Kingdom v2.2
Validation
Verify the current document version before acting.",Software Engineering,Messaging,schema evolution,architecture_decision_record,UK,INTERNAL,"[""employee"", ""engineer"", ""tech_lead"", ""architect""]",[],2.2,ARCHIVED,Backend Platform,google_drive,2025-02-28,a3e479af4443
ENG-000112-C07,ENG-000112,ENG-MESSAGIN-00088,7,Version,"Schema Evolution — United Kingdom v2.2
Version
Version 2.2. Status: ARCHIVED. This document is archived and retained only for historical reference.",Software Engineering,Messaging,schema evolution,architecture_decision_record,UK,INTERNAL,"[""employee"", ""engineer"", ""tech_lead"", ""architect""]",[],2.2,ARCHIVED,Backend Platform,google_drive,2025-02-28,4b2a46498948
ENG-000113-C00,ENG-000113,ENG-MESSAGIN-00088,0,Schema Evolution — United Kingdom v3.0,"Schema Evolution — United Kingdom v3.0
Schema Evolution — United Kingdom v3.0
# Schema Evolution — United Kingdom v3.0",Software Engineering,Messaging,schema evolution,architecture_decision_record,UK,EMPLOYEE,"[""employee"", ""engineer"", ""tech_lead"", ""architect""]",[],3.0,ACTIVE,Backend Platform,sharepoint,2025-12-31,d891aecf9edc
ENG-000113-C01,ENG-000113,ENG-MESSAGIN-00088,1,Purpose,"Schema Evolution — United Kingdom v3.0
Purpose
The standard exists to reduce inconsistent implementation, avoid repeated support effort, and provide an auditable source of truth.",Software Engineering,Messaging,schema evolution,architecture_decision_record,UK,EMPLOYEE,"[""employee"", ""engineer"", ""tech_lead"", ""architect""]",[],3.0,ACTIVE,Backend Platform,sharepoint,2025-12-31,29d2c4a5829a
ENG-000113-C02,ENG-000113,ENG-MESSAGIN-00088,2,Scope,"Schema Evolution — United Kingdom v3.0
Scope
Country-specific and role-specific exceptions override the global baseline only when explicitly documented. This version applies to United Kingdom.",Software Engineering,Messaging,schema evolution,architecture_decision_record,UK,EMPLOYEE,"[""employee"", ""engineer"", ""tech_lead"", ""architect""]",[],3.0,ACTIVE,Backend Platform,sharepoint,2025-12-31,cdf6a3c13a63
ENG-000113-C03,ENG-000113,ENG-MESSAGIN-00088,3,Requirements,"Schema Evolution — United Kingdom v3.0
Requirements
- Schema Evolution must follow the current approved policy and ownership model. - Operational evidence for schema evolution should be retained according to the applicable retention schedule. - Exceptions involving schema evolution require documented approval from the responsible owner. - Teams should use standard tooling and published procedures when working with schema evolution.",Software Engineering,Messaging,schema evolution,architecture_decision_record,UK,EMPLOYEE,"[""employee"", ""engineer"", ""tech_lead"", ""architect""]",[],3.0,ACTIVE,Backend Platform,sharepoint,2025-12-31,34ba7662d4a1
ENG-000113-C04,ENG-000113,ENG-MESSAGIN-00088,4,Controls,"Schema Evolution — United Kingdom v3.0
Controls
Requests requiring elevated access must be approved by the designated owner and recorded in the enterprise service system.",Software Engineering,Messaging,schema evolution,architecture_decision_record,UK,EMPLOYEE,"[""employee"", ""engineer"", ""tech_lead"", ""architect""]",[],3.0,ACTIVE,Backend Platform,sharepoint,2025-12-31,635f25ca9eb8
ENG-000113-C05,ENG-000113,ENG-MESSAGIN-00088,5,Procedure,"Schema Evolution — United Kingdom v3.0
Procedure
1. Confirm that the request concerns schema evolution.
2. Verify the relevant owner, country, environment, and current version.
3. Follow the approved workflow and capture evidence.
4. Escalate unresolved or exceptional cases to Backend Platform.",Software Engineering,Messaging,schema evolution,architecture_decision_record,UK,EMPLOYEE,"[""employee"", ""engineer"", ""tech_lead"", ""architect""]",[],3.0,ACTIVE,Backend Platform,sharepoint,2025-12-31,57833fe1b893
ENG-000113-C06,ENG-000113,ENG-MESSAGIN-00088,6,Validation,"Schema Evolution — United Kingdom v3.0
Validation
Verify the current document version before acting.",Software Engineering,Messaging,schema evolution,architecture_decision_record,UK,EMPLOYEE,"[""employee"", ""engineer"", ""tech_lead"", ""architect""]",[],3.0,ACTIVE,Backend Platform,sharepoint,2025-12-31,dba91ca6a45f
ENG-000113-C07,ENG-000113,ENG-MESSAGIN-00088,7,Version,"Schema Evolution — United Kingdom v3.0
Version
Version 3.0. Status: ACTIVE.",Software Engineering,Messaging,schema evolution,architecture_decision_record,UK,EMPLOYEE,"[""employee"", ""engineer"", ""tech_lead"", ""architect""]",[],3.0,ACTIVE,Backend Platform,sharepoint,2025-12-31,11eb0ef00976
ENG-000114-C00,ENG-000114,ENG-PYTHON-B-00089,0,Pydantic Contracts — Global,"Pydantic Contracts — Global
Pydantic Contracts — Global
# Pydantic Contracts — Global",Software Engineering,Python Backend,Pydantic contracts,known_issue,GLOBAL,INTERNAL,"[""employee"", ""engineer"", ""tech_lead"", ""architect""]",[],1.3,ACTIVE,Data Platform,google_drive,2024-10-08,ad9f84ddfe2e
ENG-000114-C01,ENG-000114,ENG-PYTHON-B-00089,1,Purpose,"Pydantic Contracts — Global
Purpose
The standard exists to reduce inconsistent implementation, avoid repeated support effort, and provide an auditable source of truth.",Software Engineering,Python Backend,Pydantic contracts,known_issue,GLOBAL,INTERNAL,"[""employee"", ""engineer"", ""tech_lead"", ""architect""]",[],1.3,ACTIVE,Data Platform,google_drive,2024-10-08,fb369e49b28c
ENG-000114-C02,ENG-000114,ENG-PYTHON-B-00089,2,Scope,"Pydantic Contracts — Global
Scope
Archived versions remain available for audit purposes but must not be used for new decisions. This version is the global baseline; country-specific documents may impose additional requirements.",Software Engineering,Python Backend,Pydantic contracts,known_issue,GLOBAL,INTERNAL,"[""employee"", ""engineer"", ""tech_lead"", ""architect""]",[],1.3,ACTIVE,Data Platform,google_drive,2024-10-08,4b8b8b67c0bf
ENG-000114-C03,ENG-000114,ENG-PYTHON-B-00089,3,Requirements,"Pydantic Contracts — Global
Requirements
- Pydantic Contracts must follow the current approved policy and ownership model. - Operational evidence for Pydantic contracts should be retained according to the applicable retention schedule. - Exceptions involving Pydantic contracts require documented approval from the responsible owner. - Teams should use standard tooling and published procedures when working with Pydantic contracts.",Software Engineering,Python Backend,Pydantic contracts,known_issue,GLOBAL,INTERNAL,"[""employee"", ""engineer"", ""tech_lead"", ""architect""]",[],1.3,ACTIVE,Data Platform,google_drive,2024-10-08,3fd313f50b57
ENG-000114-C04,ENG-000114,ENG-PYTHON-B-00089,4,Controls,"Pydantic Contracts — Global
Controls
Requests requiring elevated access must be approved by the designated owner and recorded in the enterprise service system.",Software Engineering,Python Backend,Pydantic contracts,known_issue,GLOBAL,INTERNAL,"[""employee"", ""engineer"", ""tech_lead"", ""architect""]",[],1.3,ACTIVE,Data Platform,google_drive,2024-10-08,56e8c555eba2
ENG-000114-C05,ENG-000114,ENG-PYTHON-B-00089,5,Procedure,"Pydantic Contracts — Global
Procedure
1. Confirm that the request concerns Pydantic contracts.
2. Verify the relevant owner, country, environment, and current version.
3. Follow the approved workflow and capture evidence.
4. Escalate unresolved or exceptional cases to Data Platform.",Software Engineering,Python Backend,Pydantic contracts,known_issue,GLOBAL,INTERNAL,"[""employee"", ""engineer"", ""tech_lead"", ""architect""]",[],1.3,ACTIVE,Data Platform,google_drive,2024-10-08,64d352e69b68
ENG-000114-C06,ENG-000114,ENG-PYTHON-B-00089,6,Validation,"Pydantic Contracts — Global
Validation
Verify the current document version before acting.",Software Engineering,Python Backend,Pydantic contracts,known_issue,GLOBAL,INTERNAL,"[""employee"", ""engineer"", ""tech_lead"", ""architect""]",[],1.3,ACTIVE,Data Platform,google_drive,2024-10-08,9b97c5157f97
ENG-000114-C07,ENG-000114,ENG-PYTHON-B-00089,7,Version,"Pydantic Contracts — Global
Version
Version 1.3. Status: ACTIVE.",Software Engineering,Python Backend,Pydantic contracts,known_issue,GLOBAL,INTERNAL,"[""employee"", ""engineer"", ""tech_lead"", ""architect""]",[],1.3,ACTIVE,Data Platform,google_drive,2024-10-08,ec4fc44cfbbc
ENG-000115-C00,ENG-000115,ENG-ARCHITEC-00090,0,Adr Process — Global,"Adr Process — Global
Adr Process — Global
# Adr Process — Global",Software Engineering,Architecture,ADR process,technical_standard,GLOBAL,EMPLOYEE,"[""employee"", ""engineer"", ""tech_lead"", ""architect""]",[],1.1,ACTIVE,Architecture Guild,sharepoint,2026-09-23,6341608876b9
ENG-000115-C01,ENG-000115,ENG-ARCHITEC-00090,1,Purpose,"Adr Process — Global
Purpose
Teams must apply this guidance when working with ADR process in production or employee-facing environments.",Software Engineering,Architecture,ADR process,technical_standard,GLOBAL,EMPLOYEE,"[""employee"", ""engineer"", ""tech_lead"", ""architect""]",[],1.1,ACTIVE,Architecture Guild,sharepoint,2026-09-23,c0aa76f61819
ENG-000115-C02,ENG-000115,ENG-ARCHITEC-00090,2,Scope,"Adr Process — Global
Scope
It applies to employees, contractors, and managed service teams where the stated scope is relevant. This version is the global baseline; country-specific documents may impose additional requirements.",Software Engineering,Architecture,ADR process,technical_standard,GLOBAL,EMPLOYEE,"[""employee"", ""engineer"", ""tech_lead"", ""architect""]",[],1.1,ACTIVE,Architecture Guild,sharepoint,2026-09-23,42404b30e550
ENG-000115-C03,ENG-000115,ENG-ARCHITEC-00090,3,Requirements,"Adr Process — Global
Requirements
- Adr Process must follow the current approved policy and ownership model. - Operational evidence for ADR process should be retained according to the applicable retention schedule. - Exceptions involving ADR process require documented approval from the responsible owner. - Teams should use standard tooling and published procedures when working with ADR process.",Software Engineering,Architecture,ADR process,technical_standard,GLOBAL,EMPLOYEE,"[""employee"", ""engineer"", ""tech_lead"", ""architect""]",[],1.1,ACTIVE,Architecture Guild,sharepoint,2026-09-23,9a2cacfe9071
ENG-000115-C04,ENG-000115,ENG-ARCHITEC-00090,4,Controls,"Adr Process — Global
Controls
Sensitive information must follow the organisation's classification and least-privilege requirements.",Software Engineering,Architecture,ADR process,technical_standard,GLOBAL,EMPLOYEE,"[""employee"", ""engineer"", ""tech_lead"", ""architect""]",[],1.1,ACTIVE,Architecture Guild,sharepoint,2026-09-23,0f8d1927bd9c
ENG-000115-C05,ENG-000115,ENG-ARCHITEC-00090,5,Procedure,"Adr Process — Global
Procedure
1. Confirm that the request concerns ADR process.
2. Verify the relevant owner, country, environment, and current version.
3. Follow the approved workflow and capture evidence.
4. Escalate unresolved or exceptional cases to Architecture Guild.",Software Engineering,Architecture,ADR process,technical_standard,GLOBAL,EMPLOYEE,"[""employee"", ""engineer"", ""tech_lead"", ""architect""]",[],1.1,ACTIVE,Architecture Guild,sharepoint,2026-09-23,ba7c3a799d90
ENG-000115-C06,ENG-000115,ENG-ARCHITEC-00090,6,Validation,"Adr Process — Global
Validation
If the procedure does not resolve the issue, escalate to the listed owner team with timestamps, identifiers, and evidence.",Software Engineering,Architecture,ADR process,technical_standard,GLOBAL,EMPLOYEE,"[""employee"", ""engineer"", ""tech_lead"", ""architect""]",[],1.1,ACTIVE,Architecture Guild,sharepoint,2026-09-23,c61f0413ccfa
ENG-000115-C07,ENG-000115,ENG-ARCHITEC-00090,7,Version,"Adr Process — Global
Version
Version 1.1. Status: ACTIVE.",Software Engineering,Architecture,ADR process,technical_standard,GLOBAL,EMPLOYEE,"[""employee"", ""engineer"", ""tech_lead"", ""architect""]",[],1.1,ACTIVE,Architecture Guild,sharepoint,2026-09-23,d64f8444720f
ENG-000116-C00,ENG-000116,ENG-APIS-00091,0,Pagination — Global,"Pagination — Global
Pagination — Global
# Pagination — Global",Software Engineering,APIs,pagination,technical_standard,GLOBAL,INTERNAL,"[""employee"", ""engineer"", ""tech_lead"", ""architect""]",[],1.0,ACTIVE,Developer Experience,sharepoint,2026-09-23,7ede96330e71
ENG-000116-C01,ENG-000116,ENG-APIS-00091,1,Purpose,"Pagination — Global
Purpose
Teams must apply this guidance when working with pagination in production or employee-facing environments.",Software Engineering,APIs,pagination,technical_standard,GLOBAL,INTERNAL,"[""employee"", ""engineer"", ""tech_lead"", ""architect""]",[],1.0,ACTIVE,Developer Experience,sharepoint,2026-09-23,b07ed3a515dc
ENG-000116-C02,ENG-000116,ENG-APIS-00091,2,Scope,"Pagination — Global
Scope
Country-specific and role-specific exceptions override the global baseline only when explicitly documented. This version is the global baseline; country-specific documents may impose additional requirements.",Software Engineering,APIs,pagination,technical_standard,GLOBAL,INTERNAL,"[""employee"", ""engineer"", ""tech_lead"", ""architect""]",[],1.0,ACTIVE,Developer Experience,sharepoint,2026-09-23,5889b9315b97
ENG-000116-C03,ENG-000116,ENG-APIS-00091,3,Requirements,"Pagination — Global
Requirements
- Pagination must follow the current approved policy and ownership model. - Operational evidence for pagination should be retained according to the applicable retention schedule. - Exceptions involving pagination require documented approval from the responsible owner. - Teams should use standard tooling and published procedures when working with pagination.",Software Engineering,APIs,pagination,technical_standard,GLOBAL,INTERNAL,"[""employee"", ""engineer"", ""tech_lead"", ""architect""]",[],1.0,ACTIVE,Developer Experience,sharepoint,2026-09-23,38b8a4f86b95
ENG-000116-C04,ENG-000116,ENG-APIS-00091,4,Controls,"Pagination — Global
Controls
Changes affecting production require peer review, traceable evidence, and rollback instructions.",Software Engineering,APIs,pagination,technical_standard,GLOBAL,INTERNAL,"[""employee"", ""engineer"", ""tech_lead"", ""architect""]",[],1.0,ACTIVE,Developer Experience,sharepoint,2026-09-23,52a1db4a9500
ENG-000116-C05,ENG-000116,ENG-APIS-00091,5,Procedure,"Pagination — Global
Procedure
1. Confirm that the request concerns pagination.
2. Verify the relevant owner, country, environment, and current version.
3. Follow the approved workflow and capture evidence.
4. Escalate unresolved or exceptional cases to Developer Experience.",Software Engineering,APIs,pagination,technical_standard,GLOBAL,INTERNAL,"[""employee"", ""engineer"", ""tech_lead"", ""architect""]",[],1.0,ACTIVE,Developer Experience,sharepoint,2026-09-23,a817860e64ba
ENG-000116-C06,ENG-000116,ENG-APIS-00091,6,Validation,"Pagination — Global
Validation
Do not bypass required controls simply to shorten resolution time.",Software Engineering,APIs,pagination,technical_standard,GLOBAL,INTERNAL,"[""employee"", ""engineer"", ""tech_lead"", ""architect""]",[],1.0,ACTIVE,Developer Experience,sharepoint,2026-09-23,45c3b60be0c4
ENG-000116-C07,ENG-000116,ENG-APIS-00091,7,Version,"Pagination — Global
Version
Version 1.0. Status: ACTIVE.",Software Engineering,APIs,pagination,technical_standard,GLOBAL,INTERNAL,"[""employee"", ""engineer"", ""tech_lead"", ""architect""]",[],1.0,ACTIVE,Developer Experience,sharepoint,2026-09-23,1d9a0104dfc4
ENG-000117-C00,ENG-000117,ENG-PYTHON-B-00092,0,Fastapi Service Standard — Singapore,"Fastapi Service Standard — Singapore
Fastapi Service Standard — Singapore
# Fastapi Service Standard — Singapore",Software Engineering,Python Backend,FastAPI service standard,migration_guide,SG,INTERNAL,"[""employee"", ""engineer"", ""tech_lead"", ""architect""]",[],1.3,ACTIVE,Architecture Guild,google_drive,2024-02-11,2cba04deaf54
ENG-000117-C01,ENG-000117,ENG-PYTHON-B-00092,1,Purpose,"Fastapi Service Standard — Singapore
Purpose
This document defines the approved operating model for FastAPI service standard within Northstar Digital Services.",Software Engineering,Python Backend,FastAPI service standard,migration_guide,SG,INTERNAL,"[""employee"", ""engineer"", ""tech_lead"", ""architect""]",[],1.3,ACTIVE,Architecture Guild,google_drive,2024-02-11,5b54c0fa7c0a
ENG-000117-C02,ENG-000117,ENG-PYTHON-B-00092,2,Scope,"Fastapi Service Standard — Singapore
Scope
Archived versions remain available for audit purposes but must not be used for new decisions. This version applies to Singapore.",Software Engineering,Python Backend,FastAPI service standard,migration_guide,SG,INTERNAL,"[""employee"", ""engineer"", ""tech_lead"", ""architect""]",[],1.3,ACTIVE,Architecture Guild,google_drive,2024-02-11,34574d0b6e37
ENG-000117-C03,ENG-000117,ENG-PYTHON-B-00092,3,Requirements,"Fastapi Service Standard — Singapore
Requirements
- Service contracts must use explicit schemas. - Health and readiness endpoints are required. - Timeouts, structured logging, and request IDs are mandatory in production. - Service contracts must use explicit schemas.",Software Engineering,Python Backend,FastAPI service standard,migration_guide,SG,INTERNAL,"[""employee"", ""engineer"", ""tech_lead"", ""architect""]",[],1.3,ACTIVE,Architecture Guild,google_drive,2024-02-11,090026b0465a
ENG-000117-C04,ENG-000117,ENG-PYTHON-B-00092,4,Controls,"Fastapi Service Standard — Singapore
Controls
Requests requiring elevated access must be approved by the designated owner and recorded in the enterprise service system.",Software Engineering,Python Backend,FastAPI service standard,migration_guide,SG,INTERNAL,"[""employee"", ""engineer"", ""tech_lead"", ""architect""]",[],1.3,ACTIVE,Architecture Guild,google_drive,2024-02-11,219cfc2a4cb4
ENG-000117-C05,ENG-000117,ENG-PYTHON-B-00092,5,Procedure,"Fastapi Service Standard — Singapore
Procedure
1. Confirm that the request concerns FastAPI service standard.
2. Verify the relevant owner, country, environment, and current version.
3. Follow the approved workflow and capture evidence.
4. Escalate unresolved or exceptional cases to Architecture Guild.",Software Engineering,Python Backend,FastAPI service standard,migration_guide,SG,INTERNAL,"[""employee"", ""engineer"", ""tech_lead"", ""architect""]",[],1.3,ACTIVE,Architecture Guild,google_drive,2024-02-11,e0d214648982
ENG-000117-C06,ENG-000117,ENG-PYTHON-B-00092,6,Validation,"Fastapi Service Standard — Singapore
Validation
Do not bypass required controls simply to shorten resolution time.",Software Engineering,Python Backend,FastAPI service standard,migration_guide,SG,INTERNAL,"[""employee"", ""engineer"", ""tech_lead"", ""architect""]",[],1.3,ACTIVE,Architecture Guild,google_drive,2024-02-11,164d657eed49
ENG-000117-C07,ENG-000117,ENG-PYTHON-B-00092,7,Version,"Fastapi Service Standard — Singapore
Version
Version 1.3. Status: ACTIVE.",Software Engineering,Python Backend,FastAPI service standard,migration_guide,SG,INTERNAL,"[""employee"", ""engineer"", ""tech_lead"", ""architect""]",[],1.3,ACTIVE,Architecture Guild,google_drive,2024-02-11,3b53edb3543d
ENG-000118-C00,ENG-000118,ENG-TESTING-00093,0,Test Data — Global,"Test Data — Global
Test Data — Global
# Test Data — Global",Software Engineering,Testing,test data,technical_standard,GLOBAL,INTERNAL,"[""employee"", ""engineer"", ""tech_lead"", ""architect""]",[],1.0,ACTIVE,Data Platform,confluence,2024-07-27,da213c597ab3
ENG-000118-C01,ENG-000118,ENG-TESTING-00093,1,Purpose,"Test Data — Global
Purpose
Teams must apply this guidance when working with test data in production or employee-facing environments.",Software Engineering,Testing,test data,technical_standard,GLOBAL,INTERNAL,"[""employee"", ""engineer"", ""tech_lead"", ""architect""]",[],1.0,ACTIVE,Data Platform,confluence,2024-07-27,2ea6a7b75b4c
ENG-000118-C02,ENG-000118,ENG-TESTING-00093,2,Scope,"Test Data — Global
Scope
Country-specific and role-specific exceptions override the global baseline only when explicitly documented. This version is the global baseline; country-specific documents may impose additional requirements.",Software Engineering,Testing,test data,technical_standard,GLOBAL,INTERNAL,"[""employee"", ""engineer"", ""tech_lead"", ""architect""]",[],1.0,ACTIVE,Data Platform,confluence,2024-07-27,3dd7d77598fc
ENG-000118-C03,ENG-000118,ENG-TESTING-00093,3,Requirements,"Test Data — Global
Requirements
- Test Data must follow the current approved policy and ownership model. - Operational evidence for test data should be retained according to the applicable retention schedule. - Exceptions involving test data require documented approval from the responsible owner. - Teams should use standard tooling and published procedures when working with test data.",Software Engineering,Testing,test data,technical_standard,GLOBAL,INTERNAL,"[""employee"", ""engineer"", ""tech_lead"", ""architect""]",[],1.0,ACTIVE,Data Platform,confluence,2024-07-27,d0020e51fc76
ENG-000118-C04,ENG-000118,ENG-TESTING-00093,4,Controls,"Test Data — Global
Controls
Requests requiring elevated access must be approved by the designated owner and recorded in the enterprise service system.",Software Engineering,Testing,test data,technical_standard,GLOBAL,INTERNAL,"[""employee"", ""engineer"", ""tech_lead"", ""architect""]",[],1.0,ACTIVE,Data Platform,confluence,2024-07-27,3bd74eedb2a6
ENG-000118-C05,ENG-000118,ENG-TESTING-00093,5,Procedure,"Test Data — Global
Procedure
1. Confirm that the request concerns test data.
2. Verify the relevant owner, country, environment, and current version.
3. Follow the approved workflow and capture evidence.
4. Escalate unresolved or exceptional cases to Data Platform.",Software Engineering,Testing,test data,technical_standard,GLOBAL,INTERNAL,"[""employee"", ""engineer"", ""tech_lead"", ""architect""]",[],1.0,ACTIVE,Data Platform,confluence,2024-07-27,5225a2718e0e
ENG-000118-C06,ENG-000118,ENG-TESTING-00093,6,Validation,"Test Data — Global
Validation
Verify the current document version before acting.",Software Engineering,Testing,test data,technical_standard,GLOBAL,INTERNAL,"[""employee"", ""engineer"", ""tech_lead"", ""architect""]",[],1.0,ACTIVE,Data Platform,confluence,2024-07-27,7ef2f9834f18
ENG-000118-C07,ENG-000118,ENG-TESTING-00093,7,Version,"Test Data — Global
Version
Version 1.0. Status: ACTIVE.",Software Engineering,Testing,test data,technical_standard,GLOBAL,INTERNAL,"[""employee"", ""engineer"", ""tech_lead"", ""architect""]",[],1.0,ACTIVE,Data Platform,confluence,2024-07-27,8599945e28d7
ENG-000119-C00,ENG-000119,ENG-FRONTEND-00094,0,React Standards — United States,"React Standards — United States
React Standards — United States
# React Standards — United States",Software Engineering,Frontend,React standards,coding_standard,US,INTERNAL,"[""employee"", ""engineer"", ""tech_lead"", ""architect""]",[],1.2,ACTIVE,Architecture Guild,hr_portal,2025-08-16,c0eb1395e2e7
ENG-000119-C01,ENG-000119,ENG-FRONTEND-00094,1,Purpose,"React Standards — United States
Purpose
This document defines the approved operating model for React standards within Northstar Digital Services.",Software Engineering,Frontend,React standards,coding_standard,US,INTERNAL,"[""employee"", ""engineer"", ""tech_lead"", ""architect""]",[],1.2,ACTIVE,Architecture Guild,hr_portal,2025-08-16,8c1e37460edc
ENG-000119-C02,ENG-000119,ENG-FRONTEND-00094,2,Scope,"React Standards — United States
Scope
It applies to employees, contractors, and managed service teams where the stated scope is relevant. This version applies to United States.",Software Engineering,Frontend,React standards,coding_standard,US,INTERNAL,"[""employee"", ""engineer"", ""tech_lead"", ""architect""]",[],1.2,ACTIVE,Architecture Guild,hr_portal,2025-08-16,8448ed828b92
ENG-000119-C03,ENG-000119,ENG-FRONTEND-00094,3,Requirements,"React Standards — United States
Requirements
- React Standards must follow the current approved policy and ownership model. - Operational evidence for React standards should be retained according to the applicable retention schedule. - Exceptions involving React standards require documented approval from the responsible owner. - Teams should use standard tooling and published procedures when working with React standards.",Software Engineering,Frontend,React standards,coding_standard,US,INTERNAL,"[""employee"", ""engineer"", ""tech_lead"", ""architect""]",[],1.2,ACTIVE,Architecture Guild,hr_portal,2025-08-16,b8f94f76278d
ENG-000119-C04,ENG-000119,ENG-FRONTEND-00094,4,Controls,"React Standards — United States
Controls
Changes affecting production require peer review, traceable evidence, and rollback instructions.",Software Engineering,Frontend,React standards,coding_standard,US,INTERNAL,"[""employee"", ""engineer"", ""tech_lead"", ""architect""]",[],1.2,ACTIVE,Architecture Guild,hr_portal,2025-08-16,ca56c00e3c9f
ENG-000119-C05,ENG-000119,ENG-FRONTEND-00094,5,Procedure,"React Standards — United States
Procedure
1. Confirm that the request concerns React standards.
2. Verify the relevant owner, country, environment, and current version.
3. Follow the approved workflow and capture evidence.
4. Escalate unresolved or exceptional cases to Architecture Guild.",Software Engineering,Frontend,React standards,coding_standard,US,INTERNAL,"[""employee"", ""engineer"", ""tech_lead"", ""architect""]",[],1.2,ACTIVE,Architecture Guild,hr_portal,2025-08-16,b461387d2f28
ENG-000119-C06,ENG-000119,ENG-FRONTEND-00094,6,Validation,"React Standards — United States
Validation
Verify the current document version before acting.",Software Engineering,Frontend,React standards,coding_standard,US,INTERNAL,"[""employee"", ""engineer"", ""tech_lead"", ""architect""]",[],1.2,ACTIVE,Architecture Guild,hr_portal,2025-08-16,645efedadd82
ENG-000119-C07,ENG-000119,ENG-FRONTEND-00094,7,Version,"React Standards — United States
Version
Version 1.2. Status: ACTIVE.",Software Engineering,Frontend,React standards,coding_standard,US,INTERNAL,"[""employee"", ""engineer"", ""tech_lead"", ""architect""]",[],1.2,ACTIVE,Architecture Guild,hr_portal,2025-08-16,9caa64272ac0
ENG-000120-C00,ENG-000120,ENG-DATABASE-00095,0,Connection Pooling — Global,"Connection Pooling — Global
Connection Pooling — Global
# Connection Pooling — Global",Software Engineering,Databases,connection pooling,known_issue,GLOBAL,INTERNAL,"[""employee"", ""engineer"", ""tech_lead"", ""architect""]",[],1.2,ACTIVE,Data Platform,sharepoint,2024-12-08,fbbd98a8f26d
ENG-000120-C01,ENG-000120,ENG-DATABASE-00095,1,Purpose,"Connection Pooling — Global
Purpose
Teams must apply this guidance when working with connection pooling in production or employee-facing environments.",Software Engineering,Databases,connection pooling,known_issue,GLOBAL,INTERNAL,"[""employee"", ""engineer"", ""tech_lead"", ""architect""]",[],1.2,ACTIVE,Data Platform,sharepoint,2024-12-08,33186ce708b1
ENG-000120-C02,ENG-000120,ENG-DATABASE-00095,2,Scope,"Connection Pooling — Global
Scope
It applies to employees, contractors, and managed service teams where the stated scope is relevant. This version is the global baseline; country-specific documents may impose additional requirements.",Software Engineering,Databases,connection pooling,known_issue,GLOBAL,INTERNAL,"[""employee"", ""engineer"", ""tech_lead"", ""architect""]",[],1.2,ACTIVE,Data Platform,sharepoint,2024-12-08,d46a8754f034
ENG-000120-C03,ENG-000120,ENG-DATABASE-00095,3,Requirements,"Connection Pooling — Global
Requirements
- Connection Pooling must follow the current approved policy and ownership model. - Operational evidence for connection pooling should be retained according to the applicable retention schedule. - Exceptions involving connection pooling require documented approval from the responsible owner. - Teams should use standard tooling and published procedures when working with connection pooling.",Software Engineering,Databases,connection pooling,known_issue,GLOBAL,INTERNAL,"[""employee"", ""engineer"", ""tech_lead"", ""architect""]",[],1.2,ACTIVE,Data Platform,sharepoint,2024-12-08,5f7f350dfe62
ENG-000120-C04,ENG-000120,ENG-DATABASE-00095,4,Controls,"Connection Pooling — Global
Controls
Sensitive information must follow the organisation's classification and least-privilege requirements.",Software Engineering,Databases,connection pooling,known_issue,GLOBAL,INTERNAL,"[""employee"", ""engineer"", ""tech_lead"", ""architect""]",[],1.2,ACTIVE,Data Platform,sharepoint,2024-12-08,17836006fa43
ENG-000120-C05,ENG-000120,ENG-DATABASE-00095,5,Procedure,"Connection Pooling — Global
Procedure
1. Confirm that the request concerns connection pooling.
2. Verify the relevant owner, country, environment, and current version.
3. Follow the approved workflow and capture evidence.
4. Escalate unresolved or exceptional cases to Data Platform.",Software Engineering,Databases,connection pooling,known_issue,GLOBAL,INTERNAL,"[""employee"", ""engineer"", ""tech_lead"", ""architect""]",[],1.2,ACTIVE,Data Platform,sharepoint,2024-12-08,4efbbb71c96e
ENG-000120-C06,ENG-000120,ENG-DATABASE-00095,6,Validation,"Connection Pooling — Global
Validation
Verify the current document version before acting.",Software Engineering,Databases,connection pooling,known_issue,GLOBAL,INTERNAL,"[""employee"", ""engineer"", ""tech_lead"", ""architect""]",[],1.2,ACTIVE,Data Platform,sharepoint,2024-12-08,e5bc0ccabbdb
ENG-000120-C07,ENG-000120,ENG-DATABASE-00095,7,Version,"Connection Pooling — Global
Version
Version 1.2. Status: ACTIVE.",Software Engineering,Databases,connection pooling,known_issue,GLOBAL,INTERNAL,"[""employee"", ""engineer"", ""tech_lead"", ""architect""]",[],1.2,ACTIVE,Data Platform,sharepoint,2024-12-08,e2f0074c4a6e
ENG-000121-C00,ENG-000121,ENG-ARCHITEC-00096,0,Monolith Decomposition — United Kingdom,"Monolith Decomposition — United Kingdom
Monolith Decomposition — United Kingdom
# Monolith Decomposition — United Kingdom",Software Engineering,Architecture,monolith decomposition,known_issue,UK,INTERNAL,"[""employee"", ""engineer"", ""tech_lead"", ""architect""]",[],1.3,ACTIVE,Backend Platform,github,2026-09-23,a2259bea577e
ENG-000121-C01,ENG-000121,ENG-ARCHITEC-00096,1,Purpose,"Monolith Decomposition — United Kingdom
Purpose
The standard exists to reduce inconsistent implementation, avoid repeated support effort, and provide an auditable source of truth.",Software Engineering,Architecture,monolith decomposition,known_issue,UK,INTERNAL,"[""employee"", ""engineer"", ""tech_lead"", ""architect""]",[],1.3,ACTIVE,Backend Platform,github,2026-09-23,ba0906163eb2
ENG-000121-C02,ENG-000121,ENG-ARCHITEC-00096,2,Scope,"Monolith Decomposition — United Kingdom
Scope
It applies to employees, contractors, and managed service teams where the stated scope is relevant. This version applies to United Kingdom.",Software Engineering,Architecture,monolith decomposition,known_issue,UK,INTERNAL,"[""employee"", ""engineer"", ""tech_lead"", ""architect""]",[],1.3,ACTIVE,Backend Platform,github,2026-09-23,23f2b1d099aa
ENG-000121-C03,ENG-000121,ENG-ARCHITEC-00096,3,Requirements,"Monolith Decomposition — United Kingdom
Requirements
- Monolith Decomposition must follow the current approved policy and ownership model. - Operational evidence for monolith decomposition should be retained according to the applicable retention schedule. - Exceptions involving monolith decomposition require documented approval from the responsible owner. - Teams should use standard tooling and published procedures when working with monolith decomposition.",Software Engineering,Architecture,monolith decomposition,known_issue,UK,INTERNAL,"[""employee"", ""engineer"", ""tech_lead"", ""architect""]",[],1.3,ACTIVE,Backend Platform,github,2026-09-23,dfc988f511ba
ENG-000121-C04,ENG-000121,ENG-ARCHITEC-00096,4,Controls,"Monolith Decomposition — United Kingdom
Controls
Changes affecting production require peer review, traceable evidence, and rollback instructions.",Software Engineering,Architecture,monolith decomposition,known_issue,UK,INTERNAL,"[""employee"", ""engineer"", ""tech_lead"", ""architect""]",[],1.3,ACTIVE,Backend Platform,github,2026-09-23,1cf1fa40daf4
ENG-000121-C05,ENG-000121,ENG-ARCHITEC-00096,5,Procedure,"Monolith Decomposition — United Kingdom
Procedure
1. Confirm that the request concerns monolith decomposition.
2. Verify the relevant owner, country, environment, and current version.
3. Follow the approved workflow and capture evidence.
4. Escalate unresolved or exceptional cases to Backend Platform.",Software Engineering,Architecture,monolith decomposition,known_issue,UK,INTERNAL,"[""employee"", ""engineer"", ""tech_lead"", ""architect""]",[],1.3,ACTIVE,Backend Platform,github,2026-09-23,2ad3f10f8836
ENG-000121-C06,ENG-000121,ENG-ARCHITEC-00096,6,Validation,"Monolith Decomposition — United Kingdom
Validation
If the procedure does not resolve the issue, escalate to the listed owner team with timestamps, identifiers, and evidence.",Software Engineering,Architecture,monolith decomposition,known_issue,UK,INTERNAL,"[""employee"", ""engineer"", ""tech_lead"", ""architect""]",[],1.3,ACTIVE,Backend Platform,github,2026-09-23,ef9ef367c45b
ENG-000121-C07,ENG-000121,ENG-ARCHITEC-00096,7,Version,"Monolith Decomposition — United Kingdom
Version
Version 1.3. Status: ACTIVE.",Software Engineering,Architecture,monolith decomposition,known_issue,UK,INTERNAL,"[""employee"", ""engineer"", ""tech_lead"", ""architect""]",[],1.3,ACTIVE,Backend Platform,github,2026-09-23,aca5b1b9e702
ENG-000122-C00,ENG-000122,ENG-FRONTEND-00097,0,Performance Budgets — Global,"Performance Budgets — Global
Performance Budgets — Global
# Performance Budgets — Global",Software Engineering,Frontend,performance budgets,coding_standard,GLOBAL,EMPLOYEE,"[""employee"", ""engineer"", ""tech_lead"", ""architect""]",[],1.3,ACTIVE,Architecture Guild,servicenow,2023-11-15,f91f7d1d41a2
ENG-000122-C01,ENG-000122,ENG-FRONTEND-00097,1,Purpose,"Performance Budgets — Global
Purpose
The standard exists to reduce inconsistent implementation, avoid repeated support effort, and provide an auditable source of truth.",Software Engineering,Frontend,performance budgets,coding_standard,GLOBAL,EMPLOYEE,"[""employee"", ""engineer"", ""tech_lead"", ""architect""]",[],1.3,ACTIVE,Architecture Guild,servicenow,2023-11-15,800580f12e4d
ENG-000122-C02,ENG-000122,ENG-FRONTEND-00097,2,Scope,"Performance Budgets — Global
Scope
Archived versions remain available for audit purposes but must not be used for new decisions. This version is the global baseline; country-specific documents may impose additional requirements.",Software Engineering,Frontend,performance budgets,coding_standard,GLOBAL,EMPLOYEE,"[""employee"", ""engineer"", ""tech_lead"", ""architect""]",[],1.3,ACTIVE,Architecture Guild,servicenow,2023-11-15,5c9f101f09ff
ENG-000122-C03,ENG-000122,ENG-FRONTEND-00097,3,Requirements,"Performance Budgets — Global
Requirements
- Performance Budgets must follow the current approved policy and ownership model. - Operational evidence for performance budgets should be retained according to the applicable retention schedule. - Exceptions involving performance budgets require documented approval from the responsible owner. - Teams should use standard tooling and published procedures when working with performance budgets.",Software Engineering,Frontend,performance budgets,coding_standard,GLOBAL,EMPLOYEE,"[""employee"", ""engineer"", ""tech_lead"", ""architect""]",[],1.3,ACTIVE,Architecture Guild,servicenow,2023-11-15,fd4431f483b7
ENG-000122-C04,ENG-000122,ENG-FRONTEND-00097,4,Controls,"Performance Budgets — Global
Controls
Sensitive information must follow the organisation's classification and least-privilege requirements.",Software Engineering,Frontend,performance budgets,coding_standard,GLOBAL,EMPLOYEE,"[""employee"", ""engineer"", ""tech_lead"", ""architect""]",[],1.3,ACTIVE,Architecture Guild,servicenow,2023-11-15,6d032cb70188
ENG-000122-C05,ENG-000122,ENG-FRONTEND-00097,5,Procedure,"Performance Budgets — Global
Procedure
1. Confirm that the request concerns performance budgets.
2. Verify the relevant owner, country, environment, and current version.
3. Follow the approved workflow and capture evidence.
4. Escalate unresolved or exceptional cases to Architecture Guild.",Software Engineering,Frontend,performance budgets,coding_standard,GLOBAL,EMPLOYEE,"[""employee"", ""engineer"", ""tech_lead"", ""architect""]",[],1.3,ACTIVE,Architecture Guild,servicenow,2023-11-15,a26ea65f11e3
ENG-000122-C06,ENG-000122,ENG-FRONTEND-00097,6,Validation,"Performance Budgets — Global
Validation
Verify the current document version before acting.",Software Engineering,Frontend,performance budgets,coding_standard,GLOBAL,EMPLOYEE,"[""employee"", ""engineer"", ""tech_lead"", ""architect""]",[],1.3,ACTIVE,Architecture Guild,servicenow,2023-11-15,2220808a7aa9
ENG-000122-C07,ENG-000122,ENG-FRONTEND-00097,7,Version,"Performance Budgets — Global
Version
Version 1.3. Status: ACTIVE.",Software Engineering,Frontend,performance budgets,coding_standard,GLOBAL,EMPLOYEE,"[""employee"", ""engineer"", ""tech_lead"", ""architect""]",[],1.3,ACTIVE,Architecture Guild,servicenow,2023-11-15,9406d9c1e63b
ENG-000123-C00,ENG-000123,ENG-JAVA-SER-00098,0,Dependency Management — United Kingdom,"Dependency Management — United Kingdom
Dependency Management — United Kingdom
# Dependency Management — United Kingdom",Software Engineering,Java Services,dependency management,coding_standard,UK,CONFIDENTIAL,"[""tech_lead"", ""architect""]","[""Software Engineering""]",1.3,ACTIVE,Data Platform,servicenow,2025-06-06,c43e08cc753a
ENG-000123-C01,ENG-000123,ENG-JAVA-SER-00098,1,Purpose,"Dependency Management — United Kingdom
Purpose
Teams must apply this guidance when working with dependency management in production or employee-facing environments.",Software Engineering,Java Services,dependency management,coding_standard,UK,CONFIDENTIAL,"[""tech_lead"", ""architect""]","[""Software Engineering""]",1.3,ACTIVE,Data Platform,servicenow,2025-06-06,c506bcd0ec78
ENG-000123-C02,ENG-000123,ENG-JAVA-SER-00098,2,Scope,"Dependency Management — United Kingdom
Scope
Archived versions remain available for audit purposes but must not be used for new decisions. This version applies to United Kingdom.",Software Engineering,Java Services,dependency management,coding_standard,UK,CONFIDENTIAL,"[""tech_lead"", ""architect""]","[""Software Engineering""]",1.3,ACTIVE,Data Platform,servicenow,2025-06-06,4f891381841b
ENG-000123-C03,ENG-000123,ENG-JAVA-SER-00098,3,Requirements,"Dependency Management — United Kingdom
Requirements
- Dependency Management must follow the current approved policy and ownership model. - Operational evidence for dependency management should be retained according to the applicable retention schedule. - Exceptions involving dependency management require documented approval from the responsible owner. - Teams should use standard tooling and published procedures when working with dependency management.",Software Engineering,Java Services,dependency management,coding_standard,UK,CONFIDENTIAL,"[""tech_lead"", ""architect""]","[""Software Engineering""]",1.3,ACTIVE,Data Platform,servicenow,2025-06-06,9e96ff983113
ENG-000123-C04,ENG-000123,ENG-JAVA-SER-00098,4,Controls,"Dependency Management — United Kingdom
Controls
Changes affecting production require peer review, traceable evidence, and rollback instructions.",Software Engineering,Java Services,dependency management,coding_standard,UK,CONFIDENTIAL,"[""tech_lead"", ""architect""]","[""Software Engineering""]",1.3,ACTIVE,Data Platform,servicenow,2025-06-06,8ac27726b488
ENG-000123-C05,ENG-000123,ENG-JAVA-SER-00098,5,Procedure,"Dependency Management — United Kingdom
Procedure
1. Confirm that the request concerns dependency management.
2. Verify the relevant owner, country, environment, and current version.
3. Follow the approved workflow and capture evidence.
4. Escalate unresolved or exceptional cases to Data Platform.",Software Engineering,Java Services,dependency management,coding_standard,UK,CONFIDENTIAL,"[""tech_lead"", ""architect""]","[""Software Engineering""]",1.3,ACTIVE,Data Platform,servicenow,2025-06-06,db415d1826b8
ENG-000123-C06,ENG-000123,ENG-JAVA-SER-00098,6,Validation,"Dependency Management — United Kingdom
Validation
Verify the current document version before acting.",Software Engineering,Java Services,dependency management,coding_standard,UK,CONFIDENTIAL,"[""tech_lead"", ""architect""]","[""Software Engineering""]",1.3,ACTIVE,Data Platform,servicenow,2025-06-06,e6dd32868498
ENG-000123-C07,ENG-000123,ENG-JAVA-SER-00098,7,Version,"Dependency Management — United Kingdom
Version
Version 1.3. Status: ACTIVE.",Software Engineering,Java Services,dependency management,coding_standard,UK,CONFIDENTIAL,"[""tech_lead"", ""architect""]","[""Software Engineering""]",1.3,ACTIVE,Data Platform,servicenow,2025-06-06,1d24e983ec59
ENG-000124-C00,ENG-000124,ENG-TESTING-00099,0,End-To-End Testing — United Kingdom v1.2,"End-To-End Testing — United Kingdom v1.2
End-To-End Testing — United Kingdom v1.2
# End-To-End Testing — United Kingdom v1.2",Software Engineering,Testing,end-to-end testing,technical_standard,UK,INTERNAL,"[""employee"", ""engineer"", ""tech_lead"", ""architect""]",[],1.2,ARCHIVED,Backend Platform,confluence,2026-09-23,3b9f11e6f3cf
ENG-000124-C01,ENG-000124,ENG-TESTING-00099,1,Purpose,"End-To-End Testing — United Kingdom v1.2
Purpose
This document defines the approved operating model for end-to-end testing within Northstar Digital Services.",Software Engineering,Testing,end-to-end testing,technical_standard,UK,INTERNAL,"[""employee"", ""engineer"", ""tech_lead"", ""architect""]",[],1.2,ARCHIVED,Backend Platform,confluence,2026-09-23,11d235e198d7
ENG-000124-C02,ENG-000124,ENG-TESTING-00099,2,Scope,"End-To-End Testing — United Kingdom v1.2
Scope
Archived versions remain available for audit purposes but must not be used for new decisions. This version applies to United Kingdom.",Software Engineering,Testing,end-to-end testing,technical_standard,UK,INTERNAL,"[""employee"", ""engineer"", ""tech_lead"", ""architect""]",[],1.2,ARCHIVED,Backend Platform,confluence,2026-09-23,36a4415313e4
ENG-000124-C03,ENG-000124,ENG-TESTING-00099,3,Requirements,"End-To-End Testing — United Kingdom v1.2
Requirements
- End-To-End Testing must follow the current approved policy and ownership model. - Operational evidence for end-to-end testing should be retained according to the applicable retention schedule. - Exceptions involving end-to-end testing require documented approval from the responsible owner. - Teams should use standard tooling and published procedures when working with end-to-end testing.",Software Engineering,Testing,end-to-end testing,technical_standard,UK,INTERNAL,"[""employee"", ""engineer"", ""tech_lead"", ""architect""]",[],1.2,ARCHIVED,Backend Platform,confluence,2026-09-23,9a917a4ce176
ENG-000124-C04,ENG-000124,ENG-TESTING-00099,4,Controls,"End-To-End Testing — United Kingdom v1.2
Controls
Sensitive information must follow the organisation's classification and least-privilege requirements.",Software Engineering,Testing,end-to-end testing,technical_standard,UK,INTERNAL,"[""employee"", ""engineer"", ""tech_lead"", ""architect""]",[],1.2,ARCHIVED,Backend Platform,confluence,2026-09-23,49125aa00764
ENG-000124-C05,ENG-000124,ENG-TESTING-00099,5,Procedure,"End-To-End Testing — United Kingdom v1.2
Procedure
1. Confirm that the request concerns end-to-end testing.
2. Verify the relevant owner, country, environment, and current version.
3. Follow the approved workflow and capture evidence.
4. Escalate unresolved or exceptional cases to Backend Platform.",Software Engineering,Testing,end-to-end testing,technical_standard,UK,INTERNAL,"[""employee"", ""engineer"", ""tech_lead"", ""architect""]",[],1.2,ARCHIVED,Backend Platform,confluence,2026-09-23,7298926ed41d
ENG-000124-C06,ENG-000124,ENG-TESTING-00099,6,Validation,"End-To-End Testing — United Kingdom v1.2
Validation
If the procedure does not resolve the issue, escalate to the listed owner team with timestamps, identifiers, and evidence.",Software Engineering,Testing,end-to-end testing,technical_standard,UK,INTERNAL,"[""employee"", ""engineer"", ""tech_lead"", ""architect""]",[],1.2,ARCHIVED,Backend Platform,confluence,2026-09-23,6690d4673a0b
ENG-000124-C07,ENG-000124,ENG-TESTING-00099,7,Version,"End-To-End Testing — United Kingdom v1.2
Version
Version 1.2. Status: ARCHIVED. This document is archived and retained only for historical reference.",Software Engineering,Testing,end-to-end testing,technical_standard,UK,INTERNAL,"[""employee"", ""engineer"", ""tech_lead"", ""architect""]",[],1.2,ARCHIVED,Backend Platform,confluence,2026-09-23,bace0ea9f9c0
ENG-000125-C00,ENG-000125,ENG-TESTING-00099,0,End-To-End Testing — United Kingdom v2.1,"End-To-End Testing — United Kingdom v2.1
End-To-End Testing — United Kingdom v2.1
# End-To-End Testing — United Kingdom v2.1",Software Engineering,Testing,end-to-end testing,technical_standard,UK,INTERNAL,"[""employee"", ""engineer"", ""tech_lead"", ""architect""]",[],2.1,ARCHIVED,Backend Platform,confluence,2026-07-17,5c27bd6f93d3
ENG-000125-C01,ENG-000125,ENG-TESTING-00099,1,Purpose,"End-To-End Testing — United Kingdom v2.1
Purpose
This document defines the approved operating model for end-to-end testing within Northstar Digital Services.",Software Engineering,Testing,end-to-end testing,technical_standard,UK,INTERNAL,"[""employee"", ""engineer"", ""tech_lead"", ""architect""]",[],2.1,ARCHIVED,Backend Platform,confluence,2026-07-17,4767936b260d
ENG-000125-C02,ENG-000125,ENG-TESTING-00099,2,Scope,"End-To-End Testing — United Kingdom v2.1
Scope
It applies to employees, contractors, and managed service teams where the stated scope is relevant. This version applies to United Kingdom.",Software Engineering,Testing,end-to-end testing,technical_standard,UK,INTERNAL,"[""employee"", ""engineer"", ""tech_lead"", ""architect""]",[],2.1,ARCHIVED,Backend Platform,confluence,2026-07-17,f38dfdd1f04f
ENG-000125-C03,ENG-000125,ENG-TESTING-00099,3,Requirements,"End-To-End Testing — United Kingdom v2.1
Requirements
- End-To-End Testing must follow the current approved policy and ownership model. - Operational evidence for end-to-end testing should be retained according to the applicable retention schedule. - Exceptions involving end-to-end testing require documented approval from the responsible owner. - Teams should use standard tooling and published procedures when working with end-to-end testing.",Software Engineering,Testing,end-to-end testing,technical_standard,UK,INTERNAL,"[""employee"", ""engineer"", ""tech_lead"", ""architect""]",[],2.1,ARCHIVED,Backend Platform,confluence,2026-07-17,067470648d53
ENG-000125-C04,ENG-000125,ENG-TESTING-00099,4,Controls,"End-To-End Testing — United Kingdom v2.1
Controls
Sensitive information must follow the organisation's classification and least-privilege requirements.",Software Engineering,Testing,end-to-end testing,technical_standard,UK,INTERNAL,"[""employee"", ""engineer"", ""tech_lead"", ""architect""]",[],2.1,ARCHIVED,Backend Platform,confluence,2026-07-17,b46db0bac4ea
ENG-000125-C05,ENG-000125,ENG-TESTING-00099,5,Procedure,"End-To-End Testing — United Kingdom v2.1
Procedure
1. Confirm that the request concerns end-to-end testing.
2. Verify the relevant owner, country, environment, and current version.
3. Follow the approved workflow and capture evidence.
4. Escalate unresolved or exceptional cases to Backend Platform.",Software Engineering,Testing,end-to-end testing,technical_standard,UK,INTERNAL,"[""employee"", ""engineer"", ""tech_lead"", ""architect""]",[],2.1,ARCHIVED,Backend Platform,confluence,2026-07-17,922ad1d1b896
ENG-000125-C06,ENG-000125,ENG-TESTING-00099,6,Validation,"End-To-End Testing — United Kingdom v2.1
Validation
Do not bypass required controls simply to shorten resolution time.",Software Engineering,Testing,end-to-end testing,technical_standard,UK,INTERNAL,"[""employee"", ""engineer"", ""tech_lead"", ""architect""]",[],2.1,ARCHIVED,Backend Platform,confluence,2026-07-17,eca6e0fa1a88
ENG-000125-C07,ENG-000125,ENG-TESTING-00099,7,Version,"End-To-End Testing — United Kingdom v2.1
Version
Version 2.1. Status: ARCHIVED. This document is archived and retained only for historical reference.",Software Engineering,Testing,end-to-end testing,technical_standard,UK,INTERNAL,"[""employee"", ""engineer"", ""tech_lead"", ""architect""]",[],2.1,ARCHIVED,Backend Platform,confluence,2026-07-17,b99ab60f9c79
