document_id,series_id,previous_version_id,title,content,department,business_unit,category,subcategory,document_type,author,owner_team,country,region,language,tags,keywords,classification,allowed_roles,allowed_departments,source_system,source_uri,version,created_at,updated_at,effective_at,expires_at,status,synthetic,source_license,validation_status,error_code,content_hash
ENG-000001,ENG-DATABASE-00001,,Read Replicas — Global,"# Read Replicas — Global

## Purpose
The standard exists to reduce inconsistent implementation, avoid repeated support effort, and provide an auditable source of truth.

## Scope
Archived versions remain available for audit purposes but must not be used for new decisions. This version is the global baseline; country-specific documents may impose additional requirements.

## Requirements
- Read Replicas must follow the current approved policy and ownership model. - Operational evidence for read replicas should be retained according to the applicable retention schedule. - Exceptions involving read replicas require documented approval from the responsible owner. - Teams should use standard tooling and published procedures when working with read replicas.

## Controls
Requests requiring elevated access must be approved by the designated owner and recorded in the enterprise service system.

## Procedure
1. Confirm that the request concerns read replicas.
2. Verify the relevant owner, country, environment, and current version.
3. Follow the approved workflow and capture evidence.
4. Escalate unresolved or exceptional cases to Backend Platform.

## Validation
Verify the current document version before acting.

## Version
Version 1.4. Status: ACTIVE.",Software Engineering,Corporate Functions,Databases,read replicas,coding_standard,Backend Platform,Backend Platform,GLOBAL,Global,en,"[""databases"", ""eng"", ""read-replicas"", ""software-engineering""]","[""Databases"", ""databases"", ""eng"", ""read replicas"", ""read-replicas"", ""software-engineering""]",INTERNAL,"[""employee"", ""engineer"", ""tech_lead"", ""architect""]",[],sharepoint,synthetic://software-engineering/ENG-000001,1.4,2026-04-06,2026-06-02,2026-05-07,,ACTIVE,True,Synthetic dataset generated for research/demo use,VALIDATED,,c4b98de72d48
ENG-000002,ENG-TESTING-00002,,Integration Testing — Ireland v1.4,"# Integration Testing — Ireland v1.4

## Purpose
The standard exists to reduce inconsistent implementation, avoid repeated support effort, and provide an auditable source of truth.

## Scope
It applies to employees, contractors, and managed service teams where the stated scope is relevant. This version applies to Ireland.

## Requirements
- Integration Testing must follow the current approved policy and ownership model. - Operational evidence for integration testing should be retained according to the applicable retention schedule. - Exceptions involving integration testing require documented approval from the responsible owner. - Teams should use standard tooling and published procedures when working with integration testing.

## Controls
Sensitive information must follow the organisation's classification and least-privilege requirements.

## Procedure
1. Confirm that the request concerns integration testing.
2. Verify the relevant owner, country, environment, and current version.
3. Follow the approved workflow and capture evidence.
4. Escalate unresolved or exceptional cases to Frontend Platform.

## Validation
If the procedure does not resolve the issue, escalate to the listed owner team with timestamps, identifiers, and evidence.

## Version
Version 1.4. Status: ARCHIVED. This document is archived and retained only for historical reference.",Software Engineering,Enterprise Platforms,Testing,integration testing,technical_standard,Frontend Platform,Frontend Platform,IE,Ireland,en,"[""eng"", ""integration-testing"", ""software-engineering"", ""testing""]","[""Testing"", ""eng"", ""integration testing"", ""integration-testing"", ""software-engineering"", ""testing""]",INTERNAL,"[""employee"", ""engineer"", ""tech_lead"", ""architect""]",[],google_drive,synthetic://software-engineering/ENG-000002,1.4,2025-02-24,2026-08-14,2025-03-17,2026-11-13,ARCHIVED,True,Synthetic dataset generated for research/demo use,VALIDATED,,4888a528d7ff
ENG-000003,ENG-TESTING-00002,ENG-000002,Integration Testing — Ireland v2.4,"# Integration Testing — Ireland v2.4

## Purpose
The standard exists to reduce inconsistent implementation, avoid repeated support effort, and provide an auditable source of truth.

## Scope
Country-specific and role-specific exceptions override the global baseline only when explicitly documented. This version applies to Ireland.

## Requirements
- Integration Testing must follow the current approved policy and ownership model. - Operational evidence for integration testing should be retained according to the applicable retention schedule. - Exceptions involving integration testing require documented approval from the responsible owner. - Teams should use standard tooling and published procedures when working with integration testing.

## Controls
Sensitive information must follow the organisation's classification and least-privilege requirements.

## Procedure
1. Confirm that the request concerns integration testing.
2. Verify the relevant owner, country, environment, and current version.
3. Follow the approved workflow and capture evidence.
4. Escalate unresolved or exceptional cases to Frontend Platform.

## Validation
Do not bypass required controls simply to shorten resolution time.

## Version
Version 2.4. Status: ARCHIVED. This document is archived and retained only for historical reference.",Software Engineering,Cloud & Security,Testing,integration testing,technical_standard,Frontend Platform,Frontend Platform,IE,Ireland,en,"[""eng"", ""integration-testing"", ""software-engineering"", ""testing""]","[""Testing"", ""eng"", ""integration testing"", ""integration-testing"", ""software-engineering"", ""testing""]",INTERNAL,"[""employee"", ""engineer"", ""tech_lead"", ""architect""]",[],servicenow,synthetic://software-engineering/ENG-000003,2.4,2023-04-29,2024-02-02,2023-05-08,2024-04-29,ARCHIVED,True,Synthetic dataset generated for research/demo use,VALIDATED,,1f8e1d899c97
ENG-000004,ENG-TESTING-00002,ENG-000003,Integration Testing — Ireland v3.0,"# Integration Testing — Ireland v3.0

## Purpose
Teams must apply this guidance when working with integration testing in production or employee-facing environments.

## Scope
Archived versions remain available for audit purposes but must not be used for new decisions. This version applies to Ireland.

## Requirements
- Integration Testing must follow the current approved policy and ownership model. - Operational evidence for integration testing should be retained according to the applicable retention schedule. - Exceptions involving integration testing require documented approval from the responsible owner. - Teams should use standard tooling and published procedures when working with integration testing.

## Controls
Requests requiring elevated access must be approved by the designated owner and recorded in the enterprise service system.

## Procedure
1. Confirm that the request concerns integration testing.
2. Verify the relevant owner, country, environment, and current version.
3. Follow the approved workflow and capture evidence.
4. Escalate unresolved or exceptional cases to Frontend Platform.

## Validation
Do not bypass required controls simply to shorten resolution time.

## Version
Version 3.0. Status: ACTIVE.",Software Engineering,Cloud & Security,Testing,integration testing,technical_standard,Frontend Platform,Frontend Platform,IE,Ireland,en,"[""eng"", ""integration-testing"", ""software-engineering"", ""testing""]","[""Testing"", ""eng"", ""integration testing"", ""integration-testing"", ""software-engineering"", ""testing""]",INTERNAL,"[""employee"", ""engineer"", ""tech_lead"", ""architect""]",[],sharepoint,synthetic://software-engineering/ENG-000004,3.0,2024-05-13,2026-01-28,2024-06-19,,ACTIVE,True,Synthetic dataset generated for research/demo use,VALIDATED,,143765e0da81
ENG-000005,ENG-FRONTEND-00003,,Accessibility — United States,"# Accessibility — United States

## Purpose
The standard exists to reduce inconsistent implementation, avoid repeated support effort, and provide an auditable source of truth.

## Scope
Archived versions remain available for audit purposes but must not be used for new decisions. This version applies to United States.

## Requirements
- Accessibility must follow the current approved policy and ownership model. - Operational evidence for accessibility should be retained according to the applicable retention schedule. - Exceptions involving accessibility require documented approval from the responsible owner. - Teams should use standard tooling and published procedures when working with accessibility.

## Controls
Changes affecting production require peer review, traceable evidence, and rollback instructions.

## Procedure
1. Confirm that the request concerns accessibility.
2. Verify the relevant owner, country, environment, and current version.
3. Follow the approved workflow and capture evidence.
4. Escalate unresolved or exceptional cases to Data Platform.

## Validation
Verify the current document version before acting.

## Version
Version 1.2. Status: ACTIVE.",Software Engineering,Corporate Functions,Frontend,accessibility,api_guide,Data Platform,Data Platform,US,United States,en,"[""accessibility"", ""eng"", ""frontend"", ""software-engineering""]","[""Frontend"", ""accessibility"", ""eng"", ""frontend"", ""software-engineering""]",INTERNAL,"[""employee"", ""engineer"", ""tech_lead"", ""architect""]",[],github,synthetic://software-engineering/ENG-000005,1.2,2024-03-15,2024-03-30,2024-05-08,,ACTIVE,True,Synthetic dataset generated for research/demo use,VALIDATED,,3dc389f27e3b
ENG-000006,ENG-JAVA-SER-00004,,Gradle Builds — United States,"# Gradle Builds — United States

## Purpose
Teams must apply this guidance when working with Gradle builds in production or employee-facing environments.

## Scope
Country-specific and role-specific exceptions override the global baseline only when explicitly documented. This version applies to United States.

## Requirements
- Gradle Builds must follow the current approved policy and ownership model. - Operational evidence for Gradle builds should be retained according to the applicable retention schedule. - Exceptions involving Gradle builds require documented approval from the responsible owner. - Teams should use standard tooling and published procedures when working with Gradle builds.

## Controls
Changes affecting production require peer review, traceable evidence, and rollback instructions.

## Procedure
1. Confirm that the request concerns Gradle builds.
2. Verify the relevant owner, country, environment, and current version.
3. Follow the approved workflow and capture evidence.
4. Escalate unresolved or exceptional cases to Data Platform.

## Validation
If the procedure does not resolve the issue, escalate to the listed owner team with timestamps, identifiers, and evidence.

## Version
Version 1.0. Status: ACTIVE.",Software Engineering,Enterprise Platforms,Java Services,Gradle builds,migration_guide,Data Platform,Data Platform,US,United States,en,"[""eng"", ""gradle-builds"", ""java-services"", ""software-engineering""]","[""Gradle builds"", ""Java Services"", ""eng"", ""gradle-builds"", ""java-services"", ""software-engineering""]",INTERNAL,"[""employee"", ""engineer"", ""tech_lead"", ""architect""]",[],google_drive,synthetic://software-engineering/ENG-000006,1.0,2024-07-10,2025-04-29,2024-07-12,,ACTIVE,True,Synthetic dataset generated for research/demo use,VALIDATED,,7a42fd648129
ENG-000007,ENG-MESSAGIN-00005,,Consumer Retries — United Kingdom,"# Consumer Retries — United Kingdom

## Purpose
The standard exists to reduce inconsistent implementation, avoid repeated support effort, and provide an auditable source of truth.

## Scope
Country-specific and role-specific exceptions override the global baseline only when explicitly documented. This version applies to United Kingdom.

## Requirements
- Consumer Retries must follow the current approved policy and ownership model. - Operational evidence for consumer retries should be retained according to the applicable retention schedule. - Exceptions involving consumer retries require documented approval from the responsible owner. - Teams should use standard tooling and published procedures when working with consumer retries.

## Controls
Changes affecting production require peer review, traceable evidence, and rollback instructions.

## Procedure
1. Confirm that the request concerns consumer retries.
2. Verify the relevant owner, country, environment, and current version.
3. Follow the approved workflow and capture evidence.
4. Escalate unresolved or exceptional cases to Data Platform.

## Validation
Verify the current document version before acting.

## Version
Version 1.0. Status: ACTIVE.",Software Engineering,Digital Delivery,Messaging,consumer retries,coding_standard,Data Platform,Data Platform,UK,United Kingdom,en,"[""consumer-retries"", ""eng"", ""messaging"", ""software-engineering""]","[""Messaging"", ""consumer retries"", ""consumer-retries"", ""eng"", ""messaging"", ""software-engineering""]",EMPLOYEE,"[""employee"", ""engineer"", ""tech_lead"", ""architect""]",[],hr_portal,synthetic://software-engineering/ENG-000007,1.0,2023-05-22,2025-03-12,2023-07-06,,ACTIVE,True,Synthetic dataset generated for research/demo use,VALIDATED,,9595b70ad812
ENG-000008,ENG-PYTHON-B-00006,,Pytest Strategy — Ireland,"# Pytest Strategy — Ireland

## Purpose
The standard exists to reduce inconsistent implementation, avoid repeated support effort, and provide an auditable source of truth.

## Scope
It applies to employees, contractors, and managed service teams where the stated scope is relevant. This version applies to Ireland.

## Requirements
- Pytest Strategy must follow the current approved policy and ownership model. - Operational evidence for pytest strategy should be retained according to the applicable retention schedule. - Exceptions involving pytest strategy require documented approval from the responsible owner. - Teams should use standard tooling and published procedures when working with pytest strategy.

## Controls
Sensitive information must follow the organisation's classification and least-privilege requirements.

## Procedure
1. Confirm that the request concerns pytest strategy.
2. Verify the relevant owner, country, environment, and current version.
3. Follow the approved workflow and capture evidence.
4. Escalate unresolved or exceptional cases to Architecture Guild.

## Validation
If the procedure does not resolve the issue, escalate to the listed owner team with timestamps, identifiers, and evidence.

## Version
Version 1.2. Status: ACTIVE.",Software Engineering,Cloud & Security,Python Backend,pytest strategy,migration_guide,Architecture Guild,Architecture Guild,IE,Ireland,en,"[""eng"", ""pytest-strategy"", ""python-backend"", ""software-engineering""]","[""Python Backend"", ""eng"", ""pytest strategy"", ""pytest-strategy"", ""python-backend"", ""software-engineering""]",EMPLOYEE,"[""employee"", ""engineer"", ""tech_lead"", ""architect""]",[],servicenow,synthetic://software-engineering/ENG-000008,1.2,2026-06-19,2026-09-23,2026-07-21,,ACTIVE,True,Synthetic dataset generated for research/demo use,VALIDATED,,b63fed66c66e
ENG-000009,ENG-TESTING-00007,,Unit Testing — Singapore,"# Unit Testing — Singapore

## Purpose
The standard exists to reduce inconsistent implementation, avoid repeated support effort, and provide an auditable source of truth.

## Scope
It applies to employees, contractors, and managed service teams where the stated scope is relevant. This version applies to Singapore.

## Requirements
- Unit Testing must follow the current approved policy and ownership model. - Operational evidence for unit testing should be retained according to the applicable retention schedule. - Exceptions involving unit testing require documented approval from the responsible owner. - Teams should use standard tooling and published procedures when working with unit testing.

## Controls
Changes affecting production require peer review, traceable evidence, and rollback instructions.

## Procedure
1. Confirm that the request concerns unit testing.
2. Verify the relevant owner, country, environment, and current version.
3. Follow the approved workflow and capture evidence.
4. Escalate unresolved or exceptional cases to Data Platform.

## Validation
Verify the current document version before acting.

## Version
Version 1.1. Status: ACTIVE.",Software Engineering,Shared Services,Testing,unit testing,design_note,Data Platform,Data Platform,SG,Singapore,en,"[""eng"", ""software-engineering"", ""testing"", ""unit-testing""]","[""Testing"", ""eng"", ""software-engineering"", ""testing"", ""unit testing"", ""unit-testing""]",EMPLOYEE,"[""employee"", ""engineer"", ""tech_lead"", ""architect""]",[],confluence,synthetic://software-engineering/ENG-000009,1.1,2024-08-30,2025-11-11,2024-09-05,,ACTIVE,True,Synthetic dataset generated for research/demo use,VALIDATED,,68c4e25765ba
ENG-000010,ENG-APIS-00008,,Error Envelopes — Australia,"# Error Envelopes — Australia

## Purpose
This document defines the approved operating model for error envelopes within Northstar Digital Services.

## Scope
Archived versions remain available for audit purposes but must not be used for new decisions. This version applies to Australia.

## Requirements
- Error Envelopes must follow the current approved policy and ownership model. - Operational evidence for error envelopes should be retained according to the applicable retention schedule. - Exceptions involving error envelopes require documented approval from the responsible owner. - Teams should use standard tooling and published procedures when working with error envelopes.

## Controls
Requests requiring elevated access must be approved by the designated owner and recorded in the enterprise service system.

## Procedure
1. Confirm that the request concerns error envelopes.
2. Verify the relevant owner, country, environment, and current version.
3. Follow the approved workflow and capture evidence.
4. Escalate unresolved or exceptional cases to Frontend Platform.

## Validation
Do not bypass required controls simply to shorten resolution time.

## Version
Version 1.3. Status: ACTIVE.",Software Engineering,Cloud & Security,APIs,error envelopes,technical_standard,Frontend Platform,Frontend Platform,AU,Australia,en,"[""apis"", ""eng"", ""error-envelopes"", ""software-engineering""]","[""APIs"", ""apis"", ""eng"", ""error envelopes"", ""error-envelopes"", ""software-engineering""]",EMPLOYEE,"[""employee"", ""engineer"", ""tech_lead"", ""architect""]",[],servicenow,synthetic://software-engineering/ENG-000010,1.3,2024-10-22,2025-02-26,2024-11-06,,ACTIVE,True,Synthetic dataset generated for research/demo use,VALIDATED,,3afbb710a6e8
ENG-000011,ENG-DATABASE-00009,,Indexing — Global v1.2,"# Indexing — Global v1.2

## Purpose
Teams must apply this guidance when working with indexing in production or employee-facing environments.

## Scope
It applies to employees, contractors, and managed service teams where the stated scope is relevant. This version is the global baseline; country-specific documents may impose additional requirements.

## Requirements
- Indexing must follow the current approved policy and ownership model. - Operational evidence for indexing should be retained according to the applicable retention schedule. - Exceptions involving indexing require documented approval from the responsible owner. - Teams should use standard tooling and published procedures when working with indexing.

## Controls
Sensitive information must follow the organisation's classification and least-privilege requirements.

## Procedure
1. Confirm that the request concerns indexing.
2. Verify the relevant owner, country, environment, and current version.
3. Follow the approved workflow and capture evidence.
4. Escalate unresolved or exceptional cases to Backend Platform.

## Validation
If the procedure does not resolve the issue, escalate to the listed owner team with timestamps, identifiers, and evidence.

## Version
Version 1.2. Status: ARCHIVED. This document is archived and retained only for historical reference.",Software Engineering,Corporate Functions,Databases,indexing,technical_standard,Backend Platform,Backend Platform,GLOBAL,Global,en,"[""databases"", ""eng"", ""indexing"", ""software-engineering""]","[""Databases"", ""databases"", ""eng"", ""indexing"", ""software-engineering""]",INTERNAL,"[""employee"", ""engineer"", ""tech_lead"", ""architect""]",[],servicenow,synthetic://software-engineering/ENG-000011,1.2,2025-09-06,2026-08-23,2025-10-24,,ARCHIVED,True,Synthetic dataset generated for research/demo use,VALIDATED,,3518c9fda8dd
ENG-000012,ENG-DATABASE-00009,ENG-000011,Indexing — Global v2.2,"# Indexing — Global v2.2

## Purpose
This document defines the approved operating model for indexing within Northstar Digital Services.

## Scope
Archived versions remain available for audit purposes but must not be used for new decisions. This version is the global baseline; country-specific documents may impose additional requirements.

## Requirements
- Indexing must follow the current approved policy and ownership model. - Operational evidence for indexing should be retained according to the applicable retention schedule. - Exceptions involving indexing require documented approval from the responsible owner. - Teams should use standard tooling and published procedures when working with indexing.

## Controls
Changes affecting production require peer review, traceable evidence, and rollback instructions.

## Procedure
1. Confirm that the request concerns indexing.
2. Verify the relevant owner, country, environment, and current version.
3. Follow the approved workflow and capture evidence.
4. Escalate unresolved or exceptional cases to Backend Platform.

## Validation
If the procedure does not resolve the issue, escalate to the listed owner team with timestamps, identifiers, and evidence.

## Version
Version 2.2. Status: ACTIVE.",Software Engineering,Cloud & Security,Databases,indexing,technical_standard,Backend Platform,Backend Platform,GLOBAL,Global,en,"[""databases"", ""eng"", ""indexing"", ""software-engineering""]","[""Databases"", ""databases"", ""eng"", ""indexing"", ""software-engineering""]",INTERNAL,"[""employee"", ""engineer"", ""tech_lead"", ""architect""]",[],confluence,synthetic://software-engineering/ENG-000012,2.2,2025-11-11,2026-09-23,2025-12-02,,ACTIVE,True,Synthetic dataset generated for research/demo use,VALIDATED,,c5d1819ac64f
ENG-000013,ENG-ARCHITEC-00010,,Adr Process — Global,"# Adr Process — Global

## Purpose
Teams must apply this guidance when working with ADR process in production or employee-facing environments.

## Scope
Archived versions remain available for audit purposes but must not be used for new decisions. This version is the global baseline; country-specific documents may impose additional requirements.

## Requirements
- Adr Process must follow the current approved policy and ownership model. - Operational evidence for ADR process should be retained according to the applicable retention schedule. - Exceptions involving ADR process require documented approval from the responsible owner. - Teams should use standard tooling and published procedures when working with ADR process.

## Controls
Sensitive information must follow the organisation's classification and least-privilege requirements.

## Procedure
1. Confirm that the request concerns ADR process.
2. Verify the relevant owner, country, environment, and current version.
3. Follow the approved workflow and capture evidence.
4. Escalate unresolved or exceptional cases to Data Platform.

## Validation
If the procedure does not resolve the issue, escalate to the listed owner team with timestamps, identifiers, and evidence.

## Version
Version 1.2. Status: ACTIVE.",Software Engineering,Corporate Functions,Architecture,ADR process,architecture_decision_record,Data Platform,Data Platform,GLOBAL,Global,en,"[""adr-process"", ""architecture"", ""eng"", ""software-engineering""]","[""ADR process"", ""Architecture"", ""adr-process"", ""architecture"", ""eng"", ""software-engineering""]",EMPLOYEE,"[""employee"", ""engineer"", ""tech_lead"", ""architect""]",[],google_drive,synthetic://software-engineering/ENG-000013,1.2,2023-05-05,2023-07-12,2023-05-09,,ACTIVE,True,Synthetic dataset generated for research/demo use,VALIDATED,,98b3e36246ea
ENG-000014,ENG-PYTHON-B-00011,,Pytest Strategy — United Kingdom,"# Pytest Strategy — United Kingdom

## Purpose
Teams must apply this guidance when working with pytest strategy in production or employee-facing environments.

## Scope
It applies to employees, contractors, and managed service teams where the stated scope is relevant. This version applies to United Kingdom.

## Requirements
- Pytest Strategy must follow the current approved policy and ownership model. - Operational evidence for pytest strategy should be retained according to the applicable retention schedule. - Exceptions involving pytest strategy require documented approval from the responsible owner. - Teams should use standard tooling and published procedures when working with pytest strategy.

## Controls
Requests requiring elevated access must be approved by the designated owner and recorded in the enterprise service system.

## Procedure
1. Confirm that the request concerns pytest strategy.
2. Verify the relevant owner, country, environment, and current version.
3. Follow the approved workflow and capture evidence.
4. Escalate unresolved or exceptional cases to Developer Experience.

## Validation
Verify the current document version before acting.

## Version
Version 1.2. Status: ACTIVE.",Software Engineering,Cloud & Security,Python Backend,pytest strategy,api_guide,Developer Experience,Developer Experience,UK,United Kingdom,en,"[""eng"", ""pytest-strategy"", ""python-backend"", ""software-engineering""]","[""Python Backend"", ""eng"", ""pytest strategy"", ""pytest-strategy"", ""python-backend"", ""software-engineering""]",INTERNAL,"[""employee"", ""engineer"", ""tech_lead"", ""architect""]",[],hr_portal,synthetic://software-engineering/ENG-000014,1.2,2023-12-30,2025-03-30,2024-01-25,,ACTIVE,True,Synthetic dataset generated for research/demo use,VALIDATED,,61cfb9965883
ENG-000015,ENG-APIS-00012,,Error Envelopes — Global,"# Error Envelopes — Global

## Purpose
The standard exists to reduce inconsistent implementation, avoid repeated support effort, and provide an auditable source of truth.

## Scope
It applies to employees, contractors, and managed service teams where the stated scope is relevant. This version is the global baseline; country-specific documents may impose additional requirements.

## Requirements
- Error Envelopes must follow the current approved policy and ownership model. - Operational evidence for error envelopes should be retained according to the applicable retention schedule. - Exceptions involving error envelopes require documented approval from the responsible owner. - Teams should use standard tooling and published procedures when working with error envelopes.

## Controls
Sensitive information must follow the organisation's classification and least-privilege requirements.

## Procedure
1. Confirm that the request concerns error envelopes.
2. Verify the relevant owner, country, environment, and current version.
3. Follow the approved workflow and capture evidence.
4. Escalate unresolved or exceptional cases to Frontend Platform.

## Validation
Verify the current document version before acting.

## Version
Version 1.3. Status: ACTIVE.",Software Engineering,Digital Delivery,APIs,error envelopes,coding_standard,Frontend Platform,Frontend Platform,GLOBAL,Global,en,"[""apis"", ""eng"", ""error-envelopes"", ""software-engineering""]","[""APIs"", ""apis"", ""eng"", ""error envelopes"", ""error-envelopes"", ""software-engineering""]",INTERNAL,"[""employee"", ""engineer"", ""tech_lead"", ""architect""]",[],servicenow,synthetic://software-engineering/ENG-000015,1.3,2023-07-17,2024-11-26,2023-07-19,,ACTIVE,True,Synthetic dataset generated for research/demo use,VALIDATED,,131d5900c04f
ENG-000016,ENG-TESTING-00013,,Unit Testing — Global,"# Unit Testing — Global

## Purpose
Teams must apply this guidance when working with unit testing in production or employee-facing environments.

## Scope
Country-specific and role-specific exceptions override the global baseline only when explicitly documented. This version is the global baseline; country-specific documents may impose additional requirements.

## Requirements
- Unit Testing must follow the current approved policy and ownership model. - Operational evidence for unit testing should be retained according to the applicable retention schedule. - Exceptions involving unit testing require documented approval from the responsible owner. - Teams should use standard tooling and published procedures when working with unit testing.

## Controls
Requests requiring elevated access must be approved by the designated owner and recorded in the enterprise service system.

## Procedure
1. Confirm that the request concerns unit testing.
2. Verify the relevant owner, country, environment, and current version.
3. Follow the approved workflow and capture evidence.
4. Escalate unresolved or exceptional cases to Data Platform.

## Validation
Do not bypass required controls simply to shorten resolution time.

## Version
Version 1.4. Status: ACTIVE.",Software Engineering,Enterprise Platforms,Testing,unit testing,architecture_decision_record,Data Platform,Data Platform,GLOBAL,Global,en,"[""eng"", ""software-engineering"", ""testing"", ""unit-testing""]","[""Testing"", ""eng"", ""software-engineering"", ""testing"", ""unit testing"", ""unit-testing""]",INTERNAL,"[""employee"", ""engineer"", ""tech_lead"", ""architect""]",[],github,synthetic://software-engineering/ENG-000016,1.4,2024-05-16,2025-11-27,2024-06-27,,ACTIVE,True,Synthetic dataset generated for research/demo use,VALIDATED,,e7176e48a678
ENG-000017,ENG-JAVA-SER-00014,,Dependency Management — Australia,"# Dependency Management — Australia

## Purpose
This document defines the approved operating model for dependency management within Northstar Digital Services.

## Scope
Archived versions remain available for audit purposes but must not be used for new decisions. This version applies to Australia.

## Requirements
- Dependency Management must follow the current approved policy and ownership model. - Operational evidence for dependency management should be retained according to the applicable retention schedule. - Exceptions involving dependency management require documented approval from the responsible owner. - Teams should use standard tooling and published procedures when working with dependency management.

## Controls
Sensitive information must follow the organisation's classification and least-privilege requirements.

## Procedure
1. Confirm that the request concerns dependency management.
2. Verify the relevant owner, country, environment, and current version.
3. Follow the approved workflow and capture evidence.
4. Escalate unresolved or exceptional cases to Backend Platform.

## Validation
Do not bypass required controls simply to shorten resolution time.

## Version
Version 1.3. Status: ACTIVE.",Software Engineering,Cloud & Security,Java Services,dependency management,architecture_decision_record,Backend Platform,Backend Platform,AU,Australia,en,"[""dependency-management"", ""eng"", ""java-services"", ""software-engineering""]","[""Java Services"", ""dependency management"", ""dependency-management"", ""eng"", ""java-services"", ""software-engineering""]",CONFIDENTIAL,"[""tech_lead"", ""architect""]","[""Software Engineering""]",hr_portal,synthetic://software-engineering/ENG-000017,1.3,2025-06-09,2025-06-28,2025-08-02,,ACTIVE,True,Synthetic dataset generated for research/demo use,VALIDATED,,6c6f5b335259
ENG-000018,ENG-DATABASE-00015,,Indexing — India v1.1,"# Indexing — India v1.1

## Purpose
Teams must apply this guidance when working with indexing in production or employee-facing environments.

## Scope
Archived versions remain available for audit purposes but must not be used for new decisions. This version applies to India.

## Requirements
- Indexing must follow the current approved policy and ownership model. - Operational evidence for indexing should be retained according to the applicable retention schedule. - Exceptions involving indexing require documented approval from the responsible owner. - Teams should use standard tooling and published procedures when working with indexing.

## Controls
Requests requiring elevated access must be approved by the designated owner and recorded in the enterprise service system.

## Procedure
1. Confirm that the request concerns indexing.
2. Verify the relevant owner, country, environment, and current version.
3. Follow the approved workflow and capture evidence.
4. Escalate unresolved or exceptional cases to Architecture Guild.

## Validation
Do not bypass required controls simply to shorten resolution time.

## Version
Version 1.1. Status: ARCHIVED. This document is archived and retained only for historical reference.",Software Engineering,Corporate Functions,Databases,indexing,api_guide,Architecture Guild,Architecture Guild,IN,India,en,"[""databases"", ""eng"", ""indexing"", ""software-engineering""]","[""Databases"", ""databases"", ""eng"", ""indexing"", ""software-engineering""]",INTERNAL,"[""employee"", ""engineer"", ""tech_lead"", ""architect""]",[],confluence,synthetic://software-engineering/ENG-000018,1.1,2024-02-17,2025-06-28,2024-03-23,2025-04-07,ARCHIVED,True,Synthetic dataset generated for research/demo use,VALIDATED,,ee1f2798c336
ENG-000019,ENG-DATABASE-00015,ENG-000018,Indexing — India v2.4,"# Indexing — India v2.4

## Purpose
Teams must apply this guidance when working with indexing in production or employee-facing environments.

## Scope
It applies to employees, contractors, and managed service teams where the stated scope is relevant. This version applies to India.

## Requirements
- Indexing must follow the current approved policy and ownership model. - Operational evidence for indexing should be retained according to the applicable retention schedule. - Exceptions involving indexing require documented approval from the responsible owner. - Teams should use standard tooling and published procedures when working with indexing.

## Controls
Changes affecting production require peer review, traceable evidence, and rollback instructions.

## Procedure
1. Confirm that the request concerns indexing.
2. Verify the relevant owner, country, environment, and current version.
3. Follow the approved workflow and capture evidence.
4. Escalate unresolved or exceptional cases to Architecture Guild.

## Validation
Verify the current document version before acting.

## Version
Version 2.4. Status: ARCHIVED. This document is archived and retained only for historical reference.",Software Engineering,Corporate Functions,Databases,indexing,api_guide,Architecture Guild,Architecture Guild,IN,India,en,"[""databases"", ""eng"", ""indexing"", ""software-engineering""]","[""Databases"", ""databases"", ""eng"", ""indexing"", ""software-engineering""]",INTERNAL,"[""employee"", ""engineer"", ""tech_lead"", ""architect""]",[],confluence,synthetic://software-engineering/ENG-000019,2.4,2025-05-03,2026-09-23,2025-07-01,,ARCHIVED,True,Synthetic dataset generated for research/demo use,VALIDATED,,7993f8a4f9cc
ENG-000020,ENG-DATABASE-00015,ENG-000019,Indexing — India v3.2,"# Indexing — India v3.2

## Purpose
This document defines the approved operating model for indexing within Northstar Digital Services.

## Scope
It applies to employees, contractors, and managed service teams where the stated scope is relevant. This version applies to India.

## Requirements
- Indexing must follow the current approved policy and ownership model. - Operational evidence for indexing should be retained according to the applicable retention schedule. - Exceptions involving indexing require documented approval from the responsible owner. - Teams should use standard tooling and published procedures when working with indexing.

## Controls
Requests requiring elevated access must be approved by the designated owner and recorded in the enterprise service system.

## Procedure
1. Confirm that the request concerns indexing.
2. Verify the relevant owner, country, environment, and current version.
3. Follow the approved workflow and capture evidence.
4. Escalate unresolved or exceptional cases to Architecture Guild.

## Validation
Do not bypass required controls simply to shorten resolution time.

## Version
Version 3.2. Status: ACTIVE.",Software Engineering,Digital Delivery,Databases,indexing,api_guide,Architecture Guild,Architecture Guild,IN,India,en,"[""databases"", ""eng"", ""indexing"", ""software-engineering""]","[""Databases"", ""databases"", ""eng"", ""indexing"", ""software-engineering""]",INTERNAL,"[""employee"", ""engineer"", ""tech_lead"", ""architect""]",[],github,synthetic://software-engineering/ENG-000020,3.2,2024-12-14,2026-06-23,2025-01-27,,ACTIVE,True,Synthetic dataset generated for research/demo use,VALIDATED,,ced5326e310e
ENG-000021,ENG-JAVA-SER-00016,,Service Templates — Australia,"# Service Templates — Australia

## Purpose
The standard exists to reduce inconsistent implementation, avoid repeated support effort, and provide an auditable source of truth.

## Scope
Archived versions remain available for audit purposes but must not be used for new decisions. This version applies to Australia.

## Requirements
- Service Templates must follow the current approved policy and ownership model. - Operational evidence for service templates should be retained according to the applicable retention schedule. - Exceptions involving service templates require documented approval from the responsible owner. - Teams should use standard tooling and published procedures when working with service templates.

## Controls
Requests requiring elevated access must be approved by the designated owner and recorded in the enterprise service system.

## Procedure
1. Confirm that the request concerns service templates.
2. Verify the relevant owner, country, environment, and current version.
3. Follow the approved workflow and capture evidence.
4. Escalate unresolved or exceptional cases to Developer Experience.

## Validation
Verify the current document version before acting.

## Version
Version 1.2. Status: ACTIVE.",Software Engineering,Enterprise Platforms,Java Services,service templates,technical_standard,Developer Experience,Developer Experience,AU,Australia,en,"[""eng"", ""java-services"", ""service-templates"", ""software-engineering""]","[""Java Services"", ""eng"", ""java-services"", ""service templates"", ""service-templates"", ""software-engineering""]",EMPLOYEE,"[""employee"", ""engineer"", ""tech_lead"", ""architect""]",[],github,synthetic://software-engineering/ENG-000021,1.2,2025-09-10,2026-09-07,2025-11-08,,ACTIVE,True,Synthetic dataset generated for research/demo use,VALIDATED,,b9ef7095e5bc
ENG-000022,ENG-PYTHON-B-00017,,Fastapi Service Standard — Australia,"# Fastapi Service Standard — Australia

## Purpose
The standard exists to reduce inconsistent implementation, avoid repeated support effort, and provide an auditable source of truth.

## Scope
Archived versions remain available for audit purposes but must not be used for new decisions. This version applies to Australia.

## Requirements
- Service contracts must use explicit schemas. - Health and readiness endpoints are required. - Timeouts, structured logging, and request IDs are mandatory in production. - Service contracts must use explicit schemas.

## Controls
Requests requiring elevated access must be approved by the designated owner and recorded in the enterprise service system.

## Procedure
1. Confirm that the request concerns FastAPI service standard.
2. Verify the relevant owner, country, environment, and current version.
3. Follow the approved workflow and capture evidence.
4. Escalate unresolved or exceptional cases to Architecture Guild.

## Validation
If the procedure does not resolve the issue, escalate to the listed owner team with timestamps, identifiers, and evidence.

## Version
Version 1.4. Status: ACTIVE.",Software Engineering,Cloud & Security,Python Backend,FastAPI service standard,migration_guide,Architecture Guild,Architecture Guild,AU,Australia,en,"[""eng"", ""fastapi-service-standard"", ""python-backend"", ""software-engineering""]","[""FastAPI service standard"", ""Python Backend"", ""eng"", ""fastapi-service-standard"", ""python-backend"", ""software-engineering""]",INTERNAL,"[""employee"", ""engineer"", ""tech_lead"", ""architect""]",[],google_drive,synthetic://software-engineering/ENG-000022,1.4,2025-03-03,2026-08-01,2025-03-23,,ACTIVE,True,Synthetic dataset generated for research/demo use,VALIDATED,,657047fd1b63
ENG-000023,ENG-ARCHITEC-00018,,Service Boundaries — United States,"# Service Boundaries — United States

## Purpose
The standard exists to reduce inconsistent implementation, avoid repeated support effort, and provide an auditable source of truth.

## Scope
Archived versions remain available for audit purposes but must not be used for new decisions. This version applies to United States.

## Requirements
- Service Boundaries must follow the current approved policy and ownership model. - Operational evidence for service boundaries should be retained according to the applicable retention schedule. - Exceptions involving service boundaries require documented approval from the responsible owner. - Teams should use standard tooling and published procedures when working with service boundaries.

## Controls
Requests requiring elevated access must be approved by the designated owner and recorded in the enterprise service system.

## Procedure
1. Confirm that the request concerns service boundaries.
2. Verify the relevant owner, country, environment, and current version.
3. Follow the approved workflow and capture evidence.
4. Escalate unresolved or exceptional cases to Developer Experience.

## Validation
Do not bypass required controls simply to shorten resolution time.

## Version
Version 1.3. Status: ACTIVE.",Software Engineering,Corporate Functions,Architecture,service boundaries,migration_guide,Developer Experience,Developer Experience,US,United States,en,"[""architecture"", ""eng"", ""service-boundaries"", ""software-engineering""]","[""Architecture"", ""architecture"", ""eng"", ""service boundaries"", ""service-boundaries"", ""software-engineering""]",EMPLOYEE,"[""employee"", ""engineer"", ""tech_lead"", ""architect""]",[],hr_portal,synthetic://software-engineering/ENG-000023,1.3,2023-08-01,2025-01-19,2023-09-13,,ACTIVE,True,Synthetic dataset generated for research/demo use,VALIDATED,,05a759f8467b
ENG-000024,ENG-TESTING-00019,,Unit Testing — Global,"# Unit Testing — Global

## Purpose
This document defines the approved operating model for unit testing within Northstar Digital Services.

## Scope
Country-specific and role-specific exceptions override the global baseline only when explicitly documented. This version is the global baseline; country-specific documents may impose additional requirements.

## Requirements
- Unit Testing must follow the current approved policy and ownership model. - Operational evidence for unit testing should be retained according to the applicable retention schedule. - Exceptions involving unit testing require documented approval from the responsible owner. - Teams should use standard tooling and published procedures when working with unit testing.

## Controls
Sensitive information must follow the organisation's classification and least-privilege requirements.

## Procedure
1. Confirm that the request concerns unit testing.
2. Verify the relevant owner, country, environment, and current version.
3. Follow the approved workflow and capture evidence.
4. Escalate unresolved or exceptional cases to Data Platform.

## Validation
Do not bypass required controls simply to shorten resolution time.

## Version
Version 1.4. Status: ACTIVE.",Software Engineering,Cloud & Security,Testing,unit testing,migration_guide,Data Platform,Data Platform,GLOBAL,Global,en,"[""eng"", ""software-engineering"", ""testing"", ""unit-testing""]","[""Testing"", ""eng"", ""software-engineering"", ""testing"", ""unit testing"", ""unit-testing""]",INTERNAL,"[""employee"", ""engineer"", ""tech_lead"", ""architect""]",[],servicenow,synthetic://software-engineering/ENG-000024,1.4,2026-06-22,2026-09-23,2026-07-19,,ACTIVE,True,Synthetic dataset generated for research/demo use,VALIDATED,,b6012ce464f9
ENG-000025,ENG-TESTING-00020,,Contract Testing — Global v1.1,"# Contract Testing — Global v1.1

## Purpose
Teams must apply this guidance when working with contract testing in production or employee-facing environments.

## Scope
Archived versions remain available for audit purposes but must not be used for new decisions. This version is the global baseline; country-specific documents may impose additional requirements.

## Requirements
- Contract Testing must follow the current approved policy and ownership model. - Operational evidence for contract testing should be retained according to the applicable retention schedule. - Exceptions involving contract testing require documented approval from the responsible owner. - Teams should use standard tooling and published procedures when working with contract testing.

## Controls
Requests requiring elevated access must be approved by the designated owner and recorded in the enterprise service system.

## Procedure
1. Confirm that the request concerns contract testing.
2. Verify the relevant owner, country, environment, and current version.
3. Follow the approved workflow and capture evidence.
4. Escalate unresolved or exceptional cases to Data Platform.

## Validation
Verify the current document version before acting.

## Version
Version 1.1. Status: ARCHIVED. This document is archived and retained only for historical reference.",Software Engineering,Corporate Functions,Testing,contract testing,migration_guide,Data Platform,Data Platform,GLOBAL,Global,en,"[""contract-testing"", ""eng"", ""software-engineering"", ""testing""]","[""Testing"", ""contract testing"", ""contract-testing"", ""eng"", ""software-engineering"", ""testing""]",INTERNAL,"[""employee"", ""engineer"", ""tech_lead"", ""architect""]",[],sharepoint,synthetic://software-engineering/ENG-000025,1.1,2023-12-24,2024-05-11,2024-02-18,2024-12-10,ARCHIVED,True,Synthetic dataset generated for research/demo use,VALIDATED,,b0fc9083dda8
ENG-000026,ENG-TESTING-00020,ENG-000025,Contract Testing — Global v2.2,"# Contract Testing — Global v2.2

## Purpose
The standard exists to reduce inconsistent implementation, avoid repeated support effort, and provide an auditable source of truth.

## Scope
Archived versions remain available for audit purposes but must not be used for new decisions. This version is the global baseline; country-specific documents may impose additional requirements.

## Requirements
- Contract Testing must follow the current approved policy and ownership model. - Operational evidence for contract testing should be retained according to the applicable retention schedule. - Exceptions involving contract testing require documented approval from the responsible owner. - Teams should use standard tooling and published procedures when working with contract testing.

## Controls
Requests requiring elevated access must be approved by the designated owner and recorded in the enterprise service system.

## Procedure
1. Confirm that the request concerns contract testing.
2. Verify the relevant owner, country, environment, and current version.
3. Follow the approved workflow and capture evidence.
4. Escalate unresolved or exceptional cases to Data Platform.

## Validation
Do not bypass required controls simply to shorten resolution time.

## Version
Version 2.2. Status: ACTIVE.",Software Engineering,Digital Delivery,Testing,contract testing,migration_guide,Data Platform,Data Platform,GLOBAL,Global,en,"[""contract-testing"", ""eng"", ""software-engineering"", ""testing""]","[""Testing"", ""contract testing"", ""contract-testing"", ""eng"", ""software-engineering"", ""testing""]",EMPLOYEE,"[""employee"", ""engineer"", ""tech_lead"", ""architect""]",[],google_drive,synthetic://software-engineering/ENG-000026,2.2,2026-05-14,2026-09-23,2026-06-19,,ACTIVE,True,Synthetic dataset generated for research/demo use,VALIDATED,,83aba0664bd7
ENG-000027,ENG-JAVA-SER-00021,,Java Runtime — Global,"# Java Runtime — Global

## Purpose
Teams must apply this guidance when working with Java runtime in production or employee-facing environments.

## Scope
Country-specific and role-specific exceptions override the global baseline only when explicitly documented. This version is the global baseline; country-specific documents may impose additional requirements.

## Requirements
- Java Runtime must follow the current approved policy and ownership model. - Operational evidence for Java runtime should be retained according to the applicable retention schedule. - Exceptions involving Java runtime require documented approval from the responsible owner. - Teams should use standard tooling and published procedures when working with Java runtime.

## Controls
Requests requiring elevated access must be approved by the designated owner and recorded in the enterprise service system.

## Procedure
1. Confirm that the request concerns Java runtime.
2. Verify the relevant owner, country, environment, and current version.
3. Follow the approved workflow and capture evidence.
4. Escalate unresolved or exceptional cases to Frontend Platform.

## Validation
Verify the current document version before acting.

## Version
Version 1.2. Status: ACTIVE.",Software Engineering,Enterprise Platforms,Java Services,Java runtime,migration_guide,Frontend Platform,Frontend Platform,GLOBAL,Global,en,"[""eng"", ""java-runtime"", ""java-services"", ""software-engineering""]","[""Java Services"", ""Java runtime"", ""eng"", ""java-runtime"", ""java-services"", ""software-engineering""]",INTERNAL,"[""employee"", ""engineer"", ""tech_lead"", ""architect""]",[],github,synthetic://software-engineering/ENG-000027,1.2,2026-08-10,2026-09-23,2026-09-23,,ACTIVE,True,Synthetic dataset generated for research/demo use,VALIDATED,,6a8ee8b29aa2
ENG-000028,ENG-DATABASE-00022,,Migration Safety — Global v1.3,"# Migration Safety — Global v1.3

## Purpose
Teams must apply this guidance when working with migration safety in production or employee-facing environments.

## Scope
Country-specific and role-specific exceptions override the global baseline only when explicitly documented. This version is the global baseline; country-specific documents may impose additional requirements.

## Requirements
- Migration Safety must follow the current approved policy and ownership model. - Operational evidence for migration safety should be retained according to the applicable retention schedule. - Exceptions involving migration safety require documented approval from the responsible owner. - Teams should use standard tooling and published procedures when working with migration safety.

## Controls
Sensitive information must follow the organisation's classification and least-privilege requirements.

## Procedure
1. Confirm that the request concerns migration safety.
2. Verify the relevant owner, country, environment, and current version.
3. Follow the approved workflow and capture evidence.
4. Escalate unresolved or exceptional cases to Architecture Guild.

## Validation
Do not bypass required controls simply to shorten resolution time.

## Version
Version 1.3. Status: ARCHIVED. This document is archived and retained only for historical reference.",Software Engineering,Shared Services,Databases,migration safety,known_issue,Architecture Guild,Architecture Guild,GLOBAL,Global,en,"[""databases"", ""eng"", ""migration-safety"", ""software-engineering""]","[""Databases"", ""databases"", ""eng"", ""migration safety"", ""migration-safety"", ""software-engineering""]",EMPLOYEE,"[""employee"", ""engineer"", ""tech_lead"", ""architect""]",[],servicenow,synthetic://software-engineering/ENG-000028,1.3,2026-03-25,2026-09-23,2026-05-16,2027-04-24,ARCHIVED,True,Synthetic dataset generated for research/demo use,VALIDATED,,c11c526dee3e
ENG-000029,ENG-DATABASE-00022,ENG-000028,Migration Safety — Global v2.4,"# Migration Safety — Global v2.4

## Purpose
The standard exists to reduce inconsistent implementation, avoid repeated support effort, and provide an auditable source of truth.

## Scope
Country-specific and role-specific exceptions override the global baseline only when explicitly documented. This version is the global baseline; country-specific documents may impose additional requirements.

## Requirements
- Migration Safety must follow the current approved policy and ownership model. - Operational evidence for migration safety should be retained according to the applicable retention schedule. - Exceptions involving migration safety require documented approval from the responsible owner. - Teams should use standard tooling and published procedures when working with migration safety.

## Controls
Sensitive information must follow the organisation's classification and least-privilege requirements.

## Procedure
1. Confirm that the request concerns migration safety.
2. Verify the relevant owner, country, environment, and current version.
3. Follow the approved workflow and capture evidence.
4. Escalate unresolved or exceptional cases to Architecture Guild.

## Validation
Verify the current document version before acting.

## Version
Version 2.4. Status: ACTIVE.",Software Engineering,Enterprise Platforms,Databases,migration safety,known_issue,Architecture Guild,Architecture Guild,GLOBAL,Global,en,"[""databases"", ""eng"", ""migration-safety"", ""software-engineering""]","[""Databases"", ""databases"", ""eng"", ""migration safety"", ""migration-safety"", ""software-engineering""]",INTERNAL,"[""employee"", ""engineer"", ""tech_lead"", ""architect""]",[],hr_portal,synthetic://software-engineering/ENG-000029,2.4,2024-03-14,2025-07-03,2024-04-10,,ACTIVE,True,Synthetic dataset generated for research/demo use,VALIDATED,,8dc1003d0f42
ENG-000030,ENG-JAVA-SER-00023,,Service Templates — Global v1.2,"# Service Templates — Global v1.2

## Purpose
Teams must apply this guidance when working with service templates in production or employee-facing environments.

## Scope
It applies to employees, contractors, and managed service teams where the stated scope is relevant. This version is the global baseline; country-specific documents may impose additional requirements.

## Requirements
- Service Templates must follow the current approved policy and ownership model. - Operational evidence for service templates should be retained according to the applicable retention schedule. - Exceptions involving service templates require documented approval from the responsible owner. - Teams should use standard tooling and published procedures when working with service templates.

## Controls
Requests requiring elevated access must be approved by the designated owner and recorded in the enterprise service system.

## Procedure
1. Confirm that the request concerns service templates.
2. Verify the relevant owner, country, environment, and current version.
3. Follow the approved workflow and capture evidence.
4. Escalate unresolved or exceptional cases to Developer Experience.

## Validation
If the procedure does not resolve the issue, escalate to the listed owner team with timestamps, identifiers, and evidence.

## Version
Version 1.2. Status: ARCHIVED. This document is archived and retained only for historical reference.",Software Engineering,Cloud & Security,Java Services,service templates,architecture_decision_record,Developer Experience,Developer Experience,GLOBAL,Global,en,"[""eng"", ""java-services"", ""service-templates"", ""software-engineering""]","[""Java Services"", ""eng"", ""java-services"", ""service templates"", ""service-templates"", ""software-engineering""]",INTERNAL,"[""employee"", ""engineer"", ""tech_lead"", ""architect""]",[],github,synthetic://software-engineering/ENG-000030,1.2,2026-03-03,2026-09-23,2026-04-04,,ARCHIVED,True,Synthetic dataset generated for research/demo use,VALIDATED,,a4faac69b7db
ENG-000031,ENG-JAVA-SER-00023,ENG-000030,Service Templates — Global v2.1,"# Service Templates — Global v2.1

## Purpose
This document defines the approved operating model for service templates within Northstar Digital Services.

## Scope
Archived versions remain available for audit purposes but must not be used for new decisions. This version is the global baseline; country-specific documents may impose additional requirements.

## Requirements
- Service Templates must follow the current approved policy and ownership model. - Operational evidence for service templates should be retained according to the applicable retention schedule. - Exceptions involving service templates require documented approval from the responsible owner. - Teams should use standard tooling and published procedures when working with service templates.

## Controls
Changes affecting production require peer review, traceable evidence, and rollback instructions.

## Procedure
1. Confirm that the request concerns service templates.
2. Verify the relevant owner, country, environment, and current version.
3. Follow the approved workflow and capture evidence.
4. Escalate unresolved or exceptional cases to Developer Experience.

## Validation
Verify the current document version before acting.

## Version
Version 2.1. Status: ARCHIVED. This document is archived and retained only for historical reference.",Software Engineering,Corporate Functions,Java Services,service templates,architecture_decision_record,Developer Experience,Developer Experience,GLOBAL,Global,en,"[""eng"", ""java-services"", ""service-templates"", ""software-engineering""]","[""Java Services"", ""eng"", ""java-services"", ""service templates"", ""service-templates"", ""software-engineering""]",INTERNAL,"[""employee"", ""engineer"", ""tech_lead"", ""architect""]",[],hr_portal,synthetic://software-engineering/ENG-000031,2.1,2024-04-21,2025-12-06,2024-06-01,,ARCHIVED,True,Synthetic dataset generated for research/demo use,VALIDATED,,4cd2b9efb687
ENG-000032,ENG-JAVA-SER-00023,ENG-000031,Service Templates — Global v3.2,"# Service Templates — Global v3.2

## Purpose
Teams must apply this guidance when working with service templates in production or employee-facing environments.

## Scope
It applies to employees, contractors, and managed service teams where the stated scope is relevant. This version is the global baseline; country-specific documents may impose additional requirements.

## Requirements
- Service Templates must follow the current approved policy and ownership model. - Operational evidence for service templates should be retained according to the applicable retention schedule. - Exceptions involving service templates require documented approval from the responsible owner. - Teams should use standard tooling and published procedures when working with service templates.

## Controls
Sensitive information must follow the organisation's classification and least-privilege requirements.

## Procedure
1. Confirm that the request concerns service templates.
2. Verify the relevant owner, country, environment, and current version.
3. Follow the approved workflow and capture evidence.
4. Escalate unresolved or exceptional cases to Developer Experience.

## Validation
Verify the current document version before acting.

## Version
Version 3.2. Status: ACTIVE.",Software Engineering,Digital Delivery,Java Services,service templates,architecture_decision_record,Developer Experience,Developer Experience,GLOBAL,Global,en,"[""eng"", ""java-services"", ""service-templates"", ""software-engineering""]","[""Java Services"", ""eng"", ""java-services"", ""service templates"", ""service-templates"", ""software-engineering""]",INTERNAL,"[""employee"", ""engineer"", ""tech_lead"", ""architect""]",[],servicenow,synthetic://software-engineering/ENG-000032,3.2,2025-05-16,2025-10-17,2025-06-26,,ACTIVE,True,Synthetic dataset generated for research/demo use,VALIDATED,,f5a12eee9c16
ENG-000033,ENG-JAVA-SER-00024,,Spring Boot Standard — Global,"# Spring Boot Standard — Global

## Purpose
Teams must apply this guidance when working with Spring Boot standard in production or employee-facing environments.

## Scope
Archived versions remain available for audit purposes but must not be used for new decisions. This version is the global baseline; country-specific documents may impose additional requirements.

## Requirements
- Spring Boot Standard must follow the current approved policy and ownership model. - Operational evidence for Spring Boot standard should be retained according to the applicable retention schedule. - Exceptions involving Spring Boot standard require documented approval from the responsible owner. - Teams should use standard tooling and published procedures when working with Spring Boot standard.

## Controls
Requests requiring elevated access must be approved by the designated owner and recorded in the enterprise service system.

## Procedure
1. Confirm that the request concerns Spring Boot standard.
2. Verify the relevant owner, country, environment, and current version.
3. Follow the approved workflow and capture evidence.
4. Escalate unresolved or exceptional cases to Backend Platform.

## Validation
Do not bypass required controls simply to shorten resolution time.

## Version
Version 1.0. Status: ACTIVE.",Software Engineering,Digital Delivery,Java Services,Spring Boot standard,coding_standard,Backend Platform,Backend Platform,GLOBAL,Global,en,"[""eng"", ""java-services"", ""software-engineering"", ""spring-boot-standard""]","[""Java Services"", ""Spring Boot standard"", ""eng"", ""java-services"", ""software-engineering"", ""spring-boot-standard""]",INTERNAL,"[""employee"", ""engineer"", ""tech_lead"", ""architect""]",[],servicenow,synthetic://software-engineering/ENG-000033,1.0,2026-02-18,2026-07-18,2026-02-21,,ACTIVE,True,Synthetic dataset generated for research/demo use,VALIDATED,,3b0a673470c9
ENG-000034,ENG-TESTING-00025,,Coverage Policy — Singapore v1.4,"# Coverage Policy — Singapore v1.4

## Purpose
This document defines the approved operating model for coverage policy within Northstar Digital Services.

## Scope
Archived versions remain available for audit purposes but must not be used for new decisions. This version applies to Singapore.

## Requirements
- Coverage Policy must follow the current approved policy and ownership model. - Operational evidence for coverage policy should be retained according to the applicable retention schedule. - Exceptions involving coverage policy require documented approval from the responsible owner. - Teams should use standard tooling and published procedures when working with coverage policy.

## Controls
Sensitive information must follow the organisation's classification and least-privilege requirements.

## Procedure
1. Confirm that the request concerns coverage policy.
2. Verify the relevant owner, country, environment, and current version.
3. Follow the approved workflow and capture evidence.
4. Escalate unresolved or exceptional cases to Backend Platform.

## Validation
If the procedure does not resolve the issue, escalate to the listed owner team with timestamps, identifiers, and evidence.

## Version
Version 1.4. Status: ARCHIVED. This document is archived and retained only for historical reference.",Software Engineering,Shared Services,Testing,coverage policy,known_issue,Backend Platform,Backend Platform,SG,Singapore,en,"[""coverage-policy"", ""eng"", ""software-engineering"", ""testing""]","[""Testing"", ""coverage policy"", ""coverage-policy"", ""eng"", ""software-engineering"", ""testing""]",INTERNAL,"[""employee"", ""engineer"", ""tech_lead"", ""architect""]",[],google_drive,synthetic://software-engineering/ENG-000034,1.4,2024-01-26,2024-05-02,2024-03-12,,ARCHIVED,True,Synthetic dataset generated for research/demo use,VALIDATED,,cba97aff15e6
ENG-000035,ENG-TESTING-00025,ENG-000034,Coverage Policy — Singapore v2.3,"# Coverage Policy — Singapore v2.3

## Purpose
The standard exists to reduce inconsistent implementation, avoid repeated support effort, and provide an auditable source of truth.

## Scope
It applies to employees, contractors, and managed service teams where the stated scope is relevant. This version applies to Singapore.

## Requirements
- Coverage Policy must follow the current approved policy and ownership model. - Operational evidence for coverage policy should be retained according to the applicable retention schedule. - Exceptions involving coverage policy require documented approval from the responsible owner. - Teams should use standard tooling and published procedures when working with coverage policy.

## Controls
Changes affecting production require peer review, traceable evidence, and rollback instructions.

## Procedure
1. Confirm that the request concerns coverage policy.
2. Verify the relevant owner, country, environment, and current version.
3. Follow the approved workflow and capture evidence.
4. Escalate unresolved or exceptional cases to Backend Platform.

## Validation
Verify the current document version before acting.

## Version
Version 2.3. Status: ACTIVE.",Software Engineering,Cloud & Security,Testing,coverage policy,known_issue,Backend Platform,Backend Platform,SG,Singapore,en,"[""coverage-policy"", ""eng"", ""software-engineering"", ""testing""]","[""Testing"", ""coverage policy"", ""coverage-policy"", ""eng"", ""software-engineering"", ""testing""]",INTERNAL,"[""employee"", ""engineer"", ""tech_lead"", ""architect""]",[],sharepoint,synthetic://software-engineering/ENG-000035,2.3,2026-05-14,2026-09-23,2026-06-01,,ACTIVE,True,Synthetic dataset generated for research/demo use,VALIDATED,,7d51029b3d46
ENG-000036,ENG-APIS-00026,,Pagination — Australia,"# Pagination — Australia

## Purpose
This document defines the approved operating model for pagination within Northstar Digital Services.

## Scope
It applies to employees, contractors, and managed service teams where the stated scope is relevant. This version applies to Australia.

## Requirements
- Pagination must follow the current approved policy and ownership model. - Operational evidence for pagination should be retained according to the applicable retention schedule. - Exceptions involving pagination require documented approval from the responsible owner. - Teams should use standard tooling and published procedures when working with pagination.

## Controls
Requests requiring elevated access must be approved by the designated owner and recorded in the enterprise service system.

## Procedure
1. Confirm that the request concerns pagination.
2. Verify the relevant owner, country, environment, and current version.
3. Follow the approved workflow and capture evidence.
4. Escalate unresolved or exceptional cases to Backend Platform.

## Validation
Do not bypass required controls simply to shorten resolution time.

## Version
Version 1.4. Status: ACTIVE.",Software Engineering,Cloud & Security,APIs,pagination,architecture_decision_record,Backend Platform,Backend Platform,AU,Australia,en,"[""apis"", ""eng"", ""pagination"", ""software-engineering""]","[""APIs"", ""apis"", ""eng"", ""pagination"", ""software-engineering""]",EMPLOYEE,"[""employee"", ""engineer"", ""tech_lead"", ""architect""]",[],google_drive,synthetic://software-engineering/ENG-000036,1.4,2026-08-01,2026-09-23,2026-08-05,,ACTIVE,True,Synthetic dataset generated for research/demo use,VALIDATED,,645b512e7831
ENG-000037,ENG-PYTHON-B-00027,,Fastapi Service Standard — Global v1.4,"# Fastapi Service Standard — Global v1.4

## Purpose
This document defines the approved operating model for FastAPI service standard within Northstar Digital Services.

## Scope
Country-specific and role-specific exceptions override the global baseline only when explicitly documented. This version is the global baseline; country-specific documents may impose additional requirements.

## Requirements
- Service contracts must use explicit schemas. - Health and readiness endpoints are required. - Timeouts, structured logging, and request IDs are mandatory in production. - Service contracts must use explicit schemas.

## Controls
Sensitive information must follow the organisation's classification and least-privilege requirements.

## Procedure
1. Confirm that the request concerns FastAPI service standard.
2. Verify the relevant owner, country, environment, and current version.
3. Follow the approved workflow and capture evidence.
4. Escalate unresolved or exceptional cases to Data Platform.

## Validation
If the procedure does not resolve the issue, escalate to the listed owner team with timestamps, identifiers, and evidence.

## Version
Version 1.4. Status: ARCHIVED. This document is archived and retained only for historical reference.",Software Engineering,Cloud & Security,Python Backend,FastAPI service standard,known_issue,Data Platform,Data Platform,GLOBAL,Global,en,"[""eng"", ""fastapi-service-standard"", ""python-backend"", ""software-engineering""]","[""FastAPI service standard"", ""Python Backend"", ""eng"", ""fastapi-service-standard"", ""python-backend"", ""software-engineering""]",EMPLOYEE,"[""employee"", ""engineer"", ""tech_lead"", ""architect""]",[],servicenow,synthetic://software-engineering/ENG-000037,1.4,2024-07-31,2025-04-08,2024-09-17,2027-02-07,ARCHIVED,True,Synthetic dataset generated for research/demo use,VALIDATED,,6ea19aade2a9
ENG-000038,ENG-PYTHON-B-00027,ENG-000037,Fastapi Service Standard — Global v2.1,"# Fastapi Service Standard — Global v2.1

## Purpose
Teams must apply this guidance when working with FastAPI service standard in production or employee-facing environments.

## Scope
Archived versions remain available for audit purposes but must not be used for new decisions. This version is the global baseline; country-specific documents may impose additional requirements.

## Requirements
- Service contracts must use explicit schemas. - Health and readiness endpoints are required. - Timeouts, structured logging, and request IDs are mandatory in production. - Service contracts must use explicit schemas.

## Controls
Requests requiring elevated access must be approved by the designated owner and recorded in the enterprise service system.

## Procedure
1. Confirm that the request concerns FastAPI service standard.
2. Verify the relevant owner, country, environment, and current version.
3. Follow the approved workflow and capture evidence.
4. Escalate unresolved or exceptional cases to Data Platform.

## Validation
Verify the current document version before acting.

## Version
Version 2.1. Status: ARCHIVED. This document is archived and retained only for historical reference.",Software Engineering,Enterprise Platforms,Python Backend,FastAPI service standard,known_issue,Data Platform,Data Platform,GLOBAL,Global,en,"[""eng"", ""fastapi-service-standard"", ""python-backend"", ""software-engineering""]","[""FastAPI service standard"", ""Python Backend"", ""eng"", ""fastapi-service-standard"", ""python-backend"", ""software-engineering""]",INTERNAL,"[""employee"", ""engineer"", ""tech_lead"", ""architect""]",[],github,synthetic://software-engineering/ENG-000038,2.1,2024-01-09,2025-07-24,2024-02-28,,ARCHIVED,True,Synthetic dataset generated for research/demo use,VALIDATED,,b166a73739c8
ENG-000039,ENG-PYTHON-B-00027,ENG-000038,Fastapi Service Standard — Global v3.0,"# Fastapi Service Standard — Global v3.0

## Purpose
This document defines the approved operating model for FastAPI service standard within Northstar Digital Services.

## Scope
Country-specific and role-specific exceptions override the global baseline only when explicitly documented. This version is the global baseline; country-specific documents may impose additional requirements.

## Requirements
- Service contracts must use explicit schemas. - Health and readiness endpoints are required. - Timeouts, structured logging, and request IDs are mandatory in production. - Service contracts must use explicit schemas.

## Controls
Sensitive information must follow the organisation's classification and least-privilege requirements.

## Procedure
1. Confirm that the request concerns FastAPI service standard.
2. Verify the relevant owner, country, environment, and current version.
3. Follow the approved workflow and capture evidence.
4. Escalate unresolved or exceptional cases to Data Platform.

## Validation
Verify the current document version before acting.

## Version
Version 3.0. Status: ACTIVE.",Software Engineering,Shared Services,Python Backend,FastAPI service standard,known_issue,Data Platform,Data Platform,GLOBAL,Global,en,"[""eng"", ""fastapi-service-standard"", ""python-backend"", ""software-engineering""]","[""FastAPI service standard"", ""Python Backend"", ""eng"", ""fastapi-service-standard"", ""python-backend"", ""software-engineering""]",EMPLOYEE,"[""employee"", ""engineer"", ""tech_lead"", ""architect""]",[],github,synthetic://software-engineering/ENG-000039,3.0,2025-01-17,2025-03-28,2025-03-04,,ACTIVE,True,Synthetic dataset generated for research/demo use,VALIDATED,,ad0106735fff
ENG-000040,ENG-PYTHON-B-00028,,Fastapi Service Standard — United States,"# Fastapi Service Standard — United States

## Purpose
Teams must apply this guidance when working with FastAPI service standard in production or employee-facing environments.

## Scope
Archived versions remain available for audit purposes but must not be used for new decisions. This version applies to United States.

## Requirements
- Service contracts must use explicit schemas. - Health and readiness endpoints are required. - Timeouts, structured logging, and request IDs are mandatory in production. - Service contracts must use explicit schemas.

## Controls
Requests requiring elevated access must be approved by the designated owner and recorded in the enterprise service system.

## Procedure
1. Confirm that the request concerns FastAPI service standard.
2. Verify the relevant owner, country, environment, and current version.
3. Follow the approved workflow and capture evidence.
4. Escalate unresolved or exceptional cases to Data Platform.

## Validation
Do not bypass required controls simply to shorten resolution time.

## Version
Version 1.3. Status: ACTIVE.",Software Engineering,Cloud & Security,Python Backend,FastAPI service standard,design_note,Data Platform,Data Platform,US,United States,en,"[""eng"", ""fastapi-service-standard"", ""python-backend"", ""software-engineering""]","[""FastAPI service standard"", ""Python Backend"", ""eng"", ""fastapi-service-standard"", ""python-backend"", ""software-engineering""]",INTERNAL,"[""employee"", ""engineer"", ""tech_lead"", ""architect""]",[],confluence,synthetic://software-engineering/ENG-000040,1.3,2023-01-09,2024-01-26,2023-03-08,,ACTIVE,True,Synthetic dataset generated for research/demo use,VALIDATED,,33a4f7739978
ENG-000041,ENG-TESTING-00029,,Integration Testing — United States,"# Integration Testing — United States

## Purpose
The standard exists to reduce inconsistent implementation, avoid repeated support effort, and provide an auditable source of truth.

## Scope
Archived versions remain available for audit purposes but must not be used for new decisions. This version applies to United States.

## Requirements
- Integration Testing must follow the current approved policy and ownership model. - Operational evidence for integration testing should be retained according to the applicable retention schedule. - Exceptions involving integration testing require documented approval from the responsible owner. - Teams should use standard tooling and published procedures when working with integration testing.

## Controls
Changes affecting production require peer review, traceable evidence, and rollback instructions.

## Procedure
1. Confirm that the request concerns integration testing.
2. Verify the relevant owner, country, environment, and current version.
3. Follow the approved workflow and capture evidence.
4. Escalate unresolved or exceptional cases to Data Platform.

## Validation
If the procedure does not resolve the issue, escalate to the listed owner team with timestamps, identifiers, and evidence.

## Version
Version 1.2. Status: ACTIVE.",Software Engineering,Shared Services,Testing,integration testing,migration_guide,Data Platform,Data Platform,US,United States,en,"[""eng"", ""integration-testing"", ""software-engineering"", ""testing""]","[""Testing"", ""eng"", ""integration testing"", ""integration-testing"", ""software-engineering"", ""testing""]",INTERNAL,"[""employee"", ""engineer"", ""tech_lead"", ""architect""]",[],google_drive,synthetic://software-engineering/ENG-000041,1.2,2024-02-26,2025-11-24,2024-04-05,,ACTIVE,True,Synthetic dataset generated for research/demo use,VALIDATED,,16dac7c7544c
ENG-000042,ENG-TESTING-00030,,Unit Testing — United Kingdom v1.2,"# Unit Testing — United Kingdom v1.2

## Purpose
This document defines the approved operating model for unit testing within Northstar Digital Services.

## Scope
Country-specific and role-specific exceptions override the global baseline only when explicitly documented. This version applies to United Kingdom.

## Requirements
- Unit Testing must follow the current approved policy and ownership model. - Operational evidence for unit testing should be retained according to the applicable retention schedule. - Exceptions involving unit testing require documented approval from the responsible owner. - Teams should use standard tooling and published procedures when working with unit testing.

## Controls
Requests requiring elevated access must be approved by the designated owner and recorded in the enterprise service system.

## Procedure
1. Confirm that the request concerns unit testing.
2. Verify the relevant owner, country, environment, and current version.
3. Follow the approved workflow and capture evidence.
4. Escalate unresolved or exceptional cases to Backend Platform.

## Validation
Do not bypass required controls simply to shorten resolution time.

## Version
Version 1.2. Status: ARCHIVED. This document is archived and retained only for historical reference.",Software Engineering,Enterprise Platforms,Testing,unit testing,migration_guide,Backend Platform,Backend Platform,UK,United Kingdom,en,"[""eng"", ""software-engineering"", ""testing"", ""unit-testing""]","[""Testing"", ""eng"", ""software-engineering"", ""testing"", ""unit testing"", ""unit-testing""]",EMPLOYEE,"[""employee"", ""engineer"", ""tech_lead"", ""architect""]",[],sharepoint,synthetic://software-engineering/ENG-000042,1.2,2024-11-27,2026-05-26,2024-12-27,2027-05-25,ARCHIVED,True,Synthetic dataset generated for research/demo use,VALIDATED,,d3c521224290
ENG-000043,ENG-TESTING-00030,ENG-000042,Unit Testing — United Kingdom v2.2,"# Unit Testing — United Kingdom v2.2

## Purpose
This document defines the approved operating model for unit testing within Northstar Digital Services.

## Scope
Country-specific and role-specific exceptions override the global baseline only when explicitly documented. This version applies to United Kingdom.

## Requirements
- Unit Testing must follow the current approved policy and ownership model. - Operational evidence for unit testing should be retained according to the applicable retention schedule. - Exceptions involving unit testing require documented approval from the responsible owner. - Teams should use standard tooling and published procedures when working with unit testing.

## Controls
Sensitive information must follow the organisation's classification and least-privilege requirements.

## Procedure
1. Confirm that the request concerns unit testing.
2. Verify the relevant owner, country, environment, and current version.
3. Follow the approved workflow and capture evidence.
4. Escalate unresolved or exceptional cases to Backend Platform.

## Validation
If the procedure does not resolve the issue, escalate to the listed owner team with timestamps, identifiers, and evidence.

## Version
Version 2.2. Status: ARCHIVED. This document is archived and retained only for historical reference.",Software Engineering,Corporate Functions,Testing,unit testing,migration_guide,Backend Platform,Backend Platform,UK,United Kingdom,en,"[""eng"", ""software-engineering"", ""testing"", ""unit-testing""]","[""Testing"", ""eng"", ""software-engineering"", ""testing"", ""unit testing"", ""unit-testing""]",INTERNAL,"[""employee"", ""engineer"", ""tech_lead"", ""architect""]",[],google_drive,synthetic://software-engineering/ENG-000043,2.2,2025-03-02,2025-05-21,2025-03-09,,ARCHIVED,True,Synthetic dataset generated for research/demo use,VALIDATED,,04732aa77119
ENG-000044,ENG-TESTING-00030,ENG-000043,Unit Testing — United Kingdom v3.4,"# Unit Testing — United Kingdom v3.4

## Purpose
Teams must apply this guidance when working with unit testing in production or employee-facing environments.

## Scope
Country-specific and role-specific exceptions override the global baseline only when explicitly documented. This version applies to United Kingdom.

## Requirements
- Unit Testing must follow the current approved policy and ownership model. - Operational evidence for unit testing should be retained according to the applicable retention schedule. - Exceptions involving unit testing require documented approval from the responsible owner. - Teams should use standard tooling and published procedures when working with unit testing.

## Controls
Requests requiring elevated access must be approved by the designated owner and recorded in the enterprise service system.

## Procedure
1. Confirm that the request concerns unit testing.
2. Verify the relevant owner, country, environment, and current version.
3. Follow the approved workflow and capture evidence.
4. Escalate unresolved or exceptional cases to Backend Platform.

## Validation
If the procedure does not resolve the issue, escalate to the listed owner team with timestamps, identifiers, and evidence.

## Version
Version 3.4. Status: ACTIVE.",Software Engineering,Cloud & Security,Testing,unit testing,migration_guide,Backend Platform,Backend Platform,UK,United Kingdom,en,"[""eng"", ""software-engineering"", ""testing"", ""unit-testing""]","[""Testing"", ""eng"", ""software-engineering"", ""testing"", ""unit testing"", ""unit-testing""]",EMPLOYEE,"[""employee"", ""engineer"", ""tech_lead"", ""architect""]",[],servicenow,synthetic://software-engineering/ENG-000044,3.4,2023-06-28,2024-07-31,2023-08-01,,ACTIVE,True,Synthetic dataset generated for research/demo use,VALIDATED,,25beb1553e5e
ENG-000045,ENG-PYTHON-B-00031,,Dependency Pinning — India v1.2,"# Dependency Pinning — India v1.2

## Purpose
This document defines the approved operating model for dependency pinning within Northstar Digital Services.

## Scope
It applies to employees, contractors, and managed service teams where the stated scope is relevant. This version applies to India.

## Requirements
- Dependency Pinning must follow the current approved policy and ownership model. - Operational evidence for dependency pinning should be retained according to the applicable retention schedule. - Exceptions involving dependency pinning require documented approval from the responsible owner. - Teams should use standard tooling and published procedures when working with dependency pinning.

## Controls
Requests requiring elevated access must be approved by the designated owner and recorded in the enterprise service system.

## Procedure
1. Confirm that the request concerns dependency pinning.
2. Verify the relevant owner, country, environment, and current version.
3. Follow the approved workflow and capture evidence.
4. Escalate unresolved or exceptional cases to Frontend Platform.

## Validation
Do not bypass required controls simply to shorten resolution time.

## Version
Version 1.2. Status: ARCHIVED. This document is archived and retained only for historical reference.",Software Engineering,Enterprise Platforms,Python Backend,dependency pinning,api_guide,Frontend Platform,Frontend Platform,IN,India,en,"[""dependency-pinning"", ""eng"", ""python-backend"", ""software-engineering""]","[""Python Backend"", ""dependency pinning"", ""dependency-pinning"", ""eng"", ""python-backend"", ""software-engineering""]",INTERNAL,"[""employee"", ""engineer"", ""tech_lead"", ""architect""]",[],servicenow,synthetic://software-engineering/ENG-000045,1.2,2026-08-25,2026-09-23,2026-09-23,,ARCHIVED,True,Synthetic dataset generated for research/demo use,VALIDATED,,5075b47bffce
ENG-000046,ENG-PYTHON-B-00031,ENG-000045,Dependency Pinning — India v2.2,"# Dependency Pinning — India v2.2

## Purpose
This document defines the approved operating model for dependency pinning within Northstar Digital Services.

## Scope
It applies to employees, contractors, and managed service teams where the stated scope is relevant. This version applies to India.

## Requirements
- Dependency Pinning must follow the current approved policy and ownership model. - Operational evidence for dependency pinning should be retained according to the applicable retention schedule. - Exceptions involving dependency pinning require documented approval from the responsible owner. - Teams should use standard tooling and published procedures when working with dependency pinning.

## Controls
Requests requiring elevated access must be approved by the designated owner and recorded in the enterprise service system.

## Procedure
1. Confirm that the request concerns dependency pinning.
2. Verify the relevant owner, country, environment, and current version.
3. Follow the approved workflow and capture evidence.
4. Escalate unresolved or exceptional cases to Frontend Platform.

## Validation
Do not bypass required controls simply to shorten resolution time.

## Version
Version 2.2. Status: ARCHIVED. This document is archived and retained only for historical reference.",Software Engineering,Cloud & Security,Python Backend,dependency pinning,api_guide,Frontend Platform,Frontend Platform,IN,India,en,"[""dependency-pinning"", ""eng"", ""python-backend"", ""software-engineering""]","[""Python Backend"", ""dependency pinning"", ""dependency-pinning"", ""eng"", ""python-backend"", ""software-engineering""]",EMPLOYEE,"[""employee"", ""engineer"", ""tech_lead"", ""architect""]",[],confluence,synthetic://software-engineering/ENG-000046,2.2,2026-04-20,2026-09-23,2026-06-11,,ARCHIVED,True,Synthetic dataset generated for research/demo use,VALIDATED,,1ae5563a5c77
ENG-000047,ENG-PYTHON-B-00031,ENG-000046,Dependency Pinning — India v3.2,"# Dependency Pinning — India v3.2

## Purpose
The standard exists to reduce inconsistent implementation, avoid repeated support effort, and provide an auditable source of truth.

## Scope
Country-specific and role-specific exceptions override the global baseline only when explicitly documented. This version applies to India.

## Requirements
- Dependency Pinning must follow the current approved policy and ownership model. - Operational evidence for dependency pinning should be retained according to the applicable retention schedule. - Exceptions involving dependency pinning require documented approval from the responsible owner. - Teams should use standard tooling and published procedures when working with dependency pinning.

## Controls
Changes affecting production require peer review, traceable evidence, and rollback instructions.

## Procedure
1. Confirm that the request concerns dependency pinning.
2. Verify the relevant owner, country, environment, and current version.
3. Follow the approved workflow and capture evidence.
4. Escalate unresolved or exceptional cases to Frontend Platform.

## Validation
If the procedure does not resolve the issue, escalate to the listed owner team with timestamps, identifiers, and evidence.

## Version
Version 3.2. Status: ACTIVE.",Software Engineering,Cloud & Security,Python Backend,dependency pinning,api_guide,Frontend Platform,Frontend Platform,IN,India,en,"[""dependency-pinning"", ""eng"", ""python-backend"", ""software-engineering""]","[""Python Backend"", ""dependency pinning"", ""dependency-pinning"", ""eng"", ""python-backend"", ""software-engineering""]",CONFIDENTIAL,"[""tech_lead"", ""architect""]","[""Software Engineering""]",hr_portal,synthetic://software-engineering/ENG-000047,3.2,2023-03-20,2024-06-07,2023-05-16,,ACTIVE,True,Synthetic dataset generated for research/demo use,VALIDATED,,9ed5f9b8396e
ENG-000048,ENG-FRONTEND-00032,,Design Tokens — Singapore,"# Design Tokens — Singapore

## Purpose
The standard exists to reduce inconsistent implementation, avoid repeated support effort, and provide an auditable source of truth.

## Scope
Archived versions remain available for audit purposes but must not be used for new decisions. This version applies to Singapore.

## Requirements
- Design Tokens must follow the current approved policy and ownership model. - Operational evidence for design tokens should be retained according to the applicable retention schedule. - Exceptions involving design tokens require documented approval from the responsible owner. - Teams should use standard tooling and published procedures when working with design tokens.

## Controls
Sensitive information must follow the organisation's classification and least-privilege requirements.

## Procedure
1. Confirm that the request concerns design tokens.
2. Verify the relevant owner, country, environment, and current version.
3. Follow the approved workflow and capture evidence.
4. Escalate unresolved or exceptional cases to Frontend Platform.

## Validation
Do not bypass required controls simply to shorten resolution time.

## Version
Version 1.3. Status: ACTIVE.",Software Engineering,Cloud & Security,Frontend,design tokens,migration_guide,Frontend Platform,Frontend Platform,SG,Singapore,en,"[""design-tokens"", ""eng"", ""frontend"", ""software-engineering""]","[""Frontend"", ""design tokens"", ""design-tokens"", ""eng"", ""frontend"", ""software-engineering""]",INTERNAL,"[""employee"", ""engineer"", ""tech_lead"", ""architect""]",[],hr_portal,synthetic://software-engineering/ENG-000048,1.3,2023-07-17,2024-08-25,2023-08-30,,ACTIVE,True,Synthetic dataset generated for research/demo use,VALIDATED,,966d8a9688b2
ENG-000049,ENG-APIS-00033,,Idempotency — United States,"# Idempotency — United States

## Purpose
The standard exists to reduce inconsistent implementation, avoid repeated support effort, and provide an auditable source of truth.

## Scope
Country-specific and role-specific exceptions override the global baseline only when explicitly documented. This version applies to United States.

## Requirements
- Idempotency must follow the current approved policy and ownership model. - Operational evidence for idempotency should be retained according to the applicable retention schedule. - Exceptions involving idempotency require documented approval from the responsible owner. - Teams should use standard tooling and published procedures when working with idempotency.

## Controls
Changes affecting production require peer review, traceable evidence, and rollback instructions.

## Procedure
1. Confirm that the request concerns idempotency.
2. Verify the relevant owner, country, environment, and current version.
3. Follow the approved workflow and capture evidence.
4. Escalate unresolved or exceptional cases to Backend Platform.

## Validation
If the procedure does not resolve the issue, escalate to the listed owner team with timestamps, identifiers, and evidence.

## Version
Version 1.2. Status: ACTIVE.",Software Engineering,Cloud & Security,APIs,idempotency,known_issue,Backend Platform,Backend Platform,US,United States,en,"[""apis"", ""eng"", ""idempotency"", ""software-engineering""]","[""APIs"", ""apis"", ""eng"", ""idempotency"", ""software-engineering""]",INTERNAL,"[""employee"", ""engineer"", ""tech_lead"", ""architect""]",[],github,synthetic://software-engineering/ENG-000049,1.2,2023-09-15,2024-02-08,2023-10-10,,ACTIVE,True,Synthetic dataset generated for research/demo use,VALIDATED,,0a83acbfca8e
ENG-000050,ENG-APIS-00034,,Rate Limiting — Global,"# Rate Limiting — Global

## Purpose
This document defines the approved operating model for rate limiting within Northstar Digital Services.

## Scope
Archived versions remain available for audit purposes but must not be used for new decisions. This version is the global baseline; country-specific documents may impose additional requirements.

## Requirements
- Rate Limiting must follow the current approved policy and ownership model. - Operational evidence for rate limiting should be retained according to the applicable retention schedule. - Exceptions involving rate limiting require documented approval from the responsible owner. - Teams should use standard tooling and published procedures when working with rate limiting.

## Controls
Changes affecting production require peer review, traceable evidence, and rollback instructions.

## Procedure
1. Confirm that the request concerns rate limiting.
2. Verify the relevant owner, country, environment, and current version.
3. Follow the approved workflow and capture evidence.
4. Escalate unresolved or exceptional cases to Architecture Guild.

## Validation
If the procedure does not resolve the issue, escalate to the listed owner team with timestamps, identifiers, and evidence.

## Version
Version 1.0. Status: ACTIVE.",Software Engineering,Shared Services,APIs,rate limiting,known_issue,Architecture Guild,Architecture Guild,GLOBAL,Global,en,"[""apis"", ""eng"", ""rate-limiting"", ""software-engineering""]","[""APIs"", ""apis"", ""eng"", ""rate limiting"", ""rate-limiting"", ""software-engineering""]",INTERNAL,"[""employee"", ""engineer"", ""tech_lead"", ""architect""]",[],confluence,synthetic://software-engineering/ENG-000050,1.0,2023-01-11,2024-10-11,2023-01-23,,ACTIVE,True,Synthetic dataset generated for research/demo use,VALIDATED,,3ba370353d60
ENG-000051,ENG-FRONTEND-00035,,State Management — Global,"# State Management — Global

## Purpose
Teams must apply this guidance when working with state management in production or employee-facing environments.

## Scope
Archived versions remain available for audit purposes but must not be used for new decisions. This version is the global baseline; country-specific documents may impose additional requirements.

## Requirements
- State Management must follow the current approved policy and ownership model. - Operational evidence for state management should be retained according to the applicable retention schedule. - Exceptions involving state management require documented approval from the responsible owner. - Teams should use standard tooling and published procedures when working with state management.

## Controls
Sensitive information must follow the organisation's classification and least-privilege requirements.

## Procedure
1. Confirm that the request concerns state management.
2. Verify the relevant owner, country, environment, and current version.
3. Follow the approved workflow and capture evidence.
4. Escalate unresolved or exceptional cases to Frontend Platform.

## Validation
Verify the current document version before acting.

## Version
Version 1.0. Status: ACTIVE.",Software Engineering,Corporate Functions,Frontend,state management,migration_guide,Frontend Platform,Frontend Platform,GLOBAL,Global,en,"[""eng"", ""frontend"", ""software-engineering"", ""state-management""]","[""Frontend"", ""eng"", ""frontend"", ""software-engineering"", ""state management"", ""state-management""]",INTERNAL,"[""employee"", ""engineer"", ""tech_lead"", ""architect""]",[],confluence,synthetic://software-engineering/ENG-000051,1.0,2026-08-30,2026-09-23,2026-09-23,,ACTIVE,True,Synthetic dataset generated for research/demo use,VALIDATED,,cac5c4697cc2
ENG-000052,ENG-JAVA-SER-00036,,Jvm Tuning — Global,"# Jvm Tuning — Global

## Purpose
The standard exists to reduce inconsistent implementation, avoid repeated support effort, and provide an auditable source of truth.

## Scope
It applies to employees, contractors, and managed service teams where the stated scope is relevant. This version is the global baseline; country-specific documents may impose additional requirements.

## Requirements
- Jvm Tuning must follow the current approved policy and ownership model. - Operational evidence for JVM tuning should be retained according to the applicable retention schedule. - Exceptions involving JVM tuning require documented approval from the responsible owner. - Teams should use standard tooling and published procedures when working with JVM tuning.

## Controls
Requests requiring elevated access must be approved by the designated owner and recorded in the enterprise service system.

## Procedure
1. Confirm that the request concerns JVM tuning.
2. Verify the relevant owner, country, environment, and current version.
3. Follow the approved workflow and capture evidence.
4. Escalate unresolved or exceptional cases to Architecture Guild.

## Validation
If the procedure does not resolve the issue, escalate to the listed owner team with timestamps, identifiers, and evidence.

## Version
Version 1.1. Status: ACTIVE.",Software Engineering,Corporate Functions,Java Services,JVM tuning,architecture_decision_record,Architecture Guild,Architecture Guild,GLOBAL,Global,en,"[""eng"", ""java-services"", ""jvm-tuning"", ""software-engineering""]","[""JVM tuning"", ""Java Services"", ""eng"", ""java-services"", ""jvm-tuning"", ""software-engineering""]",INTERNAL,"[""employee"", ""engineer"", ""tech_lead"", ""architect""]",[],servicenow,synthetic://software-engineering/ENG-000052,1.1,2025-12-29,2026-09-23,2026-02-18,,ACTIVE,True,Synthetic dataset generated for research/demo use,VALIDATED,,e0623169fdab
ENG-000053,ENG-APIS-00037,,Idempotency — Global,"# Idempotency — Global

## Purpose
Teams must apply this guidance when working with idempotency in production or employee-facing environments.

## Scope
Country-specific and role-specific exceptions override the global baseline only when explicitly documented. This version is the global baseline; country-specific documents may impose additional requirements.

## Requirements
- Idempotency must follow the current approved policy and ownership model. - Operational evidence for idempotency should be retained according to the applicable retention schedule. - Exceptions involving idempotency require documented approval from the responsible owner. - Teams should use standard tooling and published procedures when working with idempotency.

## Controls
Sensitive information must follow the organisation's classification and least-privilege requirements.

## Procedure
1. Confirm that the request concerns idempotency.
2. Verify the relevant owner, country, environment, and current version.
3. Follow the approved workflow and capture evidence.
4. Escalate unresolved or exceptional cases to Backend Platform.

## Validation
Verify the current document version before acting.

## Version
Version 1.1. Status: ACTIVE.",Software Engineering,Digital Delivery,APIs,idempotency,technical_standard,Backend Platform,Backend Platform,GLOBAL,Global,en,"[""apis"", ""eng"", ""idempotency"", ""software-engineering""]","[""APIs"", ""apis"", ""eng"", ""idempotency"", ""software-engineering""]",INTERNAL,"[""employee"", ""engineer"", ""tech_lead"", ""architect""]",[],github,synthetic://software-engineering/ENG-000053,1.1,2023-06-25,2024-12-31,2023-07-29,,ACTIVE,True,Synthetic dataset generated for research/demo use,VALIDATED,,7ad908045b04
ENG-000054,ENG-MESSAGIN-00038,,Dead-Letter Queues — Global,"# Dead-Letter Queues — Global

## Purpose
The standard exists to reduce inconsistent implementation, avoid repeated support effort, and provide an auditable source of truth.

## Scope
Archived versions remain available for audit purposes but must not be used for new decisions. This version is the global baseline; country-specific documents may impose additional requirements.

## Requirements
- Dead-Letter Queues must follow the current approved policy and ownership model. - Operational evidence for dead-letter queues should be retained according to the applicable retention schedule. - Exceptions involving dead-letter queues require documented approval from the responsible owner. - Teams should use standard tooling and published procedures when working with dead-letter queues.

## Controls
Changes affecting production require peer review, traceable evidence, and rollback instructions.

## Procedure
1. Confirm that the request concerns dead-letter queues.
2. Verify the relevant owner, country, environment, and current version.
3. Follow the approved workflow and capture evidence.
4. Escalate unresolved or exceptional cases to Backend Platform.

## Validation
If the procedure does not resolve the issue, escalate to the listed owner team with timestamps, identifiers, and evidence.

## Version
Version 1.3. Status: ACTIVE.",Software Engineering,Digital Delivery,Messaging,dead-letter queues,api_guide,Backend Platform,Backend Platform,GLOBAL,Global,en,"[""dead-letter-queues"", ""eng"", ""messaging"", ""software-engineering""]","[""Messaging"", ""dead-letter queues"", ""dead-letter-queues"", ""eng"", ""messaging"", ""software-engineering""]",INTERNAL,"[""employee"", ""engineer"", ""tech_lead"", ""architect""]",[],servicenow,synthetic://software-engineering/ENG-000054,1.3,2024-03-03,2025-06-08,2024-03-07,,ACTIVE,True,Synthetic dataset generated for research/demo use,VALIDATED,,1743e4465f3f
ENG-000055,ENG-JAVA-SER-00039,,Java Runtime — United Kingdom,"# Java Runtime — United Kingdom

## Purpose
Teams must apply this guidance when working with Java runtime in production or employee-facing environments.

## Scope
Archived versions remain available for audit purposes but must not be used for new decisions. This version applies to United Kingdom.

## Requirements
- Java Runtime must follow the current approved policy and ownership model. - Operational evidence for Java runtime should be retained according to the applicable retention schedule. - Exceptions involving Java runtime require documented approval from the responsible owner. - Teams should use standard tooling and published procedures when working with Java runtime.

## Controls
Requests requiring elevated access must be approved by the designated owner and recorded in the enterprise service system.

## Procedure
1. Confirm that the request concerns Java runtime.
2. Verify the relevant owner, country, environment, and current version.
3. Follow the approved workflow and capture evidence.
4. Escalate unresolved or exceptional cases to Backend Platform.

## Validation
Verify the current document version before acting.

## Version
Version 1.2. Status: ACTIVE.",Software Engineering,Shared Services,Java Services,Java runtime,coding_standard,Backend Platform,Backend Platform,UK,United Kingdom,en,"[""eng"", ""java-runtime"", ""java-services"", ""software-engineering""]","[""Java Services"", ""Java runtime"", ""eng"", ""java-runtime"", ""java-services"", ""software-engineering""]",INTERNAL,"[""employee"", ""engineer"", ""tech_lead"", ""architect""]",[],hr_portal,synthetic://software-engineering/ENG-000055,1.2,2025-01-08,2026-03-03,2025-02-11,,ACTIVE,True,Synthetic dataset generated for research/demo use,VALIDATED,,c0bfbf14fe3f
ENG-000056,ENG-JAVA-SER-00040,,Dependency Management — Singapore,"# Dependency Management — Singapore

## Purpose
This document defines the approved operating model for dependency management within Northstar Digital Services.

## Scope
It applies to employees, contractors, and managed service teams where the stated scope is relevant. This version applies to Singapore.

## Requirements
- Dependency Management must follow the current approved policy and ownership model. - Operational evidence for dependency management should be retained according to the applicable retention schedule. - Exceptions involving dependency management require documented approval from the responsible owner. - Teams should use standard tooling and published procedures when working with dependency management.

## Controls
Sensitive information must follow the organisation's classification and least-privilege requirements.

## Procedure
1. Confirm that the request concerns dependency management.
2. Verify the relevant owner, country, environment, and current version.
3. Follow the approved workflow and capture evidence.
4. Escalate unresolved or exceptional cases to Backend Platform.

## Validation
Verify the current document version before acting.

## Version
Version 1.0. Status: ACTIVE.",Software Engineering,Digital Delivery,Java Services,dependency management,migration_guide,Backend Platform,Backend Platform,SG,Singapore,en,"[""dependency-management"", ""eng"", ""java-services"", ""software-engineering""]","[""Java Services"", ""dependency management"", ""dependency-management"", ""eng"", ""java-services"", ""software-engineering""]",INTERNAL,"[""employee"", ""engineer"", ""tech_lead"", ""architect""]",[],servicenow,synthetic://software-engineering/ENG-000056,1.0,2023-07-07,2024-07-19,2023-08-29,,ACTIVE,True,Synthetic dataset generated for research/demo use,VALIDATED,,e1ae213dd7f5
ENG-000057,ENG-MESSAGIN-00041,,Schema Evolution — Australia,"# Schema Evolution — Australia

## Purpose
Teams must apply this guidance when working with schema evolution in production or employee-facing environments.

## Scope
Archived versions remain available for audit purposes but must not be used for new decisions. This version applies to Australia.

## Requirements
- Schema Evolution must follow the current approved policy and ownership model. - Operational evidence for schema evolution should be retained according to the applicable retention schedule. - Exceptions involving schema evolution require documented approval from the responsible owner. - Teams should use standard tooling and published procedures when working with schema evolution.

## Controls
Requests requiring elevated access must be approved by the designated owner and recorded in the enterprise service system.

## Procedure
1. Confirm that the request concerns schema evolution.
2. Verify the relevant owner, country, environment, and current version.
3. Follow the approved workflow and capture evidence.
4. Escalate unresolved or exceptional cases to Data Platform.

## Validation
Do not bypass required controls simply to shorten resolution time.

## Version
Version 1.1. Status: ACTIVE.",Software Engineering,Shared Services,Messaging,schema evolution,known_issue,Data Platform,Data Platform,AU,Australia,en,"[""eng"", ""messaging"", ""schema-evolution"", ""software-engineering""]","[""Messaging"", ""eng"", ""messaging"", ""schema evolution"", ""schema-evolution"", ""software-engineering""]",INTERNAL,"[""employee"", ""engineer"", ""tech_lead"", ""architect""]",[],sharepoint,synthetic://software-engineering/ENG-000057,1.1,2025-03-08,2026-09-23,2025-03-20,,ACTIVE,True,Synthetic dataset generated for research/demo use,VALIDATED,,f4447120d221
ENG-000058,ENG-TESTING-00042,,Test Data — Global,"# Test Data — Global

## Purpose
This document defines the approved operating model for test data within Northstar Digital Services.

## Scope
Archived versions remain available for audit purposes but must not be used for new decisions. This version is the global baseline; country-specific documents may impose additional requirements.

## Requirements
- Test Data must follow the current approved policy and ownership model. - Operational evidence for test data should be retained according to the applicable retention schedule. - Exceptions involving test data require documented approval from the responsible owner. - Teams should use standard tooling and published procedures when working with test data.

## Controls
Sensitive information must follow the organisation's classification and least-privilege requirements.

## Procedure
1. Confirm that the request concerns test data.
2. Verify the relevant owner, country, environment, and current version.
3. Follow the approved workflow and capture evidence.
4. Escalate unresolved or exceptional cases to Backend Platform.

## Validation
If the procedure does not resolve the issue, escalate to the listed owner team with timestamps, identifiers, and evidence.

## Version
Version 1.4. Status: ACTIVE.",Software Engineering,Digital Delivery,Testing,test data,technical_standard,Backend Platform,Backend Platform,GLOBAL,Global,en,"[""eng"", ""software-engineering"", ""test-data"", ""testing""]","[""Testing"", ""eng"", ""software-engineering"", ""test data"", ""test-data"", ""testing""]",INTERNAL,"[""employee"", ""engineer"", ""tech_lead"", ""architect""]",[],confluence,synthetic://software-engineering/ENG-000058,1.4,2023-01-01,2024-11-23,2023-02-09,,ACTIVE,True,Synthetic dataset generated for research/demo use,VALIDATED,,ab4c32c602d7
ENG-000059,ENG-FRONTEND-00043,,State Management — Global,"# State Management — Global

## Purpose
Teams must apply this guidance when working with state management in production or employee-facing environments.

## Scope
It applies to employees, contractors, and managed service teams where the stated scope is relevant. This version is the global baseline; country-specific documents may impose additional requirements.

## Requirements
- State Management must follow the current approved policy and ownership model. - Operational evidence for state management should be retained according to the applicable retention schedule. - Exceptions involving state management require documented approval from the responsible owner. - Teams should use standard tooling and published procedures when working with state management.

## Controls
Sensitive information must follow the organisation's classification and least-privilege requirements.

## Procedure
1. Confirm that the request concerns state management.
2. Verify the relevant owner, country, environment, and current version.
3. Follow the approved workflow and capture evidence.
4. Escalate unresolved or exceptional cases to Backend Platform.

## Validation
If the procedure does not resolve the issue, escalate to the listed owner team with timestamps, identifiers, and evidence.

## Version
Version 1.3. Status: ACTIVE.",Software Engineering,Shared Services,Frontend,state management,migration_guide,Backend Platform,Backend Platform,GLOBAL,Global,en,"[""eng"", ""frontend"", ""software-engineering"", ""state-management""]","[""Frontend"", ""eng"", ""frontend"", ""software-engineering"", ""state management"", ""state-management""]",INTERNAL,"[""employee"", ""engineer"", ""tech_lead"", ""architect""]",[],hr_portal,synthetic://software-engineering/ENG-000059,1.3,2024-05-31,2025-12-18,2024-06-16,,ACTIVE,True,Synthetic dataset generated for research/demo use,VALIDATED,,deae545103d0
ENG-000060,ENG-MESSAGIN-00044,,Exactly-Once Semantics — Global,"# Exactly-Once Semantics — Global

## Purpose
Teams must apply this guidance when working with exactly-once semantics in production or employee-facing environments.

## Scope
Country-specific and role-specific exceptions override the global baseline only when explicitly documented. This version is the global baseline; country-specific documents may impose additional requirements.

## Requirements
- Exactly-Once Semantics must follow the current approved policy and ownership model. - Operational evidence for exactly-once semantics should be retained according to the applicable retention schedule. - Exceptions involving exactly-once semantics require documented approval from the responsible owner. - Teams should use standard tooling and published procedures when working with exactly-once semantics.

## Controls
Sensitive information must follow the organisation's classification and least-privilege requirements.

## Procedure
1. Confirm that the request concerns exactly-once semantics.
2. Verify the relevant owner, country, environment, and current version.
3. Follow the approved workflow and capture evidence.
4. Escalate unresolved or exceptional cases to Backend Platform.

## Validation
If the procedure does not resolve the issue, escalate to the listed owner team with timestamps, identifiers, and evidence.

## Version
Version 1.2. Status: DRAFT.  This document is a draft and must not be treated as an approved source of policy.",Software Engineering,Corporate Functions,Messaging,exactly-once semantics,design_note,Backend Platform,Backend Platform,GLOBAL,Global,en,"[""eng"", ""exactly-once-semantics"", ""messaging"", ""software-engineering""]","[""Messaging"", ""eng"", ""exactly-once semantics"", ""exactly-once-semantics"", ""messaging"", ""software-engineering""]",EMPLOYEE,"[""employee"", ""engineer"", ""tech_lead"", ""architect""]",[],confluence,synthetic://software-engineering/ENG-000060,1.2,2023-01-01,2024-10-29,2023-01-19,2024-09-19,DRAFT,True,Synthetic dataset generated for research/demo use,VALIDATED,,3a93a8c47069
ENG-000061,ENG-JAVA-SER-00045,,Jvm Tuning — Global,"# Jvm Tuning — Global

## Purpose
This document defines the approved operating model for JVM tuning within Northstar Digital Services.

## Scope
Archived versions remain available for audit purposes but must not be used for new decisions. This version is the global baseline; country-specific documents may impose additional requirements.

## Requirements
- Jvm Tuning must follow the current approved policy and ownership model. - Operational evidence for JVM tuning should be retained according to the applicable retention schedule. - Exceptions involving JVM tuning require documented approval from the responsible owner. - Teams should use standard tooling and published procedures when working with JVM tuning.

## Controls
Requests requiring elevated access must be approved by the designated owner and recorded in the enterprise service system.

## Procedure
1. Confirm that the request concerns JVM tuning.
2. Verify the relevant owner, country, environment, and current version.
3. Follow the approved workflow and capture evidence.
4. Escalate unresolved or exceptional cases to Data Platform.

## Validation
Do not bypass required controls simply to shorten resolution time.

## Version
Version 1.0. Status: DRAFT.  This document is a draft and must not be treated as an approved source of policy.",Software Engineering,Cloud & Security,Java Services,JVM tuning,coding_standard,Data Platform,Data Platform,GLOBAL,Global,en,"[""eng"", ""java-services"", ""jvm-tuning"", ""software-engineering""]","[""JVM tuning"", ""Java Services"", ""eng"", ""java-services"", ""jvm-tuning"", ""software-engineering""]",INTERNAL,"[""employee"", ""engineer"", ""tech_lead"", ""architect""]",[],hr_portal,synthetic://software-engineering/ENG-000061,1.0,2025-08-12,2025-12-22,2025-08-28,2028-01-14,DRAFT,True,Synthetic dataset generated for research/demo use,VALIDATED,,43918233dc47
ENG-000062,ENG-APIS-00046,,Openapi Contracts — United Kingdom,"# Openapi Contracts — United Kingdom

## Purpose
Teams must apply this guidance when working with OpenAPI contracts in production or employee-facing environments.

## Scope
Archived versions remain available for audit purposes but must not be used for new decisions. This version applies to United Kingdom.

## Requirements
- Openapi Contracts must follow the current approved policy and ownership model. - Operational evidence for OpenAPI contracts should be retained according to the applicable retention schedule. - Exceptions involving OpenAPI contracts require documented approval from the responsible owner. - Teams should use standard tooling and published procedures when working with OpenAPI contracts.

## Controls
Changes affecting production require peer review, traceable evidence, and rollback instructions.

## Procedure
1. Confirm that the request concerns OpenAPI contracts.
2. Verify the relevant owner, country, environment, and current version.
3. Follow the approved workflow and capture evidence.
4. Escalate unresolved or exceptional cases to Architecture Guild.

## Validation
Verify the current document version before acting.

## Version
Version 1.3. Status: ACTIVE.",Software Engineering,Digital Delivery,APIs,OpenAPI contracts,api_guide,Architecture Guild,Architecture Guild,UK,United Kingdom,en,"[""apis"", ""eng"", ""openapi-contracts"", ""software-engineering""]","[""APIs"", ""OpenAPI contracts"", ""apis"", ""eng"", ""openapi-contracts"", ""software-engineering""]",INTERNAL,"[""employee"", ""engineer"", ""tech_lead"", ""architect""]",[],google_drive,synthetic://software-engineering/ENG-000062,1.3,2023-05-11,2023-12-08,2023-07-06,,ACTIVE,True,Synthetic dataset generated for research/demo use,VALIDATED,,6f325faad25a
ENG-000063,ENG-MESSAGIN-00047,,Consumer Retries — Singapore,"# Consumer Retries — Singapore

## Purpose
The standard exists to reduce inconsistent implementation, avoid repeated support effort, and provide an auditable source of truth.

## Scope
Country-specific and role-specific exceptions override the global baseline only when explicitly documented. This version applies to Singapore.

## Requirements
- Consumer Retries must follow the current approved policy and ownership model. - Operational evidence for consumer retries should be retained according to the applicable retention schedule. - Exceptions involving consumer retries require documented approval from the responsible owner. - Teams should use standard tooling and published procedures when working with consumer retries.

## Controls
Requests requiring elevated access must be approved by the designated owner and recorded in the enterprise service system.

## Procedure
1. Confirm that the request concerns consumer retries.
2. Verify the relevant owner, country, environment, and current version.
3. Follow the approved workflow and capture evidence.
4. Escalate unresolved or exceptional cases to Developer Experience.

## Validation
Verify the current document version before acting.

## Version
Version 1.1. Status: ACTIVE.",Software Engineering,Corporate Functions,Messaging,consumer retries,api_guide,Developer Experience,Developer Experience,SG,Singapore,en,"[""consumer-retries"", ""eng"", ""messaging"", ""software-engineering""]","[""Messaging"", ""consumer retries"", ""consumer-retries"", ""eng"", ""messaging"", ""software-engineering""]",INTERNAL,"[""employee"", ""engineer"", ""tech_lead"", ""architect""]",[],google_drive,synthetic://software-engineering/ENG-000063,1.1,2023-10-23,2025-01-23,2023-11-09,,ACTIVE,True,Synthetic dataset generated for research/demo use,VALIDATED,,51203fdd2306
ENG-000064,ENG-ARCHITEC-00048,,Backpressure — Global,"# Backpressure — Global

## Purpose
This document defines the approved operating model for backpressure within Northstar Digital Services.

## Scope
It applies to employees, contractors, and managed service teams where the stated scope is relevant. This version is the global baseline; country-specific documents may impose additional requirements.

## Requirements
- Backpressure must follow the current approved policy and ownership model. - Operational evidence for backpressure should be retained according to the applicable retention schedule. - Exceptions involving backpressure require documented approval from the responsible owner. - Teams should use standard tooling and published procedures when working with backpressure.

## Controls
Changes affecting production require peer review, traceable evidence, and rollback instructions.

## Procedure
1. Confirm that the request concerns backpressure.
2. Verify the relevant owner, country, environment, and current version.
3. Follow the approved workflow and capture evidence.
4. Escalate unresolved or exceptional cases to Data Platform.

## Validation
Verify the current document version before acting.

## Version
Version 1.1. Status: ACTIVE.",Software Engineering,Cloud & Security,Architecture,backpressure,known_issue,Data Platform,Data Platform,GLOBAL,Global,en,"[""architecture"", ""backpressure"", ""eng"", ""software-engineering""]","[""Architecture"", ""architecture"", ""backpressure"", ""eng"", ""software-engineering""]",INTERNAL,"[""employee"", ""engineer"", ""tech_lead"", ""architect""]",[],google_drive,synthetic://software-engineering/ENG-000064,1.1,2024-05-20,2024-11-19,2024-07-09,,ACTIVE,True,Synthetic dataset generated for research/demo use,VALIDATED,,af37fa49ec7c
ENG-000065,ENG-TESTING-00049,,Unit Testing — Global,"# Unit Testing — Global

## Purpose
Teams must apply this guidance when working with unit testing in production or employee-facing environments.

## Scope
Country-specific and role-specific exceptions override the global baseline only when explicitly documented. This version is the global baseline; country-specific documents may impose additional requirements.

## Requirements
- Unit Testing must follow the current approved policy and ownership model. - Operational evidence for unit testing should be retained according to the applicable retention schedule. - Exceptions involving unit testing require documented approval from the responsible owner. - Teams should use standard tooling and published procedures when working with unit testing.

## Controls
Requests requiring elevated access must be approved by the designated owner and recorded in the enterprise service system.

## Procedure
1. Confirm that the request concerns unit testing.
2. Verify the relevant owner, country, environment, and current version.
3. Follow the approved workflow and capture evidence.
4. Escalate unresolved or exceptional cases to Architecture Guild.

## Validation
If the procedure does not resolve the issue, escalate to the listed owner team with timestamps, identifiers, and evidence.

## Version
Version 1.4. Status: ACTIVE.",Software Engineering,Shared Services,Testing,unit testing,api_guide,Architecture Guild,Architecture Guild,GLOBAL,Global,en,"[""eng"", ""software-engineering"", ""testing"", ""unit-testing""]","[""Testing"", ""eng"", ""software-engineering"", ""testing"", ""unit testing"", ""unit-testing""]",INTERNAL,"[""employee"", ""engineer"", ""tech_lead"", ""architect""]",[],hr_portal,synthetic://software-engineering/ENG-000065,1.4,2023-05-11,2024-04-16,2023-06-20,,ACTIVE,True,Synthetic dataset generated for research/demo use,VALIDATED,,ae74d22fb16e
ENG-000066,ENG-ARCHITEC-00050,,Adr Process — Global v1.3,"# Adr Process — Global v1.3

## Purpose
This document defines the approved operating model for ADR process within Northstar Digital Services.

## Scope
Country-specific and role-specific exceptions override the global baseline only when explicitly documented. This version is the global baseline; country-specific documents may impose additional requirements.

## Requirements
- Adr Process must follow the current approved policy and ownership model. - Operational evidence for ADR process should be retained according to the applicable retention schedule. - Exceptions involving ADR process require documented approval from the responsible owner. - Teams should use standard tooling and published procedures when working with ADR process.

## Controls
Requests requiring elevated access must be approved by the designated owner and recorded in the enterprise service system.

## Procedure
1. Confirm that the request concerns ADR process.
2. Verify the relevant owner, country, environment, and current version.
3. Follow the approved workflow and capture evidence.
4. Escalate unresolved or exceptional cases to Architecture Guild.

## Validation
Do not bypass required controls simply to shorten resolution time.

## Version
Version 1.3. Status: ARCHIVED. This document is archived and retained only for historical reference.",Software Engineering,Shared Services,Architecture,ADR process,architecture_decision_record,Architecture Guild,Architecture Guild,GLOBAL,Global,en,"[""adr-process"", ""architecture"", ""eng"", ""software-engineering""]","[""ADR process"", ""Architecture"", ""adr-process"", ""architecture"", ""eng"", ""software-engineering""]",INTERNAL,"[""employee"", ""engineer"", ""tech_lead"", ""architect""]",[],confluence,synthetic://software-engineering/ENG-000066,1.3,2025-04-07,2025-09-11,2025-06-06,,ARCHIVED,True,Synthetic dataset generated for research/demo use,VALIDATED,,ba8d51e5e9e6
ENG-000067,ENG-ARCHITEC-00050,ENG-000066,Adr Process — Global v2.4,"# Adr Process — Global v2.4

## Purpose
The standard exists to reduce inconsistent implementation, avoid repeated support effort, and provide an auditable source of truth.

## Scope
Country-specific and role-specific exceptions override the global baseline only when explicitly documented. This version is the global baseline; country-specific documents may impose additional requirements.

## Requirements
- Adr Process must follow the current approved policy and ownership model. - Operational evidence for ADR process should be retained according to the applicable retention schedule. - Exceptions involving ADR process require documented approval from the responsible owner. - Teams should use standard tooling and published procedures when working with ADR process.

## Controls
Requests requiring elevated access must be approved by the designated owner and recorded in the enterprise service system.

## Procedure
1. Confirm that the request concerns ADR process.
2. Verify the relevant owner, country, environment, and current version.
3. Follow the approved workflow and capture evidence.
4. Escalate unresolved or exceptional cases to Architecture Guild.

## Validation
If the procedure does not resolve the issue, escalate to the listed owner team with timestamps, identifiers, and evidence.

## Version
Version 2.4. Status: ARCHIVED. This document is archived and retained only for historical reference.",Software Engineering,Corporate Functions,Architecture,ADR process,architecture_decision_record,Architecture Guild,Architecture Guild,GLOBAL,Global,en,"[""adr-process"", ""architecture"", ""eng"", ""software-engineering""]","[""ADR process"", ""Architecture"", ""adr-process"", ""architecture"", ""eng"", ""software-engineering""]",INTERNAL,"[""employee"", ""engineer"", ""tech_lead"", ""architect""]",[],servicenow,synthetic://software-engineering/ENG-000067,2.4,2024-05-22,2024-08-01,2024-06-03,,ARCHIVED,True,Synthetic dataset generated for research/demo use,VALIDATED,,0de7dca972c9
ENG-000068,ENG-ARCHITEC-00050,ENG-000067,Adr Process — Global v3.2,"# Adr Process — Global v3.2

## Purpose
The standard exists to reduce inconsistent implementation, avoid repeated support effort, and provide an auditable source of truth.

## Scope
Archived versions remain available for audit purposes but must not be used for new decisions. This version is the global baseline; country-specific documents may impose additional requirements.

## Requirements
- Adr Process must follow the current approved policy and ownership model. - Operational evidence for ADR process should be retained according to the applicable retention schedule. - Exceptions involving ADR process require documented approval from the responsible owner. - Teams should use standard tooling and published procedures when working with ADR process.

## Controls
Changes affecting production require peer review, traceable evidence, and rollback instructions.

## Procedure
1. Confirm that the request concerns ADR process.
2. Verify the relevant owner, country, environment, and current version.
3. Follow the approved workflow and capture evidence.
4. Escalate unresolved or exceptional cases to Architecture Guild.

## Validation
If the procedure does not resolve the issue, escalate to the listed owner team with timestamps, identifiers, and evidence.

## Version
Version 3.2. Status: ACTIVE.",Software Engineering,Enterprise Platforms,Architecture,ADR process,architecture_decision_record,Architecture Guild,Architecture Guild,GLOBAL,Global,en,"[""adr-process"", ""architecture"", ""eng"", ""software-engineering""]","[""ADR process"", ""Architecture"", ""adr-process"", ""architecture"", ""eng"", ""software-engineering""]",EMPLOYEE,"[""employee"", ""engineer"", ""tech_lead"", ""architect""]",[],confluence,synthetic://software-engineering/ENG-000068,3.2,2024-02-26,2026-01-03,2024-04-02,,ACTIVE,True,Synthetic dataset generated for research/demo use,VALIDATED,,9d51ad216208
ENG-000069,ENG-ARCHITEC-00051,,Monolith Decomposition — Global,"# Monolith Decomposition — Global

## Purpose
This document defines the approved operating model for monolith decomposition within Northstar Digital Services.

## Scope
Archived versions remain available for audit purposes but must not be used for new decisions. This version is the global baseline; country-specific documents may impose additional requirements.

## Requirements
- Monolith Decomposition must follow the current approved policy and ownership model. - Operational evidence for monolith decomposition should be retained according to the applicable retention schedule. - Exceptions involving monolith decomposition require documented approval from the responsible owner. - Teams should use standard tooling and published procedures when working with monolith decomposition.

## Controls
Changes affecting production require peer review, traceable evidence, and rollback instructions.

## Procedure
1. Confirm that the request concerns monolith decomposition.
2. Verify the relevant owner, country, environment, and current version.
3. Follow the approved workflow and capture evidence.
4. Escalate unresolved or exceptional cases to Frontend Platform.

## Validation
If the procedure does not resolve the issue, escalate to the listed owner team with timestamps, identifiers, and evidence.

## Version
Version 1.3. Status: ACTIVE.",Software Engineering,Cloud & Security,Architecture,monolith decomposition,migration_guide,Frontend Platform,Frontend Platform,GLOBAL,Global,en,"[""architecture"", ""eng"", ""monolith-decomposition"", ""software-engineering""]","[""Architecture"", ""architecture"", ""eng"", ""monolith decomposition"", ""monolith-decomposition"", ""software-engineering""]",INTERNAL,"[""employee"", ""engineer"", ""tech_lead"", ""architect""]",[],confluence,synthetic://software-engineering/ENG-000069,1.3,2026-05-15,2026-07-09,2026-06-07,,ACTIVE,True,Synthetic dataset generated for research/demo use,VALIDATED,,a5aa72a8a922
ENG-000070,ENG-FRONTEND-00052,,Performance Budgets — Australia,"# Performance Budgets — Australia

## Purpose
Teams must apply this guidance when working with performance budgets in production or employee-facing environments.

## Scope
Country-specific and role-specific exceptions override the global baseline only when explicitly documented. This version applies to Australia.

## Requirements
- Performance Budgets must follow the current approved policy and ownership model. - Operational evidence for performance budgets should be retained according to the applicable retention schedule. - Exceptions involving performance budgets require documented approval from the responsible owner. - Teams should use standard tooling and published procedures when working with performance budgets.

## Controls
Changes affecting production require peer review, traceable evidence, and rollback instructions.

## Procedure
1. Confirm that the request concerns performance budgets.
2. Verify the relevant owner, country, environment, and current version.
3. Follow the approved workflow and capture evidence.
4. Escalate unresolved or exceptional cases to Backend Platform.

## Validation
Verify the current document version before acting.

## Version
Version 1.2. Status: ACTIVE.",Software Engineering,Cloud & Security,Frontend,performance budgets,design_note,Backend Platform,Backend Platform,AU,Australia,en,"[""eng"", ""frontend"", ""performance-budgets"", ""software-engineering""]","[""Frontend"", ""eng"", ""frontend"", ""performance budgets"", ""performance-budgets"", ""software-engineering""]",EMPLOYEE,"[""employee"", ""engineer"", ""tech_lead"", ""architect""]",[],hr_portal,synthetic://software-engineering/ENG-000070,1.2,2023-04-25,2024-05-10,2023-05-02,,ACTIVE,True,Synthetic dataset generated for research/demo use,VALIDATED,,4ffbf62e044e
ENG-000071,ENG-TESTING-00053,,Contract Testing — Global,"# Contract Testing — Global

## Purpose
This document defines the approved operating model for contract testing within Northstar Digital Services.

## Scope
Country-specific and role-specific exceptions override the global baseline only when explicitly documented. This version is the global baseline; country-specific documents may impose additional requirements.

## Requirements
- Contract Testing must follow the current approved policy and ownership model. - Operational evidence for contract testing should be retained according to the applicable retention schedule. - Exceptions involving contract testing require documented approval from the responsible owner. - Teams should use standard tooling and published procedures when working with contract testing.

## Controls
Changes affecting production require peer review, traceable evidence, and rollback instructions.

## Procedure
1. Confirm that the request concerns contract testing.
2. Verify the relevant owner, country, environment, and current version.
3. Follow the approved workflow and capture evidence.
4. Escalate unresolved or exceptional cases to Architecture Guild.

## Validation
Verify the current document version before acting.

## Version
Version 1.1. Status: ACTIVE.",Software Engineering,Corporate Functions,Testing,contract testing,architecture_decision_record,Architecture Guild,Architecture Guild,GLOBAL,Global,en,"[""contract-testing"", ""eng"", ""software-engineering"", ""testing""]","[""Testing"", ""contract testing"", ""contract-testing"", ""eng"", ""software-engineering"", ""testing""]",CONFIDENTIAL,"[""tech_lead"", ""architect""]","[""Software Engineering""]",hr_portal,synthetic://software-engineering/ENG-000071,1.1,2025-01-30,2026-09-23,2025-02-26,,ACTIVE,True,Synthetic dataset generated for research/demo use,VALIDATED,,465ffe637425
ENG-000072,ENG-TESTING-00054,,Integration Testing — Global,"# Integration Testing — Global

## Purpose
The standard exists to reduce inconsistent implementation, avoid repeated support effort, and provide an auditable source of truth.

## Scope
Archived versions remain available for audit purposes but must not be used for new decisions. This version is the global baseline; country-specific documents may impose additional requirements.

## Requirements
- Integration Testing must follow the current approved policy and ownership model. - Operational evidence for integration testing should be retained according to the applicable retention schedule. - Exceptions involving integration testing require documented approval from the responsible owner. - Teams should use standard tooling and published procedures when working with integration testing.

## Controls
Sensitive information must follow the organisation's classification and least-privilege requirements.

## Procedure
1. Confirm that the request concerns integration testing.
2. Verify the relevant owner, country, environment, and current version.
3. Follow the approved workflow and capture evidence.
4. Escalate unresolved or exceptional cases to Architecture Guild.

## Validation
Verify the current document version before acting.

## Version
Version 1.0. Status: ACTIVE.",Software Engineering,Corporate Functions,Testing,integration testing,technical_standard,Architecture Guild,Architecture Guild,GLOBAL,Global,en,"[""eng"", ""integration-testing"", ""software-engineering"", ""testing""]","[""Testing"", ""eng"", ""integration testing"", ""integration-testing"", ""software-engineering"", ""testing""]",INTERNAL,"[""employee"", ""engineer"", ""tech_lead"", ""architect""]",[],sharepoint,synthetic://software-engineering/ENG-000072,1.0,2024-03-23,2025-12-30,2024-04-04,,ACTIVE,True,Synthetic dataset generated for research/demo use,VALIDATED,,eb7eddaeb90a
ENG-000073,ENG-MESSAGIN-00055,,Dead-Letter Queues — Global,"# Dead-Letter Queues — Global

## Purpose
The standard exists to reduce inconsistent implementation, avoid repeated support effort, and provide an auditable source of truth.

## Scope
Country-specific and role-specific exceptions override the global baseline only when explicitly documented. This version is the global baseline; country-specific documents may impose additional requirements.

## Requirements
- Dead-Letter Queues must follow the current approved policy and ownership model. - Operational evidence for dead-letter queues should be retained according to the applicable retention schedule. - Exceptions involving dead-letter queues require documented approval from the responsible owner. - Teams should use standard tooling and published procedures when working with dead-letter queues.

## Controls
Requests requiring elevated access must be approved by the designated owner and recorded in the enterprise service system.

## Procedure
1. Confirm that the request concerns dead-letter queues.
2. Verify the relevant owner, country, environment, and current version.
3. Follow the approved workflow and capture evidence.
4. Escalate unresolved or exceptional cases to Architecture Guild.

## Validation
Verify the current document version before acting.

## Version
Version 1.3. Status: ACTIVE.",Software Engineering,Shared Services,Messaging,dead-letter queues,design_note,Architecture Guild,Architecture Guild,GLOBAL,Global,en,"[""dead-letter-queues"", ""eng"", ""messaging"", ""software-engineering""]","[""Messaging"", ""dead-letter queues"", ""dead-letter-queues"", ""eng"", ""messaging"", ""software-engineering""]",EMPLOYEE,"[""employee"", ""engineer"", ""tech_lead"", ""architect""]",[],google_drive,synthetic://software-engineering/ENG-000073,1.3,2023-07-14,2025-02-21,2023-08-14,,ACTIVE,True,Synthetic dataset generated for research/demo use,VALIDATED,,d54a2d60bd7a
ENG-000074,ENG-JAVA-SER-00056,,Service Templates — United Kingdom,"# Service Templates — United Kingdom

## Purpose
Teams must apply this guidance when working with service templates in production or employee-facing environments.

## Scope
Country-specific and role-specific exceptions override the global baseline only when explicitly documented. This version applies to United Kingdom.

## Requirements
- Service Templates must follow the current approved policy and ownership model. - Operational evidence for service templates should be retained according to the applicable retention schedule. - Exceptions involving service templates require documented approval from the responsible owner. - Teams should use standard tooling and published procedures when working with service templates.

## Controls
Changes affecting production require peer review, traceable evidence, and rollback instructions.

## Procedure
1. Confirm that the request concerns service templates.
2. Verify the relevant owner, country, environment, and current version.
3. Follow the approved workflow and capture evidence.
4. Escalate unresolved or exceptional cases to Backend Platform.

## Validation
Do not bypass required controls simply to shorten resolution time.

## Version
Version 1.1. Status: ACTIVE.",Software Engineering,Corporate Functions,Java Services,service templates,api_guide,Backend Platform,Backend Platform,UK,United Kingdom,en,"[""eng"", ""java-services"", ""service-templates"", ""software-engineering""]","[""Java Services"", ""eng"", ""java-services"", ""service templates"", ""service-templates"", ""software-engineering""]",EMPLOYEE,"[""employee"", ""engineer"", ""tech_lead"", ""architect""]",[],github,synthetic://software-engineering/ENG-000074,1.1,2025-12-18,2026-09-23,2026-01-31,,ACTIVE,True,Synthetic dataset generated for research/demo use,VALIDATED,,078642814270
ENG-000075,ENG-ARCHITEC-00057,,Caching — Global v1.2,"# Caching — Global v1.2

## Purpose
Teams must apply this guidance when working with caching in production or employee-facing environments.

## Scope
It applies to employees, contractors, and managed service teams where the stated scope is relevant. This version is the global baseline; country-specific documents may impose additional requirements.

## Requirements
- Caching must follow the current approved policy and ownership model. - Operational evidence for caching should be retained according to the applicable retention schedule. - Exceptions involving caching require documented approval from the responsible owner. - Teams should use standard tooling and published procedures when working with caching.

## Controls
Requests requiring elevated access must be approved by the designated owner and recorded in the enterprise service system.

## Procedure
1. Confirm that the request concerns caching.
2. Verify the relevant owner, country, environment, and current version.
3. Follow the approved workflow and capture evidence.
4. Escalate unresolved or exceptional cases to Data Platform.

## Validation
Do not bypass required controls simply to shorten resolution time.

## Version
Version 1.2. Status: ARCHIVED. This document is archived and retained only for historical reference.",Software Engineering,Digital Delivery,Architecture,caching,technical_standard,Data Platform,Data Platform,GLOBAL,Global,en,"[""architecture"", ""caching"", ""eng"", ""software-engineering""]","[""Architecture"", ""architecture"", ""caching"", ""eng"", ""software-engineering""]",INTERNAL,"[""employee"", ""engineer"", ""tech_lead"", ""architect""]",[],confluence,synthetic://software-engineering/ENG-000075,1.2,2023-11-27,2024-04-08,2023-12-14,,ARCHIVED,True,Synthetic dataset generated for research/demo use,VALIDATED,,67cc88ef074d
ENG-000076,ENG-ARCHITEC-00057,ENG-000075,Caching — Global v2.3,"# Caching — Global v2.3

## Purpose
The standard exists to reduce inconsistent implementation, avoid repeated support effort, and provide an auditable source of truth.

## Scope
Archived versions remain available for audit purposes but must not be used for new decisions. This version is the global baseline; country-specific documents may impose additional requirements.

## Requirements
- Caching must follow the current approved policy and ownership model. - Operational evidence for caching should be retained according to the applicable retention schedule. - Exceptions involving caching require documented approval from the responsible owner. - Teams should use standard tooling and published procedures when working with caching.

## Controls
Requests requiring elevated access must be approved by the designated owner and recorded in the enterprise service system.

## Procedure
1. Confirm that the request concerns caching.
2. Verify the relevant owner, country, environment, and current version.
3. Follow the approved workflow and capture evidence.
4. Escalate unresolved or exceptional cases to Data Platform.

## Validation
Verify the current document version before acting.

## Version
Version 2.3. Status: ARCHIVED. This document is archived and retained only for historical reference.",Software Engineering,Corporate Functions,Architecture,caching,technical_standard,Data Platform,Data Platform,GLOBAL,Global,en,"[""architecture"", ""caching"", ""eng"", ""software-engineering""]","[""Architecture"", ""architecture"", ""caching"", ""eng"", ""software-engineering""]",EMPLOYEE,"[""employee"", ""engineer"", ""tech_lead"", ""architect""]",[],sharepoint,synthetic://software-engineering/ENG-000076,2.3,2024-09-06,2025-01-13,2024-11-02,,ARCHIVED,True,Synthetic dataset generated for research/demo use,VALIDATED,,9b4d7655ec76
ENG-000077,ENG-ARCHITEC-00057,ENG-000076,Caching — Global v3.4,"# Caching — Global v3.4

## Purpose
Teams must apply this guidance when working with caching in production or employee-facing environments.

## Scope
It applies to employees, contractors, and managed service teams where the stated scope is relevant. This version is the global baseline; country-specific documents may impose additional requirements.

## Requirements
- Caching must follow the current approved policy and ownership model. - Operational evidence for caching should be retained according to the applicable retention schedule. - Exceptions involving caching require documented approval from the responsible owner. - Teams should use standard tooling and published procedures when working with caching.

## Controls
Sensitive information must follow the organisation's classification and least-privilege requirements.

## Procedure
1. Confirm that the request concerns caching.
2. Verify the relevant owner, country, environment, and current version.
3. Follow the approved workflow and capture evidence.
4. Escalate unresolved or exceptional cases to Data Platform.

## Validation
Verify the current document version before acting.

## Version
Version 3.4. Status: ACTIVE.",Software Engineering,Cloud & Security,Architecture,caching,technical_standard,Data Platform,Data Platform,GLOBAL,Global,en,"[""architecture"", ""caching"", ""eng"", ""software-engineering""]","[""Architecture"", ""architecture"", ""caching"", ""eng"", ""software-engineering""]",EMPLOYEE,"[""employee"", ""engineer"", ""tech_lead"", ""architect""]",[],sharepoint,synthetic://software-engineering/ENG-000077,3.4,2025-08-11,2026-09-23,2025-09-15,,ACTIVE,True,Synthetic dataset generated for research/demo use,VALIDATED,,031c1893678d
ENG-000078,ENG-APIS-00058,,Error Envelopes — Global,"# Error Envelopes — Global

## Purpose
Teams must apply this guidance when working with error envelopes in production or employee-facing environments.

## Scope
Archived versions remain available for audit purposes but must not be used for new decisions. This version is the global baseline; country-specific documents may impose additional requirements.

## Requirements
- Error Envelopes must follow the current approved policy and ownership model. - Operational evidence for error envelopes should be retained according to the applicable retention schedule. - Exceptions involving error envelopes require documented approval from the responsible owner. - Teams should use standard tooling and published procedures when working with error envelopes.

## Controls
Requests requiring elevated access must be approved by the designated owner and recorded in the enterprise service system.

## Procedure
1. Confirm that the request concerns error envelopes.
2. Verify the relevant owner, country, environment, and current version.
3. Follow the approved workflow and capture evidence.
4. Escalate unresolved or exceptional cases to Frontend Platform.

## Validation
Do not bypass required controls simply to shorten resolution time.

## Version
Version 1.2. Status: ACTIVE.",Software Engineering,Corporate Functions,APIs,error envelopes,technical_standard,Frontend Platform,Frontend Platform,GLOBAL,Global,en,"[""apis"", ""eng"", ""error-envelopes"", ""software-engineering""]","[""APIs"", ""apis"", ""eng"", ""error envelopes"", ""error-envelopes"", ""software-engineering""]",INTERNAL,"[""employee"", ""engineer"", ""tech_lead"", ""architect""]",[],google_drive,synthetic://software-engineering/ENG-000078,1.2,2025-07-16,2025-12-28,2025-09-10,,ACTIVE,True,Synthetic dataset generated for research/demo use,VALIDATED,,1d937bcf6451
ENG-000079,ENG-PYTHON-B-00059,,Python Runtime — Global,"# Python Runtime — Global

## Purpose
This document defines the approved operating model for Python runtime within Northstar Digital Services.

## Scope
It applies to employees, contractors, and managed service teams where the stated scope is relevant. This version is the global baseline; country-specific documents may impose additional requirements.

## Requirements
- Supported runtime versions are centrally maintained. - Unsupported runtimes must not be introduced into new production services. - Upgrade plans are required before end-of-support. - Supported runtime versions are centrally maintained.

## Controls
Requests requiring elevated access must be approved by the designated owner and recorded in the enterprise service system.

## Procedure
1. Confirm that the request concerns Python runtime.
2. Verify the relevant owner, country, environment, and current version.
3. Follow the approved workflow and capture evidence.
4. Escalate unresolved or exceptional cases to Architecture Guild.

## Validation
Do not bypass required controls simply to shorten resolution time.

## Version
Version 1.0. Status: DRAFT.  This document is a draft and must not be treated as an approved source of policy.",Software Engineering,Corporate Functions,Python Backend,Python runtime,technical_standard,Architecture Guild,Architecture Guild,GLOBAL,Global,en,"[""eng"", ""python-backend"", ""python-runtime"", ""software-engineering""]","[""Python Backend"", ""Python runtime"", ""eng"", ""python-backend"", ""python-runtime"", ""software-engineering""]",INTERNAL,"[""employee"", ""engineer"", ""tech_lead"", ""architect""]",[],google_drive,synthetic://software-engineering/ENG-000079,1.0,2026-06-11,2026-09-23,2026-08-07,,DRAFT,True,Synthetic dataset generated for research/demo use,VALIDATED,,a9f41b19ccef
ENG-000080,ENG-FRONTEND-00060,,React Standards — United States v1.2,"# React Standards — United States v1.2

## Purpose
Teams must apply this guidance when working with React standards in production or employee-facing environments.

## Scope
It applies to employees, contractors, and managed service teams where the stated scope is relevant. This version applies to United States.

## Requirements
- React Standards must follow the current approved policy and ownership model. - Operational evidence for React standards should be retained according to the applicable retention schedule. - Exceptions involving React standards require documented approval from the responsible owner. - Teams should use standard tooling and published procedures when working with React standards.

## Controls
Requests requiring elevated access must be approved by the designated owner and recorded in the enterprise service system.

## Procedure
1. Confirm that the request concerns React standards.
2. Verify the relevant owner, country, environment, and current version.
3. Follow the approved workflow and capture evidence.
4. Escalate unresolved or exceptional cases to Data Platform.

## Validation
Do not bypass required controls simply to shorten resolution time.

## Version
Version 1.2. Status: ARCHIVED. This document is archived and retained only for historical reference.",Software Engineering,Enterprise Platforms,Frontend,React standards,architecture_decision_record,Data Platform,Data Platform,US,United States,en,"[""eng"", ""frontend"", ""react-standards"", ""software-engineering""]","[""Frontend"", ""React standards"", ""eng"", ""frontend"", ""react-standards"", ""software-engineering""]",INTERNAL,"[""employee"", ""engineer"", ""tech_lead"", ""architect""]",[],google_drive,synthetic://software-engineering/ENG-000080,1.2,2025-04-22,2026-09-23,2025-04-22,,ARCHIVED,True,Synthetic dataset generated for research/demo use,VALIDATED,,c6ec2270ce6a
ENG-000081,ENG-FRONTEND-00060,ENG-000080,React Standards — United States v2.1,"# React Standards — United States v2.1

## Purpose
The standard exists to reduce inconsistent implementation, avoid repeated support effort, and provide an auditable source of truth.

## Scope
Archived versions remain available for audit purposes but must not be used for new decisions. This version applies to United States.

## Requirements
- React Standards must follow the current approved policy and ownership model. - Operational evidence for React standards should be retained according to the applicable retention schedule. - Exceptions involving React standards require documented approval from the responsible owner. - Teams should use standard tooling and published procedures when working with React standards.

## Controls
Requests requiring elevated access must be approved by the designated owner and recorded in the enterprise service system.

## Procedure
1. Confirm that the request concerns React standards.
2. Verify the relevant owner, country, environment, and current version.
3. Follow the approved workflow and capture evidence.
4. Escalate unresolved or exceptional cases to Data Platform.

## Validation
If the procedure does not resolve the issue, escalate to the listed owner team with timestamps, identifiers, and evidence.

## Version
Version 2.1. Status: ACTIVE.",Software Engineering,Enterprise Platforms,Frontend,React standards,architecture_decision_record,Data Platform,Data Platform,US,United States,en,"[""eng"", ""frontend"", ""react-standards"", ""software-engineering""]","[""Frontend"", ""React standards"", ""eng"", ""frontend"", ""react-standards"", ""software-engineering""]",INTERNAL,"[""employee"", ""engineer"", ""tech_lead"", ""architect""]",[],servicenow,synthetic://software-engineering/ENG-000081,2.1,2023-04-12,2024-03-17,2023-05-08,,ACTIVE,True,Synthetic dataset generated for research/demo use,VALIDATED,,692ce48c0416
ENG-000082,ENG-PYTHON-B-00061,,Pydantic Contracts — India,"# Pydantic Contracts — India

## Purpose
The standard exists to reduce inconsistent implementation, avoid repeated support effort, and provide an auditable source of truth.

## Scope
Country-specific and role-specific exceptions override the global baseline only when explicitly documented. This version applies to India.

## Requirements
- Pydantic Contracts must follow the current approved policy and ownership model. - Operational evidence for Pydantic contracts should be retained according to the applicable retention schedule. - Exceptions involving Pydantic contracts require documented approval from the responsible owner. - Teams should use standard tooling and published procedures when working with Pydantic contracts.

## Controls
Sensitive information must follow the organisation's classification and least-privilege requirements.

## Procedure
1. Confirm that the request concerns Pydantic contracts.
2. Verify the relevant owner, country, environment, and current version.
3. Follow the approved workflow and capture evidence.
4. Escalate unresolved or exceptional cases to Data Platform.

## Validation
If the procedure does not resolve the issue, escalate to the listed owner team with timestamps, identifiers, and evidence.

## Version
Version 1.0. Status: ACTIVE.",Software Engineering,Digital Delivery,Python Backend,Pydantic contracts,technical_standard,Data Platform,Data Platform,IN,India,en,"[""eng"", ""pydantic-contracts"", ""python-backend"", ""software-engineering""]","[""Pydantic contracts"", ""Python Backend"", ""eng"", ""pydantic-contracts"", ""python-backend"", ""software-engineering""]",EMPLOYEE,"[""employee"", ""engineer"", ""tech_lead"", ""architect""]",[],google_drive,synthetic://software-engineering/ENG-000082,1.0,2025-09-22,2025-09-23,2025-10-19,,ACTIVE,True,Synthetic dataset generated for research/demo use,VALIDATED,,3e9dbd5235c8
ENG-000083,ENG-TESTING-00062,,Integration Testing — United States,"# Integration Testing — United States

## Purpose
The standard exists to reduce inconsistent implementation, avoid repeated support effort, and provide an auditable source of truth.

## Scope
Archived versions remain available for audit purposes but must not be used for new decisions. This version applies to United States.

## Requirements
- Integration Testing must follow the current approved policy and ownership model. - Operational evidence for integration testing should be retained according to the applicable retention schedule. - Exceptions involving integration testing require documented approval from the responsible owner. - Teams should use standard tooling and published procedures when working with integration testing.

## Controls
Sensitive information must follow the organisation's classification and least-privilege requirements.

## Procedure
1. Confirm that the request concerns integration testing.
2. Verify the relevant owner, country, environment, and current version.
3. Follow the approved workflow and capture evidence.
4. Escalate unresolved or exceptional cases to Data Platform.

## Validation
If the procedure does not resolve the issue, escalate to the listed owner team with timestamps, identifiers, and evidence.

## Version
Version 1.4. Status: ACTIVE.",Software Engineering,Corporate Functions,Testing,integration testing,api_guide,Data Platform,Data Platform,US,United States,en,"[""eng"", ""integration-testing"", ""software-engineering"", ""testing""]","[""Testing"", ""eng"", ""integration testing"", ""integration-testing"", ""software-engineering"", ""testing""]",CONFIDENTIAL,"[""tech_lead"", ""architect""]","[""Software Engineering""]",confluence,synthetic://software-engineering/ENG-000083,1.4,2024-08-12,2025-07-03,2024-09-15,,ACTIVE,True,Synthetic dataset generated for research/demo use,VALIDATED,,b2982c778b21
ENG-000084,ENG-ARCHITEC-00063,,Adr Process — India,"# Adr Process — India

## Purpose
Teams must apply this guidance when working with ADR process in production or employee-facing environments.

## Scope
Archived versions remain available for audit purposes but must not be used for new decisions. This version applies to India.

## Requirements
- Adr Process must follow the current approved policy and ownership model. - Operational evidence for ADR process should be retained according to the applicable retention schedule. - Exceptions involving ADR process require documented approval from the responsible owner. - Teams should use standard tooling and published procedures when working with ADR process.

## Controls
Requests requiring elevated access must be approved by the designated owner and recorded in the enterprise service system.

## Procedure
1. Confirm that the request concerns ADR process.
2. Verify the relevant owner, country, environment, and current version.
3. Follow the approved workflow and capture evidence.
4. Escalate unresolved or exceptional cases to Frontend Platform.

## Validation
Do not bypass required controls simply to shorten resolution time.

## Version
Version 1.2. Status: ARCHIVED. This document is archived and retained only for historical reference.",Software Engineering,Cloud & Security,Architecture,ADR process,design_note,Frontend Platform,Frontend Platform,IN,India,en,"[""adr-process"", ""architecture"", ""eng"", ""software-engineering""]","[""ADR process"", ""Architecture"", ""adr-process"", ""architecture"", ""eng"", ""software-engineering""]",EMPLOYEE,"[""employee"", ""engineer"", ""tech_lead"", ""architect""]",[],hr_portal,synthetic://software-engineering/ENG-000084,1.2,2023-11-05,2025-06-30,2023-11-19,2024-08-10,ARCHIVED,True,Synthetic dataset generated for research/demo use,VALIDATED,,30841bc542ef
ENG-000085,ENG-PYTHON-B-00064,,Dependency Pinning — United States,"# Dependency Pinning — United States

## Purpose
The standard exists to reduce inconsistent implementation, avoid repeated support effort, and provide an auditable source of truth.

## Scope
Country-specific and role-specific exceptions override the global baseline only when explicitly documented. This version applies to United States.

## Requirements
- Dependency Pinning must follow the current approved policy and ownership model. - Operational evidence for dependency pinning should be retained according to the applicable retention schedule. - Exceptions involving dependency pinning require documented approval from the responsible owner. - Teams should use standard tooling and published procedures when working with dependency pinning.

## Controls
Requests requiring elevated access must be approved by the designated owner and recorded in the enterprise service system.

## Procedure
1. Confirm that the request concerns dependency pinning.
2. Verify the relevant owner, country, environment, and current version.
3. Follow the approved workflow and capture evidence.
4. Escalate unresolved or exceptional cases to Backend Platform.

## Validation
Verify the current document version before acting.

## Version
Version 1.4. Status: ACTIVE.",Software Engineering,Shared Services,Python Backend,dependency pinning,coding_standard,Backend Platform,Backend Platform,US,United States,en,"[""dependency-pinning"", ""eng"", ""python-backend"", ""software-engineering""]","[""Python Backend"", ""dependency pinning"", ""dependency-pinning"", ""eng"", ""python-backend"", ""software-engineering""]",INTERNAL,"[""employee"", ""engineer"", ""tech_lead"", ""architect""]",[],sharepoint,synthetic://software-engineering/ENG-000085,1.4,2024-02-10,2024-03-08,2024-02-12,,ACTIVE,True,Synthetic dataset generated for research/demo use,VALIDATED,,c01574a1de6f
ENG-000086,ENG-DATABASE-00065,,Migration Safety — Global,"# Migration Safety — Global

## Purpose
Teams must apply this guidance when working with migration safety in production or employee-facing environments.

## Scope
It applies to employees, contractors, and managed service teams where the stated scope is relevant. This version is the global baseline; country-specific documents may impose additional requirements.

## Requirements
- Migration Safety must follow the current approved policy and ownership model. - Operational evidence for migration safety should be retained according to the applicable retention schedule. - Exceptions involving migration safety require documented approval from the responsible owner. - Teams should use standard tooling and published procedures when working with migration safety.

## Controls
Requests requiring elevated access must be approved by the designated owner and recorded in the enterprise service system.

## Procedure
1. Confirm that the request concerns migration safety.
2. Verify the relevant owner, country, environment, and current version.
3. Follow the approved workflow and capture evidence.
4. Escalate unresolved or exceptional cases to Backend Platform.

## Validation
Verify the current document version before acting.

## Version
Version 1.2. Status: ACTIVE.",Software Engineering,Digital Delivery,Databases,migration safety,architecture_decision_record,Backend Platform,Backend Platform,GLOBAL,Global,en,"[""databases"", ""eng"", ""migration-safety"", ""software-engineering""]","[""Databases"", ""databases"", ""eng"", ""migration safety"", ""migration-safety"", ""software-engineering""]",INTERNAL,"[""employee"", ""engineer"", ""tech_lead"", ""architect""]",[],github,synthetic://software-engineering/ENG-000086,1.2,2026-03-12,2026-09-23,2026-04-01,,ACTIVE,True,Synthetic dataset generated for research/demo use,VALIDATED,,db2868660a6c
ENG-000087,ENG-APIS-00066,,Rest Versioning — United States,"# Rest Versioning — United States

## Purpose
Teams must apply this guidance when working with REST versioning in production or employee-facing environments.

## Scope
Country-specific and role-specific exceptions override the global baseline only when explicitly documented. This version applies to United States.

## Requirements
- Breaking changes require a new externally visible contract version. - Backward compatibility should be preserved where feasible. - Deprecated versions must publish a retirement schedule. - Breaking changes require a new externally visible contract version.

## Controls
Changes affecting production require peer review, traceable evidence, and rollback instructions.

## Procedure
1. Confirm that the request concerns REST versioning.
2. Verify the relevant owner, country, environment, and current version.
3. Follow the approved workflow and capture evidence.
4. Escalate unresolved or exceptional cases to Backend Platform.

## Validation
Do not bypass required controls simply to shorten resolution time.

## Version
Version 1.4. Status: ACTIVE.",Software Engineering,Digital Delivery,APIs,REST versioning,known_issue,Backend Platform,Backend Platform,US,United States,en,"[""apis"", ""eng"", ""rest-versioning"", ""software-engineering""]","[""APIs"", ""REST versioning"", ""apis"", ""eng"", ""rest-versioning"", ""software-engineering""]",EMPLOYEE,"[""employee"", ""engineer"", ""tech_lead"", ""architect""]",[],sharepoint,synthetic://software-engineering/ENG-000087,1.4,2026-07-19,2026-09-23,2026-08-22,,ACTIVE,True,Synthetic dataset generated for research/demo use,VALIDATED,,e5ea1fac5f44
ENG-000088,ENG-DATABASE-00067,,Transaction Boundaries — United Kingdom,"# Transaction Boundaries — United Kingdom

## Purpose
Teams must apply this guidance when working with transaction boundaries in production or employee-facing environments.

## Scope
Archived versions remain available for audit purposes but must not be used for new decisions. This version applies to United Kingdom.

## Requirements
- Transaction Boundaries must follow the current approved policy and ownership model. - Operational evidence for transaction boundaries should be retained according to the applicable retention schedule. - Exceptions involving transaction boundaries require documented approval from the responsible owner. - Teams should use standard tooling and published procedures when working with transaction boundaries.

## Controls
Requests requiring elevated access must be approved by the designated owner and recorded in the enterprise service system.

## Procedure
1. Confirm that the request concerns transaction boundaries.
2. Verify the relevant owner, country, environment, and current version.
3. Follow the approved workflow and capture evidence.
4. Escalate unresolved or exceptional cases to Frontend Platform.

## Validation
Do not bypass required controls simply to shorten resolution time.

## Version
Version 1.3. Status: ACTIVE.",Software Engineering,Corporate Functions,Databases,transaction boundaries,coding_standard,Frontend Platform,Frontend Platform,UK,United Kingdom,en,"[""databases"", ""eng"", ""software-engineering"", ""transaction-boundaries""]","[""Databases"", ""databases"", ""eng"", ""software-engineering"", ""transaction boundaries"", ""transaction-boundaries""]",INTERNAL,"[""employee"", ""engineer"", ""tech_lead"", ""architect""]",[],sharepoint,synthetic://software-engineering/ENG-000088,1.3,2023-10-13,2025-05-12,2023-11-13,,ACTIVE,True,Synthetic dataset generated for research/demo use,VALIDATED,,f5753a89d99f
ENG-000089,ENG-APIS-00068,,Error Envelopes — India,"# Error Envelopes — India

## Purpose
The standard exists to reduce inconsistent implementation, avoid repeated support effort, and provide an auditable source of truth.

## Scope
It applies to employees, contractors, and managed service teams where the stated scope is relevant. This version applies to India.

## Requirements
- Error Envelopes must follow the current approved policy and ownership model. - Operational evidence for error envelopes should be retained according to the applicable retention schedule. - Exceptions involving error envelopes require documented approval from the responsible owner. - Teams should use standard tooling and published procedures when working with error envelopes.

## Controls
Sensitive information must follow the organisation's classification and least-privilege requirements.

## Procedure
1. Confirm that the request concerns error envelopes.
2. Verify the relevant owner, country, environment, and current version.
3. Follow the approved workflow and capture evidence.
4. Escalate unresolved or exceptional cases to Architecture Guild.

## Validation
If the procedure does not resolve the issue, escalate to the listed owner team with timestamps, identifiers, and evidence.

## Version
Version 1.1. Status: ACTIVE.",Software Engineering,Digital Delivery,APIs,error envelopes,technical_standard,Architecture Guild,Architecture Guild,IN,India,en,"[""apis"", ""eng"", ""error-envelopes"", ""software-engineering""]","[""APIs"", ""apis"", ""eng"", ""error envelopes"", ""error-envelopes"", ""software-engineering""]",INTERNAL,"[""employee"", ""engineer"", ""tech_lead"", ""architect""]",[],google_drive,synthetic://software-engineering/ENG-000089,1.1,2026-04-10,2026-09-23,2026-06-02,,ACTIVE,True,Synthetic dataset generated for research/demo use,VALIDATED,,ce35509bf5b1
ENG-000090,ENG-ARCHITEC-00069,,Event-Driven Design — United Kingdom,"# Event-Driven Design — United Kingdom

## Purpose
Teams must apply this guidance when working with event-driven design in production or employee-facing environments.

## Scope
It applies to employees, contractors, and managed service teams where the stated scope is relevant. This version applies to United Kingdom.

## Requirements
- Event-Driven Design must follow the current approved policy and ownership model. - Operational evidence for event-driven design should be retained according to the applicable retention schedule. - Exceptions involving event-driven design require documented approval from the responsible owner. - Teams should use standard tooling and published procedures when working with event-driven design.

## Controls
Sensitive information must follow the organisation's classification and least-privilege requirements.

## Procedure
1. Confirm that the request concerns event-driven design.
2. Verify the relevant owner, country, environment, and current version.
3. Follow the approved workflow and capture evidence.
4. Escalate unresolved or exceptional cases to Developer Experience.

## Validation
If the procedure does not resolve the issue, escalate to the listed owner team with timestamps, identifiers, and evidence.

## Version
Version 1.2. Status: ACTIVE.",Software Engineering,Shared Services,Architecture,event-driven design,technical_standard,Developer Experience,Developer Experience,UK,United Kingdom,en,"[""architecture"", ""eng"", ""event-driven-design"", ""software-engineering""]","[""Architecture"", ""architecture"", ""eng"", ""event-driven design"", ""event-driven-design"", ""software-engineering""]",INTERNAL,"[""employee"", ""engineer"", ""tech_lead"", ""architect""]",[],servicenow,synthetic://software-engineering/ENG-000090,1.2,2025-06-29,2026-05-05,2025-07-07,,ACTIVE,True,Synthetic dataset generated for research/demo use,VALIDATED,,49fc27e0db95
ENG-000091,ENG-APIS-00070,,Idempotency — Global,"# Idempotency — Global

## Purpose
This document defines the approved operating model for idempotency within Northstar Digital Services.

## Scope
Archived versions remain available for audit purposes but must not be used for new decisions. This version is the global baseline; country-specific documents may impose additional requirements.

## Requirements
- Idempotency must follow the current approved policy and ownership model. - Operational evidence for idempotency should be retained according to the applicable retention schedule. - Exceptions involving idempotency require documented approval from the responsible owner. - Teams should use standard tooling and published procedures when working with idempotency.

## Controls
Changes affecting production require peer review, traceable evidence, and rollback instructions.

## Procedure
1. Confirm that the request concerns idempotency.
2. Verify the relevant owner, country, environment, and current version.
3. Follow the approved workflow and capture evidence.
4. Escalate unresolved or exceptional cases to Backend Platform.

## Validation
Do not bypass required controls simply to shorten resolution time.

## Version
Version 1.1. Status: ACTIVE.",Software Engineering,Shared Services,APIs,idempotency,migration_guide,Backend Platform,Backend Platform,GLOBAL,Global,en,"[""apis"", ""eng"", ""idempotency"", ""software-engineering""]","[""APIs"", ""apis"", ""eng"", ""idempotency"", ""software-engineering""]",INTERNAL,"[""employee"", ""engineer"", ""tech_lead"", ""architect""]",[],hr_portal,synthetic://software-engineering/ENG-000091,1.1,2025-01-22,2025-03-22,2025-02-22,,ACTIVE,True,Synthetic dataset generated for research/demo use,VALIDATED,,7932cfde3fcb
ENG-000092,ENG-TESTING-00071,,Contract Testing — India,"# Contract Testing — India

## Purpose
The standard exists to reduce inconsistent implementation, avoid repeated support effort, and provide an auditable source of truth.

## Scope
Country-specific and role-specific exceptions override the global baseline only when explicitly documented. This version applies to India.

## Requirements
- Contract Testing must follow the current approved policy and ownership model. - Operational evidence for contract testing should be retained according to the applicable retention schedule. - Exceptions involving contract testing require documented approval from the responsible owner. - Teams should use standard tooling and published procedures when working with contract testing.

## Controls
Changes affecting production require peer review, traceable evidence, and rollback instructions.

## Procedure
1. Confirm that the request concerns contract testing.
2. Verify the relevant owner, country, environment, and current version.
3. Follow the approved workflow and capture evidence.
4. Escalate unresolved or exceptional cases to Backend Platform.

## Validation
Verify the current document version before acting.

## Version
Version 1.4. Status: DRAFT.  This document is a draft and must not be treated as an approved source of policy.",Software Engineering,Corporate Functions,Testing,contract testing,design_note,Backend Platform,Backend Platform,IN,India,en,"[""contract-testing"", ""eng"", ""software-engineering"", ""testing""]","[""Testing"", ""contract testing"", ""contract-testing"", ""eng"", ""software-engineering"", ""testing""]",INTERNAL,"[""employee"", ""engineer"", ""tech_lead"", ""architect""]",[],hr_portal,synthetic://software-engineering/ENG-000092,1.4,2026-03-13,2026-09-23,2026-03-13,2027-08-06,DRAFT,True,Synthetic dataset generated for research/demo use,VALIDATED,,eb65541cc861
ENG-000093,ENG-PYTHON-B-00072,,Fastapi Service Standard — Global,"# Fastapi Service Standard — Global

## Purpose
This document defines the approved operating model for FastAPI service standard within Northstar Digital Services.

## Scope
It applies to employees, contractors, and managed service teams where the stated scope is relevant. This version is the global baseline; country-specific documents may impose additional requirements.

## Requirements
- Service contracts must use explicit schemas. - Health and readiness endpoints are required. - Timeouts, structured logging, and request IDs are mandatory in production. - Service contracts must use explicit schemas.

## Controls
Sensitive information must follow the organisation's classification and least-privilege requirements.

## Procedure
1. Confirm that the request concerns FastAPI service standard.
2. Verify the relevant owner, country, environment, and current version.
3. Follow the approved workflow and capture evidence.
4. Escalate unresolved or exceptional cases to Backend Platform.

## Validation
Verify the current document version before acting.

## Version
Version 1.1. Status: ACTIVE.",Software Engineering,Shared Services,Python Backend,FastAPI service standard,api_guide,Backend Platform,Backend Platform,GLOBAL,Global,en,"[""eng"", ""fastapi-service-standard"", ""python-backend"", ""software-engineering""]","[""FastAPI service standard"", ""Python Backend"", ""eng"", ""fastapi-service-standard"", ""python-backend"", ""software-engineering""]",INTERNAL,"[""employee"", ""engineer"", ""tech_lead"", ""architect""]",[],hr_portal,synthetic://software-engineering/ENG-000093,1.1,2024-11-23,2025-07-14,2024-12-02,,ACTIVE,True,Synthetic dataset generated for research/demo use,VALIDATED,,957886a28ff0
ENG-000094,ENG-JAVA-SER-00073,,Spring Boot Standard — United States,"# Spring Boot Standard — United States

## Purpose
Teams must apply this guidance when working with Spring Boot standard in production or employee-facing environments.

## Scope
It applies to employees, contractors, and managed service teams where the stated scope is relevant. This version applies to United States.

## Requirements
- Spring Boot Standard must follow the current approved policy and ownership model. - Operational evidence for Spring Boot standard should be retained according to the applicable retention schedule. - Exceptions involving Spring Boot standard require documented approval from the responsible owner. - Teams should use standard tooling and published procedures when working with Spring Boot standard.

## Controls
Sensitive information must follow the organisation's classification and least-privilege requirements.

## Procedure
1. Confirm that the request concerns Spring Boot standard.
2. Verify the relevant owner, country, environment, and current version.
3. Follow the approved workflow and capture evidence.
4. Escalate unresolved or exceptional cases to Developer Experience.

## Validation
Verify the current document version before acting.

## Version
Version 1.4. Status: ACTIVE.",Software Engineering,Corporate Functions,Java Services,Spring Boot standard,api_guide,Developer Experience,Developer Experience,US,United States,en,"[""eng"", ""java-services"", ""software-engineering"", ""spring-boot-standard""]","[""Java Services"", ""Spring Boot standard"", ""eng"", ""java-services"", ""software-engineering"", ""spring-boot-standard""]",INTERNAL,"[""employee"", ""engineer"", ""tech_lead"", ""architect""]",[],google_drive,synthetic://software-engineering/ENG-000094,1.4,2024-03-13,2024-09-23,2024-04-22,,ACTIVE,True,Synthetic dataset generated for research/demo use,VALIDATED,,6006ea1cbadd
ENG-000095,ENG-TESTING-00074,,Contract Testing — India,"# Contract Testing — India

## Purpose
The standard exists to reduce inconsistent implementation, avoid repeated support effort, and provide an auditable source of truth.

## Scope
It applies to employees, contractors, and managed service teams where the stated scope is relevant. This version applies to India.

## Requirements
- Contract Testing must follow the current approved policy and ownership model. - Operational evidence for contract testing should be retained according to the applicable retention schedule. - Exceptions involving contract testing require documented approval from the responsible owner. - Teams should use standard tooling and published procedures when working with contract testing.

## Controls
Changes affecting production require peer review, traceable evidence, and rollback instructions.

## Procedure
1. Confirm that the request concerns contract testing.
2. Verify the relevant owner, country, environment, and current version.
3. Follow the approved workflow and capture evidence.
4. Escalate unresolved or exceptional cases to Frontend Platform.

## Validation
If the procedure does not resolve the issue, escalate to the listed owner team with timestamps, identifiers, and evidence.

## Version
Version 1.4. Status: ACTIVE.",Software Engineering,Shared Services,Testing,contract testing,migration_guide,Frontend Platform,Frontend Platform,IN,India,en,"[""contract-testing"", ""eng"", ""software-engineering"", ""testing""]","[""Testing"", ""contract testing"", ""contract-testing"", ""eng"", ""software-engineering"", ""testing""]",INTERNAL,"[""employee"", ""engineer"", ""tech_lead"", ""architect""]",[],servicenow,synthetic://software-engineering/ENG-000095,1.4,2024-08-07,2025-07-17,2024-09-20,,ACTIVE,True,Synthetic dataset generated for research/demo use,VALIDATED,,abdf4748a7d5
ENG-000096,ENG-ARCHITEC-00075,,Event-Driven Design — United Kingdom,"# Event-Driven Design — United Kingdom

## Purpose
Teams must apply this guidance when working with event-driven design in production or employee-facing environments.

## Scope
Archived versions remain available for audit purposes but must not be used for new decisions. This version applies to United Kingdom.

## Requirements
- Event-Driven Design must follow the current approved policy and ownership model. - Operational evidence for event-driven design should be retained according to the applicable retention schedule. - Exceptions involving event-driven design require documented approval from the responsible owner. - Teams should use standard tooling and published procedures when working with event-driven design.

## Controls
Requests requiring elevated access must be approved by the designated owner and recorded in the enterprise service system.

## Procedure
1. Confirm that the request concerns event-driven design.
2. Verify the relevant owner, country, environment, and current version.
3. Follow the approved workflow and capture evidence.
4. Escalate unresolved or exceptional cases to Backend Platform.

## Validation
If the procedure does not resolve the issue, escalate to the listed owner team with timestamps, identifiers, and evidence.

## Version
Version 1.2. Status: ACTIVE.",Software Engineering,Enterprise Platforms,Architecture,event-driven design,design_note,Backend Platform,Backend Platform,UK,United Kingdom,en,"[""architecture"", ""eng"", ""event-driven-design"", ""software-engineering""]","[""Architecture"", ""architecture"", ""eng"", ""event-driven design"", ""event-driven-design"", ""software-engineering""]",INTERNAL,"[""employee"", ""engineer"", ""tech_lead"", ""architect""]",[],github,synthetic://software-engineering/ENG-000096,1.2,2026-06-06,2026-09-23,2026-07-18,,ACTIVE,True,Synthetic dataset generated for research/demo use,VALIDATED,,d60c631eb68d
ENG-000097,ENG-ARCHITEC-00076,,Backpressure — United States,"# Backpressure — United States

## Purpose
The standard exists to reduce inconsistent implementation, avoid repeated support effort, and provide an auditable source of truth.

## Scope
Archived versions remain available for audit purposes but must not be used for new decisions. This version applies to United States.

## Requirements
- Backpressure must follow the current approved policy and ownership model. - Operational evidence for backpressure should be retained according to the applicable retention schedule. - Exceptions involving backpressure require documented approval from the responsible owner. - Teams should use standard tooling and published procedures when working with backpressure.

## Controls
Requests requiring elevated access must be approved by the designated owner and recorded in the enterprise service system.

## Procedure
1. Confirm that the request concerns backpressure.
2. Verify the relevant owner, country, environment, and current version.
3. Follow the approved workflow and capture evidence.
4. Escalate unresolved or exceptional cases to Data Platform.

## Validation
If the procedure does not resolve the issue, escalate to the listed owner team with timestamps, identifiers, and evidence.

## Version
Version 1.1. Status: ACTIVE.",Software Engineering,Cloud & Security,Architecture,backpressure,technical_standard,Data Platform,Data Platform,US,United States,en,"[""architecture"", ""backpressure"", ""eng"", ""software-engineering""]","[""Architecture"", ""architecture"", ""backpressure"", ""eng"", ""software-engineering""]",INTERNAL,"[""employee"", ""engineer"", ""tech_lead"", ""architect""]",[],confluence,synthetic://software-engineering/ENG-000097,1.1,2023-04-10,2025-03-02,2023-05-25,,ACTIVE,True,Synthetic dataset generated for research/demo use,VALIDATED,,6bec3008e323
ENG-000098,ENG-FRONTEND-00077,,Accessibility — Ireland,"# Accessibility — Ireland

## Purpose
Teams must apply this guidance when working with accessibility in production or employee-facing environments.

## Scope
It applies to employees, contractors, and managed service teams where the stated scope is relevant. This version applies to Ireland.

## Requirements
- Accessibility must follow the current approved policy and ownership model. - Operational evidence for accessibility should be retained according to the applicable retention schedule. - Exceptions involving accessibility require documented approval from the responsible owner. - Teams should use standard tooling and published procedures when working with accessibility.

## Controls
Requests requiring elevated access must be approved by the designated owner and recorded in the enterprise service system.

## Procedure
1. Confirm that the request concerns accessibility.
2. Verify the relevant owner, country, environment, and current version.
3. Follow the approved workflow and capture evidence.
4. Escalate unresolved or exceptional cases to Frontend Platform.

## Validation
If the procedure does not resolve the issue, escalate to the listed owner team with timestamps, identifiers, and evidence.

## Version
Version 1.3. Status: ACTIVE.",Software Engineering,Digital Delivery,Frontend,accessibility,migration_guide,Frontend Platform,Frontend Platform,IE,Ireland,en,"[""accessibility"", ""eng"", ""frontend"", ""software-engineering""]","[""Frontend"", ""accessibility"", ""eng"", ""frontend"", ""software-engineering""]",INTERNAL,"[""employee"", ""engineer"", ""tech_lead"", ""architect""]",[],github,synthetic://software-engineering/ENG-000098,1.3,2025-10-17,2026-09-23,2025-11-16,,ACTIVE,True,Synthetic dataset generated for research/demo use,VALIDATED,,5469d0fcfb85
ENG-000099,ENG-PYTHON-B-00078,,Python Runtime — Australia,"# Python Runtime — Australia

## Purpose
Teams must apply this guidance when working with Python runtime in production or employee-facing environments.

## Scope
It applies to employees, contractors, and managed service teams where the stated scope is relevant. This version applies to Australia.

## Requirements
- Supported runtime versions are centrally maintained. - Unsupported runtimes must not be introduced into new production services. - Upgrade plans are required before end-of-support. - Supported runtime versions are centrally maintained.

## Controls
Changes affecting production require peer review, traceable evidence, and rollback instructions.

## Procedure
1. Confirm that the request concerns Python runtime.
2. Verify the relevant owner, country, environment, and current version.
3. Follow the approved workflow and capture evidence.
4. Escalate unresolved or exceptional cases to Data Platform.

## Validation
If the procedure does not resolve the issue, escalate to the listed owner team with timestamps, identifiers, and evidence.

## Version
Version 1.2. Status: ACTIVE.",Software Engineering,Cloud & Security,Python Backend,Python runtime,coding_standard,Data Platform,Data Platform,AU,Australia,en,"[""eng"", ""python-backend"", ""python-runtime"", ""software-engineering""]","[""Python Backend"", ""Python runtime"", ""eng"", ""python-backend"", ""python-runtime"", ""software-engineering""]",INTERNAL,"[""employee"", ""engineer"", ""tech_lead"", ""architect""]",[],servicenow,synthetic://software-engineering/ENG-000099,1.2,2026-05-08,2026-09-23,2026-06-27,,ACTIVE,True,Synthetic dataset generated for research/demo use,VALIDATED,,b8a16d3f1b5d
ENG-000100,ENG-DATABASE-00079,,Read Replicas — United States,"# Read Replicas — United States

## Purpose
Teams must apply this guidance when working with read replicas in production or employee-facing environments.

## Scope
Country-specific and role-specific exceptions override the global baseline only when explicitly documented. This version applies to United States.

## Requirements
- Read Replicas must follow the current approved policy and ownership model. - Operational evidence for read replicas should be retained according to the applicable retention schedule. - Exceptions involving read replicas require documented approval from the responsible owner. - Teams should use standard tooling and published procedures when working with read replicas.

## Controls
Requests requiring elevated access must be approved by the designated owner and recorded in the enterprise service system.

## Procedure
1. Confirm that the request concerns read replicas.
2. Verify the relevant owner, country, environment, and current version.
3. Follow the approved workflow and capture evidence.
4. Escalate unresolved or exceptional cases to Data Platform.

## Validation
Do not bypass required controls simply to shorten resolution time.

## Version
Version 1.2. Status: ACTIVE.",Software Engineering,Enterprise Platforms,Databases,read replicas,design_note,Data Platform,Data Platform,US,United States,en,"[""databases"", ""eng"", ""read-replicas"", ""software-engineering""]","[""Databases"", ""databases"", ""eng"", ""read replicas"", ""read-replicas"", ""software-engineering""]",INTERNAL,"[""employee"", ""engineer"", ""tech_lead"", ""architect""]",[],google_drive,synthetic://software-engineering/ENG-000100,1.2,2023-10-16,2023-11-09,2023-12-03,,ACTIVE,True,Synthetic dataset generated for research/demo use,VALIDATED,,7ef56030e26c
ENG-000101,ENG-FRONTEND-00080,,Design Tokens — Global,"# Design Tokens — Global

## Purpose
Teams must apply this guidance when working with design tokens in production or employee-facing environments.

## Scope
Archived versions remain available for audit purposes but must not be used for new decisions. This version is the global baseline; country-specific documents may impose additional requirements.

## Requirements
- Design Tokens must follow the current approved policy and ownership model. - Operational evidence for design tokens should be retained according to the applicable retention schedule. - Exceptions involving design tokens require documented approval from the responsible owner. - Teams should use standard tooling and published procedures when working with design tokens.

## Controls
Changes affecting production require peer review, traceable evidence, and rollback instructions.

## Procedure
1. Confirm that the request concerns design tokens.
2. Verify the relevant owner, country, environment, and current version.
3. Follow the approved workflow and capture evidence.
4. Escalate unresolved or exceptional cases to Developer Experience.

## Validation
Verify the current document version before acting.

## Version
Version 1.0. Status: ACTIVE.",Software Engineering,Corporate Functions,Frontend,design tokens,architecture_decision_record,Developer Experience,Developer Experience,GLOBAL,Global,en,"[""design-tokens"", ""eng"", ""frontend"", ""software-engineering""]","[""Frontend"", ""design tokens"", ""design-tokens"", ""eng"", ""frontend"", ""software-engineering""]",INTERNAL,"[""employee"", ""engineer"", ""tech_lead"", ""architect""]",[],hr_portal,synthetic://software-engineering/ENG-000101,1.0,2025-07-17,2026-04-22,2025-08-12,,ACTIVE,True,Synthetic dataset generated for research/demo use,VALIDATED,,a6c437a41074
ENG-000102,ENG-JAVA-SER-00081,,Spring Boot Standard — Global,"# Spring Boot Standard — Global

## Purpose
Teams must apply this guidance when working with Spring Boot standard in production or employee-facing environments.

## Scope
Country-specific and role-specific exceptions override the global baseline only when explicitly documented. This version is the global baseline; country-specific documents may impose additional requirements.

## Requirements
- Spring Boot Standard must follow the current approved policy and ownership model. - Operational evidence for Spring Boot standard should be retained according to the applicable retention schedule. - Exceptions involving Spring Boot standard require documented approval from the responsible owner. - Teams should use standard tooling and published procedures when working with Spring Boot standard.

## Controls
Requests requiring elevated access must be approved by the designated owner and recorded in the enterprise service system.

## Procedure
1. Confirm that the request concerns Spring Boot standard.
2. Verify the relevant owner, country, environment, and current version.
3. Follow the approved workflow and capture evidence.
4. Escalate unresolved or exceptional cases to Architecture Guild.

## Validation
If the procedure does not resolve the issue, escalate to the listed owner team with timestamps, identifiers, and evidence.

## Version
Version 1.2. Status: ACTIVE.",Software Engineering,Shared Services,Java Services,Spring Boot standard,api_guide,Architecture Guild,Architecture Guild,GLOBAL,Global,en,"[""eng"", ""java-services"", ""software-engineering"", ""spring-boot-standard""]","[""Java Services"", ""Spring Boot standard"", ""eng"", ""java-services"", ""software-engineering"", ""spring-boot-standard""]",EMPLOYEE,"[""employee"", ""engineer"", ""tech_lead"", ""architect""]",[],hr_portal,synthetic://software-engineering/ENG-000102,1.2,2023-03-17,2024-09-10,2023-03-22,,ACTIVE,True,Synthetic dataset generated for research/demo use,VALIDATED,,62c5824d9ae8
ENG-000103,ENG-FRONTEND-00082,,Design Tokens — United Kingdom v1.2,"# Design Tokens — United Kingdom v1.2

## Purpose
The standard exists to reduce inconsistent implementation, avoid repeated support effort, and provide an auditable source of truth.

## Scope
Archived versions remain available for audit purposes but must not be used for new decisions. This version applies to United Kingdom.

## Requirements
- Design Tokens must follow the current approved policy and ownership model. - Operational evidence for design tokens should be retained according to the applicable retention schedule. - Exceptions involving design tokens require documented approval from the responsible owner. - Teams should use standard tooling and published procedures when working with design tokens.

## Controls
Sensitive information must follow the organisation's classification and least-privilege requirements.

## Procedure
1. Confirm that the request concerns design tokens.
2. Verify the relevant owner, country, environment, and current version.
3. Follow the approved workflow and capture evidence.
4. Escalate unresolved or exceptional cases to Data Platform.

## Validation
Do not bypass required controls simply to shorten resolution time.

## Version
Version 1.2. Status: ARCHIVED. This document is archived and retained only for historical reference.",Software Engineering,Cloud & Security,Frontend,design tokens,migration_guide,Data Platform,Data Platform,UK,United Kingdom,en,"[""design-tokens"", ""eng"", ""frontend"", ""software-engineering""]","[""Frontend"", ""design tokens"", ""design-tokens"", ""eng"", ""frontend"", ""software-engineering""]",INTERNAL,"[""employee"", ""engineer"", ""tech_lead"", ""architect""]",[],google_drive,synthetic://software-engineering/ENG-000103,1.2,2025-07-19,2026-09-23,2025-08-31,,ARCHIVED,True,Synthetic dataset generated for research/demo use,VALIDATED,,dce9a3700f25
ENG-000104,ENG-FRONTEND-00082,ENG-000103,Design Tokens — United Kingdom v2.4,"# Design Tokens — United Kingdom v2.4

## Purpose
Teams must apply this guidance when working with design tokens in production or employee-facing environments.

## Scope
Country-specific and role-specific exceptions override the global baseline only when explicitly documented. This version applies to United Kingdom.

## Requirements
- Design Tokens must follow the current approved policy and ownership model. - Operational evidence for design tokens should be retained according to the applicable retention schedule. - Exceptions involving design tokens require documented approval from the responsible owner. - Teams should use standard tooling and published procedures when working with design tokens.

## Controls
Requests requiring elevated access must be approved by the designated owner and recorded in the enterprise service system.

## Procedure
1. Confirm that the request concerns design tokens.
2. Verify the relevant owner, country, environment, and current version.
3. Follow the approved workflow and capture evidence.
4. Escalate unresolved or exceptional cases to Data Platform.

## Validation
Verify the current document version before acting.

## Version
Version 2.4. Status: ARCHIVED. This document is archived and retained only for historical reference.",Software Engineering,Cloud & Security,Frontend,design tokens,migration_guide,Data Platform,Data Platform,UK,United Kingdom,en,"[""design-tokens"", ""eng"", ""frontend"", ""software-engineering""]","[""Frontend"", ""design tokens"", ""design-tokens"", ""eng"", ""frontend"", ""software-engineering""]",INTERNAL,"[""employee"", ""engineer"", ""tech_lead"", ""architect""]",[],github,synthetic://software-engineering/ENG-000104,2.4,2026-05-21,2026-09-23,2026-07-16,,ARCHIVED,True,Synthetic dataset generated for research/demo use,VALIDATED,,51d015a97af8
ENG-000105,ENG-FRONTEND-00082,ENG-000104,Design Tokens — United Kingdom v3.0,"# Design Tokens — United Kingdom v3.0

## Purpose
This document defines the approved operating model for design tokens within Northstar Digital Services.

## Scope
Country-specific and role-specific exceptions override the global baseline only when explicitly documented. This version applies to United Kingdom.

## Requirements
- Design Tokens must follow the current approved policy and ownership model. - Operational evidence for design tokens should be retained according to the applicable retention schedule. - Exceptions involving design tokens require documented approval from the responsible owner. - Teams should use standard tooling and published procedures when working with design tokens.

## Controls
Sensitive information must follow the organisation's classification and least-privilege requirements.

## Procedure
1. Confirm that the request concerns design tokens.
2. Verify the relevant owner, country, environment, and current version.
3. Follow the approved workflow and capture evidence.
4. Escalate unresolved or exceptional cases to Data Platform.

## Validation
If the procedure does not resolve the issue, escalate to the listed owner team with timestamps, identifiers, and evidence.

## Version
Version 3.0. Status: ACTIVE.",Software Engineering,Cloud & Security,Frontend,design tokens,migration_guide,Data Platform,Data Platform,UK,United Kingdom,en,"[""design-tokens"", ""eng"", ""frontend"", ""software-engineering""]","[""Frontend"", ""design tokens"", ""design-tokens"", ""eng"", ""frontend"", ""software-engineering""]",INTERNAL,"[""employee"", ""engineer"", ""tech_lead"", ""architect""]",[],hr_portal,synthetic://software-engineering/ENG-000105,3.0,2024-04-17,2024-12-30,2024-06-16,,ACTIVE,True,Synthetic dataset generated for research/demo use,VALIDATED,,e17878cf7a58
ENG-000106,ENG-TESTING-00083,,End-To-End Testing — Global,"# End-To-End Testing — Global

## Purpose
This document defines the approved operating model for end-to-end testing within Northstar Digital Services.

## Scope
Country-specific and role-specific exceptions override the global baseline only when explicitly documented. This version is the global baseline; country-specific documents may impose additional requirements.

## Requirements
- End-To-End Testing must follow the current approved policy and ownership model. - Operational evidence for end-to-end testing should be retained according to the applicable retention schedule. - Exceptions involving end-to-end testing require documented approval from the responsible owner. - Teams should use standard tooling and published procedures when working with end-to-end testing.

## Controls
Requests requiring elevated access must be approved by the designated owner and recorded in the enterprise service system.

## Procedure
1. Confirm that the request concerns end-to-end testing.
2. Verify the relevant owner, country, environment, and current version.
3. Follow the approved workflow and capture evidence.
4. Escalate unresolved or exceptional cases to Frontend Platform.

## Validation
Do not bypass required controls simply to shorten resolution time.

## Version
Version 1.3. Status: ACTIVE.",Software Engineering,Corporate Functions,Testing,end-to-end testing,architecture_decision_record,Frontend Platform,Frontend Platform,GLOBAL,Global,en,"[""end-to-end-testing"", ""eng"", ""software-engineering"", ""testing""]","[""Testing"", ""end-to-end testing"", ""end-to-end-testing"", ""eng"", ""software-engineering"", ""testing""]",INTERNAL,"[""employee"", ""engineer"", ""tech_lead"", ""architect""]",[],hr_portal,synthetic://software-engineering/ENG-000106,1.3,2024-03-26,2025-02-07,2024-05-02,,ACTIVE,True,Synthetic dataset generated for research/demo use,VALIDATED,,2b2c1e86982d
ENG-000107,ENG-ARCHITEC-00084,,Caching — Global,"# Caching — Global

## Purpose
The standard exists to reduce inconsistent implementation, avoid repeated support effort, and provide an auditable source of truth.

## Scope
Country-specific and role-specific exceptions override the global baseline only when explicitly documented. This version is the global baseline; country-specific documents may impose additional requirements.

## Requirements
- Caching must follow the current approved policy and ownership model. - Operational evidence for caching should be retained according to the applicable retention schedule. - Exceptions involving caching require documented approval from the responsible owner. - Teams should use standard tooling and published procedures when working with caching.

## Controls
Sensitive information must follow the organisation's classification and least-privilege requirements.

## Procedure
1. Confirm that the request concerns caching.
2. Verify the relevant owner, country, environment, and current version.
3. Follow the approved workflow and capture evidence.
4. Escalate unresolved or exceptional cases to Architecture Guild.

## Validation
Verify the current document version before acting.

## Version
Version 1.0. Status: ACTIVE.",Software Engineering,Corporate Functions,Architecture,caching,api_guide,Architecture Guild,Architecture Guild,GLOBAL,Global,en,"[""architecture"", ""caching"", ""eng"", ""software-engineering""]","[""Architecture"", ""architecture"", ""caching"", ""eng"", ""software-engineering""]",INTERNAL,"[""employee"", ""engineer"", ""tech_lead"", ""architect""]",[],github,synthetic://software-engineering/ENG-000107,1.0,2024-11-27,2026-08-23,2024-11-27,,ACTIVE,True,Synthetic dataset generated for research/demo use,VALIDATED,,2653feeb0b8f
ENG-000108,ENG-MESSAGIN-00085,,Schema Evolution — Global,"# Schema Evolution — Global

## Purpose
The standard exists to reduce inconsistent implementation, avoid repeated support effort, and provide an auditable source of truth.

## Scope
Country-specific and role-specific exceptions override the global baseline only when explicitly documented. This version is the global baseline; country-specific documents may impose additional requirements.

## Requirements
- Schema Evolution must follow the current approved policy and ownership model. - Operational evidence for schema evolution should be retained according to the applicable retention schedule. - Exceptions involving schema evolution require documented approval from the responsible owner. - Teams should use standard tooling and published procedures when working with schema evolution.

## Controls
Changes affecting production require peer review, traceable evidence, and rollback instructions.

## Procedure
1. Confirm that the request concerns schema evolution.
2. Verify the relevant owner, country, environment, and current version.
3. Follow the approved workflow and capture evidence.
4. Escalate unresolved or exceptional cases to Developer Experience.

## Validation
If the procedure does not resolve the issue, escalate to the listed owner team with timestamps, identifiers, and evidence.

## Version
Version 1.2. Status: ACTIVE.",Software Engineering,Enterprise Platforms,Messaging,schema evolution,coding_standard,Developer Experience,Developer Experience,GLOBAL,Global,en,"[""eng"", ""messaging"", ""schema-evolution"", ""software-engineering""]","[""Messaging"", ""eng"", ""messaging"", ""schema evolution"", ""schema-evolution"", ""software-engineering""]",INTERNAL,"[""employee"", ""engineer"", ""tech_lead"", ""architect""]",[],hr_portal,synthetic://software-engineering/ENG-000108,1.2,2026-07-08,2026-09-23,2026-07-13,,ACTIVE,True,Synthetic dataset generated for research/demo use,VALIDATED,,a836f421b6ab
ENG-000109,ENG-MESSAGIN-00086,,Schema Evolution — Global,"# Schema Evolution — Global

## Purpose
This document defines the approved operating model for schema evolution within Northstar Digital Services.

## Scope
Archived versions remain available for audit purposes but must not be used for new decisions. This version is the global baseline; country-specific documents may impose additional requirements.

## Requirements
- Schema Evolution must follow the current approved policy and ownership model. - Operational evidence for schema evolution should be retained according to the applicable retention schedule. - Exceptions involving schema evolution require documented approval from the responsible owner. - Teams should use standard tooling and published procedures when working with schema evolution.

## Controls
Changes affecting production require peer review, traceable evidence, and rollback instructions.

## Procedure
1. Confirm that the request concerns schema evolution.
2. Verify the relevant owner, country, environment, and current version.
3. Follow the approved workflow and capture evidence.
4. Escalate unresolved or exceptional cases to Developer Experience.

## Validation
If the procedure does not resolve the issue, escalate to the listed owner team with timestamps, identifiers, and evidence.

## Version
Version 1.2. Status: ARCHIVED. This document is archived and retained only for historical reference.",Software Engineering,Shared Services,Messaging,schema evolution,known_issue,Developer Experience,Developer Experience,GLOBAL,Global,en,"[""eng"", ""messaging"", ""schema-evolution"", ""software-engineering""]","[""Messaging"", ""eng"", ""messaging"", ""schema evolution"", ""schema-evolution"", ""software-engineering""]",CONFIDENTIAL,"[""tech_lead"", ""architect""]","[""Software Engineering""]",servicenow,synthetic://software-engineering/ENG-000109,1.2,2024-05-04,2025-01-19,2024-06-06,2026-10-14,ARCHIVED,True,Synthetic dataset generated for research/demo use,VALIDATED,,faa88ea84046
ENG-000110,ENG-APIS-00087,,Rate Limiting — United Kingdom,"# Rate Limiting — United Kingdom

## Purpose
The standard exists to reduce inconsistent implementation, avoid repeated support effort, and provide an auditable source of truth.

## Scope
Country-specific and role-specific exceptions override the global baseline only when explicitly documented. This version applies to United Kingdom.

## Requirements
- Rate Limiting must follow the current approved policy and ownership model. - Operational evidence for rate limiting should be retained according to the applicable retention schedule. - Exceptions involving rate limiting require documented approval from the responsible owner. - Teams should use standard tooling and published procedures when working with rate limiting.

## Controls
Sensitive information must follow the organisation's classification and least-privilege requirements.

## Procedure
1. Confirm that the request concerns rate limiting.
2. Verify the relevant owner, country, environment, and current version.
3. Follow the approved workflow and capture evidence.
4. Escalate unresolved or exceptional cases to Frontend Platform.

## Validation
Verify the current document version before acting.

## Version
Version 1.2. Status: ACTIVE.",Software Engineering,Cloud & Security,APIs,rate limiting,architecture_decision_record,Frontend Platform,Frontend Platform,UK,United Kingdom,en,"[""apis"", ""eng"", ""rate-limiting"", ""software-engineering""]","[""APIs"", ""apis"", ""eng"", ""rate limiting"", ""rate-limiting"", ""software-engineering""]",INTERNAL,"[""employee"", ""engineer"", ""tech_lead"", ""architect""]",[],confluence,synthetic://software-engineering/ENG-000110,1.2,2026-07-08,2026-07-29,2026-08-09,,ACTIVE,True,Synthetic dataset generated for research/demo use,VALIDATED,,e40310d80e23
ENG-000111,ENG-MESSAGIN-00088,,Schema Evolution — United Kingdom v1.4,"# Schema Evolution — United Kingdom v1.4

## Purpose
Teams must apply this guidance when working with schema evolution in production or employee-facing environments.

## Scope
It applies to employees, contractors, and managed service teams where the stated scope is relevant. This version applies to United Kingdom.

## Requirements
- Schema Evolution must follow the current approved policy and ownership model. - Operational evidence for schema evolution should be retained according to the applicable retention schedule. - Exceptions involving schema evolution require documented approval from the responsible owner. - Teams should use standard tooling and published procedures when working with schema evolution.

## Controls
Changes affecting production require peer review, traceable evidence, and rollback instructions.

## Procedure
1. Confirm that the request concerns schema evolution.
2. Verify the relevant owner, country, environment, and current version.
3. Follow the approved workflow and capture evidence.
4. Escalate unresolved or exceptional cases to Backend Platform.

## Validation
Verify the current document version before acting.

## Version
Version 1.4. Status: ARCHIVED. This document is archived and retained only for historical reference.",Software Engineering,Cloud & Security,Messaging,schema evolution,architecture_decision_record,Backend Platform,Backend Platform,UK,United Kingdom,en,"[""eng"", ""messaging"", ""schema-evolution"", ""software-engineering""]","[""Messaging"", ""eng"", ""messaging"", ""schema evolution"", ""schema-evolution"", ""software-engineering""]",INTERNAL,"[""employee"", ""engineer"", ""tech_lead"", ""architect""]",[],google_drive,synthetic://software-engineering/ENG-000111,1.4,2023-11-18,2025-05-25,2023-12-09,,ARCHIVED,True,Synthetic dataset generated for research/demo use,VALIDATED,,98632c117c95
ENG-000112,ENG-MESSAGIN-00088,ENG-000111,Schema Evolution — United Kingdom v2.2,"# Schema Evolution — United Kingdom v2.2

## Purpose
The standard exists to reduce inconsistent implementation, avoid repeated support effort, and provide an auditable source of truth.

## Scope
It applies to employees, contractors, and managed service teams where the stated scope is relevant. This version applies to United Kingdom.

## Requirements
- Schema Evolution must follow the current approved policy and ownership model. - Operational evidence for schema evolution should be retained according to the applicable retention schedule. - Exceptions involving schema evolution require documented approval from the responsible owner. - Teams should use standard tooling and published procedures when working with schema evolution.

## Controls
Requests requiring elevated access must be approved by the designated owner and recorded in the enterprise service system.

## Procedure
1. Confirm that the request concerns schema evolution.
2. Verify the relevant owner, country, environment, and current version.
3. Follow the approved workflow and capture evidence.
4. Escalate unresolved or exceptional cases to Backend Platform.

## Validation
Verify the current document version before acting.

## Version
Version 2.2. Status: ARCHIVED. This document is archived and retained only for historical reference.",Software Engineering,Enterprise Platforms,Messaging,schema evolution,architecture_decision_record,Backend Platform,Backend Platform,UK,United Kingdom,en,"[""eng"", ""messaging"", ""schema-evolution"", ""software-engineering""]","[""Messaging"", ""eng"", ""messaging"", ""schema evolution"", ""schema-evolution"", ""software-engineering""]",INTERNAL,"[""employee"", ""engineer"", ""tech_lead"", ""architect""]",[],google_drive,synthetic://software-engineering/ENG-000112,2.2,2023-06-29,2025-02-28,2023-07-30,2025-11-21,ARCHIVED,True,Synthetic dataset generated for research/demo use,VALIDATED,,44dc77b4956e
ENG-000113,ENG-MESSAGIN-00088,ENG-000112,Schema Evolution — United Kingdom v3.0,"# Schema Evolution — United Kingdom v3.0

## Purpose
The standard exists to reduce inconsistent implementation, avoid repeated support effort, and provide an auditable source of truth.

## Scope
Country-specific and role-specific exceptions override the global baseline only when explicitly documented. This version applies to United Kingdom.

## Requirements
- Schema Evolution must follow the current approved policy and ownership model. - Operational evidence for schema evolution should be retained according to the applicable retention schedule. - Exceptions involving schema evolution require documented approval from the responsible owner. - Teams should use standard tooling and published procedures when working with schema evolution.

## Controls
Requests requiring elevated access must be approved by the designated owner and recorded in the enterprise service system.

## Procedure
1. Confirm that the request concerns schema evolution.
2. Verify the relevant owner, country, environment, and current version.
3. Follow the approved workflow and capture evidence.
4. Escalate unresolved or exceptional cases to Backend Platform.

## Validation
Verify the current document version before acting.

## Version
Version 3.0. Status: ACTIVE.",Software Engineering,Enterprise Platforms,Messaging,schema evolution,architecture_decision_record,Backend Platform,Backend Platform,UK,United Kingdom,en,"[""eng"", ""messaging"", ""schema-evolution"", ""software-engineering""]","[""Messaging"", ""eng"", ""messaging"", ""schema evolution"", ""schema-evolution"", ""software-engineering""]",EMPLOYEE,"[""employee"", ""engineer"", ""tech_lead"", ""architect""]",[],sharepoint,synthetic://software-engineering/ENG-000113,3.0,2025-02-04,2025-12-31,2025-02-15,,ACTIVE,True,Synthetic dataset generated for research/demo use,VALIDATED,,f447a9b0ffcb
ENG-000114,ENG-PYTHON-B-00089,,Pydantic Contracts — Global,"# Pydantic Contracts — Global

## Purpose
The standard exists to reduce inconsistent implementation, avoid repeated support effort, and provide an auditable source of truth.

## Scope
Archived versions remain available for audit purposes but must not be used for new decisions. This version is the global baseline; country-specific documents may impose additional requirements.

## Requirements
- Pydantic Contracts must follow the current approved policy and ownership model. - Operational evidence for Pydantic contracts should be retained according to the applicable retention schedule. - Exceptions involving Pydantic contracts require documented approval from the responsible owner. - Teams should use standard tooling and published procedures when working with Pydantic contracts.

## Controls
Requests requiring elevated access must be approved by the designated owner and recorded in the enterprise service system.

## Procedure
1. Confirm that the request concerns Pydantic contracts.
2. Verify the relevant owner, country, environment, and current version.
3. Follow the approved workflow and capture evidence.
4. Escalate unresolved or exceptional cases to Data Platform.

## Validation
Verify the current document version before acting.

## Version
Version 1.3. Status: ACTIVE.",Software Engineering,Enterprise Platforms,Python Backend,Pydantic contracts,known_issue,Data Platform,Data Platform,GLOBAL,Global,en,"[""eng"", ""pydantic-contracts"", ""python-backend"", ""software-engineering""]","[""Pydantic contracts"", ""Python Backend"", ""eng"", ""pydantic-contracts"", ""python-backend"", ""software-engineering""]",INTERNAL,"[""employee"", ""engineer"", ""tech_lead"", ""architect""]",[],google_drive,synthetic://software-engineering/ENG-000114,1.3,2024-03-31,2024-10-08,2024-05-03,,ACTIVE,True,Synthetic dataset generated for research/demo use,VALIDATED,,92e78b0ca130
ENG-000115,ENG-ARCHITEC-00090,,Adr Process — Global,"# Adr Process — Global

## Purpose
Teams must apply this guidance when working with ADR process in production or employee-facing environments.

## Scope
It applies to employees, contractors, and managed service teams where the stated scope is relevant. This version is the global baseline; country-specific documents may impose additional requirements.

## Requirements
- Adr Process must follow the current approved policy and ownership model. - Operational evidence for ADR process should be retained according to the applicable retention schedule. - Exceptions involving ADR process require documented approval from the responsible owner. - Teams should use standard tooling and published procedures when working with ADR process.

## Controls
Sensitive information must follow the organisation's classification and least-privilege requirements.

## Procedure
1. Confirm that the request concerns ADR process.
2. Verify the relevant owner, country, environment, and current version.
3. Follow the approved workflow and capture evidence.
4. Escalate unresolved or exceptional cases to Architecture Guild.

## Validation
If the procedure does not resolve the issue, escalate to the listed owner team with timestamps, identifiers, and evidence.

## Version
Version 1.1. Status: ACTIVE.",Software Engineering,Corporate Functions,Architecture,ADR process,technical_standard,Architecture Guild,Architecture Guild,GLOBAL,Global,en,"[""adr-process"", ""architecture"", ""eng"", ""software-engineering""]","[""ADR process"", ""Architecture"", ""adr-process"", ""architecture"", ""eng"", ""software-engineering""]",EMPLOYEE,"[""employee"", ""engineer"", ""tech_lead"", ""architect""]",[],sharepoint,synthetic://software-engineering/ENG-000115,1.1,2025-09-12,2026-09-23,2025-09-22,,ACTIVE,True,Synthetic dataset generated for research/demo use,VALIDATED,,3eadbe7e3c9f
ENG-000116,ENG-APIS-00091,,Pagination — Global,"# Pagination — Global

## Purpose
Teams must apply this guidance when working with pagination in production or employee-facing environments.

## Scope
Country-specific and role-specific exceptions override the global baseline only when explicitly documented. This version is the global baseline; country-specific documents may impose additional requirements.

## Requirements
- Pagination must follow the current approved policy and ownership model. - Operational evidence for pagination should be retained according to the applicable retention schedule. - Exceptions involving pagination require documented approval from the responsible owner. - Teams should use standard tooling and published procedures when working with pagination.

## Controls
Changes affecting production require peer review, traceable evidence, and rollback instructions.

## Procedure
1. Confirm that the request concerns pagination.
2. Verify the relevant owner, country, environment, and current version.
3. Follow the approved workflow and capture evidence.
4. Escalate unresolved or exceptional cases to Developer Experience.

## Validation
Do not bypass required controls simply to shorten resolution time.

## Version
Version 1.0. Status: ACTIVE.",Software Engineering,Shared Services,APIs,pagination,technical_standard,Developer Experience,Developer Experience,GLOBAL,Global,en,"[""apis"", ""eng"", ""pagination"", ""software-engineering""]","[""APIs"", ""apis"", ""eng"", ""pagination"", ""software-engineering""]",INTERNAL,"[""employee"", ""engineer"", ""tech_lead"", ""architect""]",[],sharepoint,synthetic://software-engineering/ENG-000116,1.0,2026-07-28,2026-09-23,2026-08-07,,ACTIVE,True,Synthetic dataset generated for research/demo use,VALIDATED,,4f0e118090f5
ENG-000117,ENG-PYTHON-B-00092,,Fastapi Service Standard — Singapore,"# Fastapi Service Standard — Singapore

## Purpose
This document defines the approved operating model for FastAPI service standard within Northstar Digital Services.

## Scope
Archived versions remain available for audit purposes but must not be used for new decisions. This version applies to Singapore.

## Requirements
- Service contracts must use explicit schemas. - Health and readiness endpoints are required. - Timeouts, structured logging, and request IDs are mandatory in production. - Service contracts must use explicit schemas.

## Controls
Requests requiring elevated access must be approved by the designated owner and recorded in the enterprise service system.

## Procedure
1. Confirm that the request concerns FastAPI service standard.
2. Verify the relevant owner, country, environment, and current version.
3. Follow the approved workflow and capture evidence.
4. Escalate unresolved or exceptional cases to Architecture Guild.

## Validation
Do not bypass required controls simply to shorten resolution time.

## Version
Version 1.3. Status: ACTIVE.",Software Engineering,Digital Delivery,Python Backend,FastAPI service standard,migration_guide,Architecture Guild,Architecture Guild,SG,Singapore,en,"[""eng"", ""fastapi-service-standard"", ""python-backend"", ""software-engineering""]","[""FastAPI service standard"", ""Python Backend"", ""eng"", ""fastapi-service-standard"", ""python-backend"", ""software-engineering""]",INTERNAL,"[""employee"", ""engineer"", ""tech_lead"", ""architect""]",[],google_drive,synthetic://software-engineering/ENG-000117,1.3,2023-09-06,2024-02-11,2023-09-14,,ACTIVE,True,Synthetic dataset generated for research/demo use,VALIDATED,,a67b6596c753
ENG-000118,ENG-TESTING-00093,,Test Data — Global,"# Test Data — Global

## Purpose
Teams must apply this guidance when working with test data in production or employee-facing environments.

## Scope
Country-specific and role-specific exceptions override the global baseline only when explicitly documented. This version is the global baseline; country-specific documents may impose additional requirements.

## Requirements
- Test Data must follow the current approved policy and ownership model. - Operational evidence for test data should be retained according to the applicable retention schedule. - Exceptions involving test data require documented approval from the responsible owner. - Teams should use standard tooling and published procedures when working with test data.

## Controls
Requests requiring elevated access must be approved by the designated owner and recorded in the enterprise service system.

## Procedure
1. Confirm that the request concerns test data.
2. Verify the relevant owner, country, environment, and current version.
3. Follow the approved workflow and capture evidence.
4. Escalate unresolved or exceptional cases to Data Platform.

## Validation
Verify the current document version before acting.

## Version
Version 1.0. Status: ACTIVE.",Software Engineering,Enterprise Platforms,Testing,test data,technical_standard,Data Platform,Data Platform,GLOBAL,Global,en,"[""eng"", ""software-engineering"", ""test-data"", ""testing""]","[""Testing"", ""eng"", ""software-engineering"", ""test data"", ""test-data"", ""testing""]",INTERNAL,"[""employee"", ""engineer"", ""tech_lead"", ""architect""]",[],confluence,synthetic://software-engineering/ENG-000118,1.0,2023-07-29,2024-07-27,2023-08-31,,ACTIVE,True,Synthetic dataset generated for research/demo use,VALIDATED,,f3db32728f82
ENG-000119,ENG-FRONTEND-00094,,React Standards — United States,"# React Standards — United States

## Purpose
This document defines the approved operating model for React standards within Northstar Digital Services.

## Scope
It applies to employees, contractors, and managed service teams where the stated scope is relevant. This version applies to United States.

## Requirements
- React Standards must follow the current approved policy and ownership model. - Operational evidence for React standards should be retained according to the applicable retention schedule. - Exceptions involving React standards require documented approval from the responsible owner. - Teams should use standard tooling and published procedures when working with React standards.

## Controls
Changes affecting production require peer review, traceable evidence, and rollback instructions.

## Procedure
1. Confirm that the request concerns React standards.
2. Verify the relevant owner, country, environment, and current version.
3. Follow the approved workflow and capture evidence.
4. Escalate unresolved or exceptional cases to Architecture Guild.

## Validation
Verify the current document version before acting.

## Version
Version 1.2. Status: ACTIVE.",Software Engineering,Enterprise Platforms,Frontend,React standards,coding_standard,Architecture Guild,Architecture Guild,US,United States,en,"[""eng"", ""frontend"", ""react-standards"", ""software-engineering""]","[""Frontend"", ""React standards"", ""eng"", ""frontend"", ""react-standards"", ""software-engineering""]",INTERNAL,"[""employee"", ""engineer"", ""tech_lead"", ""architect""]",[],hr_portal,synthetic://software-engineering/ENG-000119,1.2,2024-11-29,2025-08-16,2025-01-04,,ACTIVE,True,Synthetic dataset generated for research/demo use,VALIDATED,,378dc5d802f8
ENG-000120,ENG-DATABASE-00095,,Connection Pooling — Global,"# Connection Pooling — Global

## Purpose
Teams must apply this guidance when working with connection pooling in production or employee-facing environments.

## Scope
It applies to employees, contractors, and managed service teams where the stated scope is relevant. This version is the global baseline; country-specific documents may impose additional requirements.

## Requirements
- Connection Pooling must follow the current approved policy and ownership model. - Operational evidence for connection pooling should be retained according to the applicable retention schedule. - Exceptions involving connection pooling require documented approval from the responsible owner. - Teams should use standard tooling and published procedures when working with connection pooling.

## Controls
Sensitive information must follow the organisation's classification and least-privilege requirements.

## Procedure
1. Confirm that the request concerns connection pooling.
2. Verify the relevant owner, country, environment, and current version.
3. Follow the approved workflow and capture evidence.
4. Escalate unresolved or exceptional cases to Data Platform.

## Validation
Verify the current document version before acting.

## Version
Version 1.2. Status: ACTIVE.",Software Engineering,Digital Delivery,Databases,connection pooling,known_issue,Data Platform,Data Platform,GLOBAL,Global,en,"[""connection-pooling"", ""databases"", ""eng"", ""software-engineering""]","[""Databases"", ""connection pooling"", ""connection-pooling"", ""databases"", ""eng"", ""software-engineering""]",INTERNAL,"[""employee"", ""engineer"", ""tech_lead"", ""architect""]",[],sharepoint,synthetic://software-engineering/ENG-000120,1.2,2024-08-17,2024-12-08,2024-09-06,,ACTIVE,True,Synthetic dataset generated for research/demo use,VALIDATED,,669cb22d7f4b
ENG-000121,ENG-ARCHITEC-00096,,Monolith Decomposition — United Kingdom,"# Monolith Decomposition — United Kingdom

## Purpose
The standard exists to reduce inconsistent implementation, avoid repeated support effort, and provide an auditable source of truth.

## Scope
It applies to employees, contractors, and managed service teams where the stated scope is relevant. This version applies to United Kingdom.

## Requirements
- Monolith Decomposition must follow the current approved policy and ownership model. - Operational evidence for monolith decomposition should be retained according to the applicable retention schedule. - Exceptions involving monolith decomposition require documented approval from the responsible owner. - Teams should use standard tooling and published procedures when working with monolith decomposition.

## Controls
Changes affecting production require peer review, traceable evidence, and rollback instructions.

## Procedure
1. Confirm that the request concerns monolith decomposition.
2. Verify the relevant owner, country, environment, and current version.
3. Follow the approved workflow and capture evidence.
4. Escalate unresolved or exceptional cases to Backend Platform.

## Validation
If the procedure does not resolve the issue, escalate to the listed owner team with timestamps, identifiers, and evidence.

## Version
Version 1.3. Status: ACTIVE.",Software Engineering,Corporate Functions,Architecture,monolith decomposition,known_issue,Backend Platform,Backend Platform,UK,United Kingdom,en,"[""architecture"", ""eng"", ""monolith-decomposition"", ""software-engineering""]","[""Architecture"", ""architecture"", ""eng"", ""monolith decomposition"", ""monolith-decomposition"", ""software-engineering""]",INTERNAL,"[""employee"", ""engineer"", ""tech_lead"", ""architect""]",[],github,synthetic://software-engineering/ENG-000121,1.3,2026-06-01,2026-09-23,2026-06-20,,ACTIVE,True,Synthetic dataset generated for research/demo use,VALIDATED,,8db00b5e4ded
ENG-000122,ENG-FRONTEND-00097,,Performance Budgets — Global,"# Performance Budgets — Global

## Purpose
The standard exists to reduce inconsistent implementation, avoid repeated support effort, and provide an auditable source of truth.

## Scope
Archived versions remain available for audit purposes but must not be used for new decisions. This version is the global baseline; country-specific documents may impose additional requirements.

## Requirements
- Performance Budgets must follow the current approved policy and ownership model. - Operational evidence for performance budgets should be retained according to the applicable retention schedule. - Exceptions involving performance budgets require documented approval from the responsible owner. - Teams should use standard tooling and published procedures when working with performance budgets.

## Controls
Sensitive information must follow the organisation's classification and least-privilege requirements.

## Procedure
1. Confirm that the request concerns performance budgets.
2. Verify the relevant owner, country, environment, and current version.
3. Follow the approved workflow and capture evidence.
4. Escalate unresolved or exceptional cases to Architecture Guild.

## Validation
Verify the current document version before acting.

## Version
Version 1.3. Status: ACTIVE.",Software Engineering,Enterprise Platforms,Frontend,performance budgets,coding_standard,Architecture Guild,Architecture Guild,GLOBAL,Global,en,"[""eng"", ""frontend"", ""performance-budgets"", ""software-engineering""]","[""Frontend"", ""eng"", ""frontend"", ""performance budgets"", ""performance-budgets"", ""software-engineering""]",EMPLOYEE,"[""employee"", ""engineer"", ""tech_lead"", ""architect""]",[],servicenow,synthetic://software-engineering/ENG-000122,1.3,2023-11-15,2023-11-15,2023-12-28,,ACTIVE,True,Synthetic dataset generated for research/demo use,VALIDATED,,afa063b19c15
ENG-000123,ENG-JAVA-SER-00098,,Dependency Management — United Kingdom,"# Dependency Management — United Kingdom

## Purpose
Teams must apply this guidance when working with dependency management in production or employee-facing environments.

## Scope
Archived versions remain available for audit purposes but must not be used for new decisions. This version applies to United Kingdom.

## Requirements
- Dependency Management must follow the current approved policy and ownership model. - Operational evidence for dependency management should be retained according to the applicable retention schedule. - Exceptions involving dependency management require documented approval from the responsible owner. - Teams should use standard tooling and published procedures when working with dependency management.

## Controls
Changes affecting production require peer review, traceable evidence, and rollback instructions.

## Procedure
1. Confirm that the request concerns dependency management.
2. Verify the relevant owner, country, environment, and current version.
3. Follow the approved workflow and capture evidence.
4. Escalate unresolved or exceptional cases to Data Platform.

## Validation
Verify the current document version before acting.

## Version
Version 1.3. Status: ACTIVE.",Software Engineering,Shared Services,Java Services,dependency management,coding_standard,Data Platform,Data Platform,UK,United Kingdom,en,"[""dependency-management"", ""eng"", ""java-services"", ""software-engineering""]","[""Java Services"", ""dependency management"", ""dependency-management"", ""eng"", ""java-services"", ""software-engineering""]",CONFIDENTIAL,"[""tech_lead"", ""architect""]","[""Software Engineering""]",servicenow,synthetic://software-engineering/ENG-000123,1.3,2025-01-09,2025-06-06,2025-02-14,,ACTIVE,True,Synthetic dataset generated for research/demo use,VALIDATED,,9c51a369d6f3
ENG-000124,ENG-TESTING-00099,,End-To-End Testing — United Kingdom v1.2,"# End-To-End Testing — United Kingdom v1.2

## Purpose
This document defines the approved operating model for end-to-end testing within Northstar Digital Services.

## Scope
Archived versions remain available for audit purposes but must not be used for new decisions. This version applies to United Kingdom.

## Requirements
- End-To-End Testing must follow the current approved policy and ownership model. - Operational evidence for end-to-end testing should be retained according to the applicable retention schedule. - Exceptions involving end-to-end testing require documented approval from the responsible owner. - Teams should use standard tooling and published procedures when working with end-to-end testing.

## Controls
Sensitive information must follow the organisation's classification and least-privilege requirements.

## Procedure
1. Confirm that the request concerns end-to-end testing.
2. Verify the relevant owner, country, environment, and current version.
3. Follow the approved workflow and capture evidence.
4. Escalate unresolved or exceptional cases to Backend Platform.

## Validation
If the procedure does not resolve the issue, escalate to the listed owner team with timestamps, identifiers, and evidence.

## Version
Version 1.2. Status: ARCHIVED. This document is archived and retained only for historical reference.",Software Engineering,Cloud & Security,Testing,end-to-end testing,technical_standard,Backend Platform,Backend Platform,UK,United Kingdom,en,"[""end-to-end-testing"", ""eng"", ""software-engineering"", ""testing""]","[""Testing"", ""end-to-end testing"", ""end-to-end-testing"", ""eng"", ""software-engineering"", ""testing""]",INTERNAL,"[""employee"", ""engineer"", ""tech_lead"", ""architect""]",[],confluence,synthetic://software-engineering/ENG-000124,1.2,2026-03-19,2026-09-23,2026-04-06,2027-05-18,ARCHIVED,True,Synthetic dataset generated for research/demo use,VALIDATED,,beb20cccd9a1
ENG-000125,ENG-TESTING-00099,ENG-000124,End-To-End Testing — United Kingdom v2.1,"# End-To-End Testing — United Kingdom v2.1

## Purpose
This document defines the approved operating model for end-to-end testing within Northstar Digital Services.

## Scope
It applies to employees, contractors, and managed service teams where the stated scope is relevant. This version applies to United Kingdom.

## Requirements
- End-To-End Testing must follow the current approved policy and ownership model. - Operational evidence for end-to-end testing should be retained according to the applicable retention schedule. - Exceptions involving end-to-end testing require documented approval from the responsible owner. - Teams should use standard tooling and published procedures when working with end-to-end testing.

## Controls
Sensitive information must follow the organisation's classification and least-privilege requirements.

## Procedure
1. Confirm that the request concerns end-to-end testing.
2. Verify the relevant owner, country, environment, and current version.
3. Follow the approved workflow and capture evidence.
4. Escalate unresolved or exceptional cases to Backend Platform.

## Validation
Do not bypass required controls simply to shorten resolution time.

## Version
Version 2.1. Status: ARCHIVED. This document is archived and retained only for historical reference.",Software Engineering,Shared Services,Testing,end-to-end testing,technical_standard,Backend Platform,Backend Platform,UK,United Kingdom,en,"[""end-to-end-testing"", ""eng"", ""software-engineering"", ""testing""]","[""Testing"", ""end-to-end testing"", ""end-to-end-testing"", ""eng"", ""software-engineering"", ""testing""]",INTERNAL,"[""employee"", ""engineer"", ""tech_lead"", ""architect""]",[],confluence,synthetic://software-engineering/ENG-000125,2.1,2026-06-09,2026-07-17,2026-07-30,,ARCHIVED,True,Synthetic dataset generated for research/demo use,VALIDATED,,909a4590fa5b
ENG-000126,ENG-TESTING-00099,ENG-000125,End-To-End Testing — United Kingdom v3.2,"# End-To-End Testing — United Kingdom v3.2

## Purpose
Teams must apply this guidance when working with end-to-end testing in production or employee-facing environments.

## Scope
Country-specific and role-specific exceptions override the global baseline only when explicitly documented. This version applies to United Kingdom.

## Requirements
- End-To-End Testing must follow the current approved policy and ownership model. - Operational evidence for end-to-end testing should be retained according to the applicable retention schedule. - Exceptions involving end-to-end testing require documented approval from the responsible owner. - Teams should use standard tooling and published procedures when working with end-to-end testing.

## Controls
Sensitive information must follow the organisation's classification and least-privilege requirements.

## Procedure
1. Confirm that the request concerns end-to-end testing.
2. Verify the relevant owner, country, environment, and current version.
3. Follow the approved workflow and capture evidence.
4. Escalate unresolved or exceptional cases to Backend Platform.

## Validation
If the procedure does not resolve the issue, escalate to the listed owner team with timestamps, identifiers, and evidence.

## Version
Version 3.2. Status: ACTIVE.",Software Engineering,Enterprise Platforms,Testing,end-to-end testing,technical_standard,Backend Platform,Backend Platform,UK,United Kingdom,en,"[""end-to-end-testing"", ""eng"", ""software-engineering"", ""testing""]","[""Testing"", ""end-to-end testing"", ""end-to-end-testing"", ""eng"", ""software-engineering"", ""testing""]",INTERNAL,"[""employee"", ""engineer"", ""tech_lead"", ""architect""]",[],google_drive,synthetic://software-engineering/ENG-000126,3.2,2024-07-19,2025-06-09,2024-07-22,,ACTIVE,True,Synthetic dataset generated for research/demo use,VALIDATED,,f1e1396da68a
ENG-000127,ENG-DATABASE-00100,,Connection Pooling — United Kingdom,"# Connection Pooling — United Kingdom

## Purpose
Teams must apply this guidance when working with connection pooling in production or employee-facing environments.

## Scope
Country-specific and role-specific exceptions override the global baseline only when explicitly documented. This version applies to United Kingdom.

## Requirements
- Connection Pooling must follow the current approved policy and ownership model. - Operational evidence for connection pooling should be retained according to the applicable retention schedule. - Exceptions involving connection pooling require documented approval from the responsible owner. - Teams should use standard tooling and published procedures when working with connection pooling.

## Controls
Sensitive information must follow the organisation's classification and least-privilege requirements.

## Procedure
1. Confirm that the request concerns connection pooling.
2. Verify the relevant owner, country, environment, and current version.
3. Follow the approved workflow and capture evidence.
4. Escalate unresolved or exceptional cases to Data Platform.

## Validation
If the procedure does not resolve the issue, escalate to the listed owner team with timestamps, identifiers, and evidence.

## Version
Version 1.2. Status: ACTIVE.",Software Engineering,Shared Services,Databases,connection pooling,architecture_decision_record,Data Platform,Data Platform,UK,United Kingdom,en,"[""connection-pooling"", ""databases"", ""eng"", ""software-engineering""]","[""Databases"", ""connection pooling"", ""connection-pooling"", ""databases"", ""eng"", ""software-engineering""]",INTERNAL,"[""employee"", ""engineer"", ""tech_lead"", ""architect""]",[],hr_portal,synthetic://software-engineering/ENG-000127,1.2,2024-12-20,2025-08-02,2025-01-01,,ACTIVE,True,Synthetic dataset generated for research/demo use,VALIDATED,,7bcd4bb0f832
ENG-000128,ENG-ARCHITEC-00101,,Event-Driven Design — Global,"# Event-Driven Design — Global

## Purpose
Teams must apply this guidance when working with event-driven design in production or employee-facing environments.

## Scope
It applies to employees, contractors, and managed service teams where the stated scope is relevant. This version is the global baseline; country-specific documents may impose additional requirements.

## Requirements
- Event-Driven Design must follow the current approved policy and ownership model. - Operational evidence for event-driven design should be retained according to the applicable retention schedule. - Exceptions involving event-driven design require documented approval from the responsible owner. - Teams should use standard tooling and published procedures when working with event-driven design.

## Controls
Requests requiring elevated access must be approved by the designated owner and recorded in the enterprise service system.

## Procedure
1. Confirm that the request concerns event-driven design.
2. Verify the relevant owner, country, environment, and current version.
3. Follow the approved workflow and capture evidence.
4. Escalate unresolved or exceptional cases to Backend Platform.

## Validation
If the procedure does not resolve the issue, escalate to the listed owner team with timestamps, identifiers, and evidence.

## Version
Version 1.4. Status: ACTIVE.",Software Engineering,Corporate Functions,Architecture,event-driven design,design_note,Backend Platform,Backend Platform,GLOBAL,Global,en,"[""architecture"", ""eng"", ""event-driven-design"", ""software-engineering""]","[""Architecture"", ""architecture"", ""eng"", ""event-driven design"", ""event-driven-design"", ""software-engineering""]",INTERNAL,"[""employee"", ""engineer"", ""tech_lead"", ""architect""]",[],sharepoint,synthetic://software-engineering/ENG-000128,1.4,2026-08-10,2026-09-07,2026-08-16,,ACTIVE,True,Synthetic dataset generated for research/demo use,VALIDATED,,2a0ce637d146
ENG-000129,ENG-JAVA-SER-00102,,Dependency Management — India,"# Dependency Management — India

## Purpose
This document defines the approved operating model for dependency management within Northstar Digital Services.

## Scope
Country-specific and role-specific exceptions override the global baseline only when explicitly documented. This version applies to India.

## Requirements
- Dependency Management must follow the current approved policy and ownership model. - Operational evidence for dependency management should be retained according to the applicable retention schedule. - Exceptions involving dependency management require documented approval from the responsible owner. - Teams should use standard tooling and published procedures when working with dependency management.

## Controls
Changes affecting production require peer review, traceable evidence, and rollback instructions.

## Procedure
1. Confirm that the request concerns dependency management.
2. Verify the relevant owner, country, environment, and current version.
3. Follow the approved workflow and capture evidence.
4. Escalate unresolved or exceptional cases to Backend Platform.

## Validation
If the procedure does not resolve the issue, escalate to the listed owner team with timestamps, identifiers, and evidence.

## Version
Version 1.1. Status: DRAFT.  This document is a draft and must not be treated as an approved source of policy.",Software Engineering,Corporate Functions,Java Services,dependency management,api_guide,Backend Platform,Backend Platform,IN,India,en,"[""dependency-management"", ""eng"", ""java-services"", ""software-engineering""]","[""Java Services"", ""dependency management"", ""dependency-management"", ""eng"", ""java-services"", ""software-engineering""]",INTERNAL,"[""employee"", ""engineer"", ""tech_lead"", ""architect""]",[],confluence,synthetic://software-engineering/ENG-000129,1.1,2025-12-11,2026-09-23,2026-01-10,,DRAFT,True,Synthetic dataset generated for research/demo use,VALIDATED,,6e6570c27cf1
ENG-000130,ENG-PYTHON-B-00103,,Fastapi Service Standard — United States v1.4,"# Fastapi Service Standard — United States v1.4

## Purpose
Teams must apply this guidance when working with FastAPI service standard in production or employee-facing environments.

## Scope
It applies to employees, contractors, and managed service teams where the stated scope is relevant. This version applies to United States.

## Requirements
- Service contracts must use explicit schemas. - Health and readiness endpoints are required. - Timeouts, structured logging, and request IDs are mandatory in production. - Service contracts must use explicit schemas.

## Controls
Sensitive information must follow the organisation's classification and least-privilege requirements.

## Procedure
1. Confirm that the request concerns FastAPI service standard.
2. Verify the relevant owner, country, environment, and current version.
3. Follow the approved workflow and capture evidence.
4. Escalate unresolved or exceptional cases to Architecture Guild.

## Validation
Do not bypass required controls simply to shorten resolution time.

## Version
Version 1.4. Status: ARCHIVED. This document is archived and retained only for historical reference.",Software Engineering,Enterprise Platforms,Python Backend,FastAPI service standard,technical_standard,Architecture Guild,Architecture Guild,US,United States,en,"[""eng"", ""fastapi-service-standard"", ""python-backend"", ""software-engineering""]","[""FastAPI service standard"", ""Python Backend"", ""eng"", ""fastapi-service-standard"", ""python-backend"", ""software-engineering""]",CONFIDENTIAL,"[""tech_lead"", ""architect""]","[""Software Engineering""]",confluence,synthetic://software-engineering/ENG-000130,1.4,2026-04-02,2026-09-23,2026-04-17,2027-12-23,ARCHIVED,True,Synthetic dataset generated for research/demo use,VALIDATED,,973c82059735
ENG-000131,ENG-PYTHON-B-00103,ENG-000130,Fastapi Service Standard — United States v2.4,"# Fastapi Service Standard — United States v2.4

## Purpose
Teams must apply this guidance when working with FastAPI service standard in production or employee-facing environments.

## Scope
Country-specific and role-specific exceptions override the global baseline only when explicitly documented. This version applies to United States.

## Requirements
- Service contracts must use explicit schemas. - Health and readiness endpoints are required. - Timeouts, structured logging, and request IDs are mandatory in production. - Service contracts must use explicit schemas.

## Controls
Requests requiring elevated access must be approved by the designated owner and recorded in the enterprise service system.

## Procedure
1. Confirm that the request concerns FastAPI service standard.
2. Verify the relevant owner, country, environment, and current version.
3. Follow the approved workflow and capture evidence.
4. Escalate unresolved or exceptional cases to Architecture Guild.

## Validation
Do not bypass required controls simply to shorten resolution time.

## Version
Version 2.4. Status: ARCHIVED. This document is archived and retained only for historical reference.",Software Engineering,Enterprise Platforms,Python Backend,FastAPI service standard,technical_standard,Architecture Guild,Architecture Guild,US,United States,en,"[""eng"", ""fastapi-service-standard"", ""python-backend"", ""software-engineering""]","[""FastAPI service standard"", ""Python Backend"", ""eng"", ""fastapi-service-standard"", ""python-backend"", ""software-engineering""]",INTERNAL,"[""employee"", ""engineer"", ""tech_lead"", ""architect""]",[],google_drive,synthetic://software-engineering/ENG-000131,2.4,2023-06-02,2023-10-02,2023-07-14,2025-08-26,ARCHIVED,True,Synthetic dataset generated for research/demo use,VALIDATED,,9fa6813eea98
ENG-000132,ENG-PYTHON-B-00103,ENG-000131,Fastapi Service Standard — United States v3.4,"# Fastapi Service Standard — United States v3.4

## Purpose
Teams must apply this guidance when working with FastAPI service standard in production or employee-facing environments.

## Scope
Archived versions remain available for audit purposes but must not be used for new decisions. This version applies to United States.

## Requirements
- Service contracts must use explicit schemas. - Health and readiness endpoints are required. - Timeouts, structured logging, and request IDs are mandatory in production. - Service contracts must use explicit schemas.

## Controls
Changes affecting production require peer review, traceable evidence, and rollback instructions.

## Procedure
1. Confirm that the request concerns FastAPI service standard.
2. Verify the relevant owner, country, environment, and current version.
3. Follow the approved workflow and capture evidence.
4. Escalate unresolved or exceptional cases to Architecture Guild.

## Validation
If the procedure does not resolve the issue, escalate to the listed owner team with timestamps, identifiers, and evidence.

## Version
Version 3.4. Status: ACTIVE.",Software Engineering,Shared Services,Python Backend,FastAPI service standard,technical_standard,Architecture Guild,Architecture Guild,US,United States,en,"[""eng"", ""fastapi-service-standard"", ""python-backend"", ""software-engineering""]","[""FastAPI service standard"", ""Python Backend"", ""eng"", ""fastapi-service-standard"", ""python-backend"", ""software-engineering""]",EMPLOYEE,"[""employee"", ""engineer"", ""tech_lead"", ""architect""]",[],confluence,synthetic://software-engineering/ENG-000132,3.4,2025-10-30,2025-12-09,2025-11-08,,ACTIVE,True,Synthetic dataset generated for research/demo use,VALIDATED,,09c3ad3e51fb
ENG-000133,ENG-MESSAGIN-00104,,Exactly-Once Semantics — United States,"# Exactly-Once Semantics — United States

## Purpose
This document defines the approved operating model for exactly-once semantics within Northstar Digital Services.

## Scope
Country-specific and role-specific exceptions override the global baseline only when explicitly documented. This version applies to United States.

## Requirements
- Exactly-Once Semantics must follow the current approved policy and ownership model. - Operational evidence for exactly-once semantics should be retained according to the applicable retention schedule. - Exceptions involving exactly-once semantics require documented approval from the responsible owner. - Teams should use standard tooling and published procedures when working with exactly-once semantics.

## Controls
Changes affecting production require peer review, traceable evidence, and rollback instructions.

## Procedure
1. Confirm that the request concerns exactly-once semantics.
2. Verify the relevant owner, country, environment, and current version.
3. Follow the approved workflow and capture evidence.
4. Escalate unresolved or exceptional cases to Backend Platform.

## Validation
Do not bypass required controls simply to shorten resolution time.

## Version
Version 1.3. Status: ACTIVE.",Software Engineering,Shared Services,Messaging,exactly-once semantics,coding_standard,Backend Platform,Backend Platform,US,United States,en,"[""eng"", ""exactly-once-semantics"", ""messaging"", ""software-engineering""]","[""Messaging"", ""eng"", ""exactly-once semantics"", ""exactly-once-semantics"", ""messaging"", ""software-engineering""]",INTERNAL,"[""employee"", ""engineer"", ""tech_lead"", ""architect""]",[],servicenow,synthetic://software-engineering/ENG-000133,1.3,2025-04-22,2026-02-11,2025-05-08,,ACTIVE,True,Synthetic dataset generated for research/demo use,VALIDATED,,afb1116ba49e
ENG-000134,ENG-TESTING-00105,,Contract Testing — Global,"# Contract Testing — Global

## Purpose
The standard exists to reduce inconsistent implementation, avoid repeated support effort, and provide an auditable source of truth.

## Scope
It applies to employees, contractors, and managed service teams where the stated scope is relevant. This version is the global baseline; country-specific documents may impose additional requirements.

## Requirements
- Contract Testing must follow the current approved policy and ownership model. - Operational evidence for contract testing should be retained according to the applicable retention schedule. - Exceptions involving contract testing require documented approval from the responsible owner. - Teams should use standard tooling and published procedures when working with contract testing.

## Controls
Requests requiring elevated access must be approved by the designated owner and recorded in the enterprise service system.

## Procedure
1. Confirm that the request concerns contract testing.
2. Verify the relevant owner, country, environment, and current version.
3. Follow the approved workflow and capture evidence.
4. Escalate unresolved or exceptional cases to Data Platform.

## Validation
Verify the current document version before acting.

## Version
Version 1.3. Status: ACTIVE.",Software Engineering,Cloud & Security,Testing,contract testing,known_issue,Data Platform,Data Platform,GLOBAL,Global,en,"[""contract-testing"", ""eng"", ""software-engineering"", ""testing""]","[""Testing"", ""contract testing"", ""contract-testing"", ""eng"", ""software-engineering"", ""testing""]",INTERNAL,"[""employee"", ""engineer"", ""tech_lead"", ""architect""]",[],github,synthetic://software-engineering/ENG-000134,1.3,2025-01-20,2025-01-25,2025-02-11,,ACTIVE,True,Synthetic dataset generated for research/demo use,VALIDATED,,b6a0ac17e423
ENG-000135,ENG-MESSAGIN-00106,,Exactly-Once Semantics — Global,"# Exactly-Once Semantics — Global

## Purpose
The standard exists to reduce inconsistent implementation, avoid repeated support effort, and provide an auditable source of truth.

## Scope
Archived versions remain available for audit purposes but must not be used for new decisions. This version is the global baseline; country-specific documents may impose additional requirements.

## Requirements
- Exactly-Once Semantics must follow the current approved policy and ownership model. - Operational evidence for exactly-once semantics should be retained according to the applicable retention schedule. - Exceptions involving exactly-once semantics require documented approval from the responsible owner. - Teams should use standard tooling and published procedures when working with exactly-once semantics.

## Controls
Requests requiring elevated access must be approved by the designated owner and recorded in the enterprise service system.

## Procedure
1. Confirm that the request concerns exactly-once semantics.
2. Verify the relevant owner, country, environment, and current version.
3. Follow the approved workflow and capture evidence.
4. Escalate unresolved or exceptional cases to Data Platform.

## Validation
Verify the current document version before acting.

## Version
Version 1.1. Status: ACTIVE.",Software Engineering,Enterprise Platforms,Messaging,exactly-once semantics,design_note,Data Platform,Data Platform,GLOBAL,Global,en,"[""eng"", ""exactly-once-semantics"", ""messaging"", ""software-engineering""]","[""Messaging"", ""eng"", ""exactly-once semantics"", ""exactly-once-semantics"", ""messaging"", ""software-engineering""]",INTERNAL,"[""employee"", ""engineer"", ""tech_lead"", ""architect""]",[],sharepoint,synthetic://software-engineering/ENG-000135,1.1,2025-05-04,2026-05-17,2025-06-17,,ACTIVE,True,Synthetic dataset generated for research/demo use,VALIDATED,,f629f1fdfe27
ENG-000136,ENG-FRONTEND-00107,,Performance Budgets — Australia,"# Performance Budgets — Australia

## Purpose
This document defines the approved operating model for performance budgets within Northstar Digital Services.

## Scope
Country-specific and role-specific exceptions override the global baseline only when explicitly documented. This version applies to Australia.

## Requirements
- Performance Budgets must follow the current approved policy and ownership model. - Operational evidence for performance budgets should be retained according to the applicable retention schedule. - Exceptions involving performance budgets require documented approval from the responsible owner. - Teams should use standard tooling and published procedures when working with performance budgets.

## Controls
Sensitive information must follow the organisation's classification and least-privilege requirements.

## Procedure
1. Confirm that the request concerns performance budgets.
2. Verify the relevant owner, country, environment, and current version.
3. Follow the approved workflow and capture evidence.
4. Escalate unresolved or exceptional cases to Backend Platform.

## Validation
Do not bypass required controls simply to shorten resolution time.

## Version
Version 1.3. Status: ACTIVE.",Software Engineering,Digital Delivery,Frontend,performance budgets,api_guide,Backend Platform,Backend Platform,AU,Australia,en,"[""eng"", ""frontend"", ""performance-budgets"", ""software-engineering""]","[""Frontend"", ""eng"", ""frontend"", ""performance budgets"", ""performance-budgets"", ""software-engineering""]",EMPLOYEE,"[""employee"", ""engineer"", ""tech_lead"", ""architect""]",[],sharepoint,synthetic://software-engineering/ENG-000136,1.3,2025-02-24,2025-05-21,2025-03-21,,ACTIVE,True,Synthetic dataset generated for research/demo use,VALIDATED,,c211f5ae9875
ENG-000137,ENG-FRONTEND-00108,,Accessibility — Global,"# Accessibility — Global

## Purpose
Teams must apply this guidance when working with accessibility in production or employee-facing environments.

## Scope
Archived versions remain available for audit purposes but must not be used for new decisions. This version is the global baseline; country-specific documents may impose additional requirements.

## Requirements
- Accessibility must follow the current approved policy and ownership model. - Operational evidence for accessibility should be retained according to the applicable retention schedule. - Exceptions involving accessibility require documented approval from the responsible owner. - Teams should use standard tooling and published procedures when working with accessibility.

## Controls
Requests requiring elevated access must be approved by the designated owner and recorded in the enterprise service system.

## Procedure
1. Confirm that the request concerns accessibility.
2. Verify the relevant owner, country, environment, and current version.
3. Follow the approved workflow and capture evidence.
4. Escalate unresolved or exceptional cases to Data Platform.

## Validation
Do not bypass required controls simply to shorten resolution time.

## Version
Version 1.3. Status: ACTIVE.",Software Engineering,Shared Services,Frontend,accessibility,design_note,Data Platform,Data Platform,GLOBAL,Global,en,"[""accessibility"", ""eng"", ""frontend"", ""software-engineering""]","[""Frontend"", ""accessibility"", ""eng"", ""frontend"", ""software-engineering""]",INTERNAL,"[""employee"", ""engineer"", ""tech_lead"", ""architect""]",[],servicenow,synthetic://software-engineering/ENG-000137,1.3,2023-12-20,2025-10-07,2024-01-13,,ACTIVE,True,Synthetic dataset generated for research/demo use,VALIDATED,,30b1a384a2c4
ENG-000138,ENG-APIS-00109,,Pagination — United Kingdom,"# Pagination — United Kingdom

## Purpose
The standard exists to reduce inconsistent implementation, avoid repeated support effort, and provide an auditable source of truth.

## Scope
Archived versions remain available for audit purposes but must not be used for new decisions. This version applies to United Kingdom.

## Requirements
- Pagination must follow the current approved policy and ownership model. - Operational evidence for pagination should be retained according to the applicable retention schedule. - Exceptions involving pagination require documented approval from the responsible owner. - Teams should use standard tooling and published procedures when working with pagination.

## Controls
Changes affecting production require peer review, traceable evidence, and rollback instructions.

## Procedure
1. Confirm that the request concerns pagination.
2. Verify the relevant owner, country, environment, and current version.
3. Follow the approved workflow and capture evidence.
4. Escalate unresolved or exceptional cases to Data Platform.

## Validation
Do not bypass required controls simply to shorten resolution time.

## Version
Version 1.1. Status: ACTIVE.",Software Engineering,Digital Delivery,APIs,pagination,coding_standard,Data Platform,Data Platform,UK,United Kingdom,en,"[""apis"", ""eng"", ""pagination"", ""software-engineering""]","[""APIs"", ""apis"", ""eng"", ""pagination"", ""software-engineering""]",EMPLOYEE,"[""employee"", ""engineer"", ""tech_lead"", ""architect""]",[],sharepoint,synthetic://software-engineering/ENG-000138,1.1,2023-06-03,2023-06-09,2023-08-01,,ACTIVE,True,Synthetic dataset generated for research/demo use,VALIDATED,,92502ed1959f
ENG-000139,ENG-MESSAGIN-00110,,Ordering — United Kingdom,"# Ordering — United Kingdom

## Purpose
This document defines the approved operating model for ordering within Northstar Digital Services.

## Scope
It applies to employees, contractors, and managed service teams where the stated scope is relevant. This version applies to United Kingdom.

## Requirements
- Ordering must follow the current approved policy and ownership model. - Operational evidence for ordering should be retained according to the applicable retention schedule. - Exceptions involving ordering require documented approval from the responsible owner. - Teams should use standard tooling and published procedures when working with ordering.

## Controls
Requests requiring elevated access must be approved by the designated owner and recorded in the enterprise service system.

## Procedure
1. Confirm that the request concerns ordering.
2. Verify the relevant owner, country, environment, and current version.
3. Follow the approved workflow and capture evidence.
4. Escalate unresolved or exceptional cases to Developer Experience.

## Validation
If the procedure does not resolve the issue, escalate to the listed owner team with timestamps, identifiers, and evidence.

## Version
Version 1.4. Status: ACTIVE.",Software Engineering,Shared Services,Messaging,ordering,migration_guide,Developer Experience,Developer Experience,UK,United Kingdom,en,"[""eng"", ""messaging"", ""ordering"", ""software-engineering""]","[""Messaging"", ""eng"", ""messaging"", ""ordering"", ""software-engineering""]",INTERNAL,"[""employee"", ""engineer"", ""tech_lead"", ""architect""]",[],hr_portal,synthetic://software-engineering/ENG-000139,1.4,2025-04-11,2025-07-09,2025-04-23,,ACTIVE,True,Synthetic dataset generated for research/demo use,VALIDATED,,280351b246e9
ENG-000140,ENG-TESTING-00111,,End-To-End Testing — India,"# End-To-End Testing — India

## Purpose
This document defines the approved operating model for end-to-end testing within Northstar Digital Services.

## Scope
Country-specific and role-specific exceptions override the global baseline only when explicitly documented. This version applies to India.

## Requirements
- End-To-End Testing must follow the current approved policy and ownership model. - Operational evidence for end-to-end testing should be retained according to the applicable retention schedule. - Exceptions involving end-to-end testing require documented approval from the responsible owner. - Teams should use standard tooling and published procedures when working with end-to-end testing.

## Controls
Sensitive information must follow the organisation's classification and least-privilege requirements.

## Procedure
1. Confirm that the request concerns end-to-end testing.
2. Verify the relevant owner, country, environment, and current version.
3. Follow the approved workflow and capture evidence.
4. Escalate unresolved or exceptional cases to Backend Platform.

## Validation
If the procedure does not resolve the issue, escalate to the listed owner team with timestamps, identifiers, and evidence.

## Version
Version 1.1. Status: ACTIVE.",Software Engineering,Shared Services,Testing,end-to-end testing,coding_standard,Backend Platform,Backend Platform,IN,India,en,"[""end-to-end-testing"", ""eng"", ""software-engineering"", ""testing""]","[""Testing"", ""end-to-end testing"", ""end-to-end-testing"", ""eng"", ""software-engineering"", ""testing""]",INTERNAL,"[""employee"", ""engineer"", ""tech_lead"", ""architect""]",[],confluence,synthetic://software-engineering/ENG-000140,1.1,2024-02-21,2025-03-23,2024-02-26,,ACTIVE,True,Synthetic dataset generated for research/demo use,VALIDATED,,84b3a5be0979
ENG-000141,ENG-FRONTEND-00112,,Performance Budgets — Global,"# Performance Budgets — Global

## Purpose
The standard exists to reduce inconsistent implementation, avoid repeated support effort, and provide an auditable source of truth.

## Scope
Archived versions remain available for audit purposes but must not be used for new decisions. This version is the global baseline; country-specific documents may impose additional requirements.

## Requirements
- Performance Budgets must follow the current approved policy and ownership model. - Operational evidence for performance budgets should be retained according to the applicable retention schedule. - Exceptions involving performance budgets require documented approval from the responsible owner. - Teams should use standard tooling and published procedures when working with performance budgets.

## Controls
Changes affecting production require peer review, traceable evidence, and rollback instructions.

## Procedure
1. Confirm that the request concerns performance budgets.
2. Verify the relevant owner, country, environment, and current version.
3. Follow the approved workflow and capture evidence.
4. Escalate unresolved or exceptional cases to Data Platform.

## Validation
If the procedure does not resolve the issue, escalate to the listed owner team with timestamps, identifiers, and evidence.

## Version
Version 1.4. Status: ACTIVE.",Software Engineering,Enterprise Platforms,Frontend,performance budgets,known_issue,Data Platform,Data Platform,GLOBAL,Global,en,"[""eng"", ""frontend"", ""performance-budgets"", ""software-engineering""]","[""Frontend"", ""eng"", ""frontend"", ""performance budgets"", ""performance-budgets"", ""software-engineering""]",INTERNAL,"[""employee"", ""engineer"", ""tech_lead"", ""architect""]",[],google_drive,synthetic://software-engineering/ENG-000141,1.4,2024-07-23,2025-09-26,2024-09-17,,ACTIVE,True,Synthetic dataset generated for research/demo use,VALIDATED,,bf20d1628514
ENG-000142,ENG-ARCHITEC-00113,,Service Boundaries — United States,"# Service Boundaries — United States

## Purpose
The standard exists to reduce inconsistent implementation, avoid repeated support effort, and provide an auditable source of truth.

## Scope
It applies to employees, contractors, and managed service teams where the stated scope is relevant. This version applies to United States.

## Requirements
- Service Boundaries must follow the current approved policy and ownership model. - Operational evidence for service boundaries should be retained according to the applicable retention schedule. - Exceptions involving service boundaries require documented approval from the responsible owner. - Teams should use standard tooling and published procedures when working with service boundaries.

## Controls
Changes affecting production require peer review, traceable evidence, and rollback instructions.

## Procedure
1. Confirm that the request concerns service boundaries.
2. Verify the relevant owner, country, environment, and current version.
3. Follow the approved workflow and capture evidence.
4. Escalate unresolved or exceptional cases to Frontend Platform.

## Validation
If the procedure does not resolve the issue, escalate to the listed owner team with timestamps, identifiers, and evidence.

## Version
Version 1.0. Status: ARCHIVED. This document is archived and retained only for historical reference.",Software Engineering,Enterprise Platforms,Architecture,service boundaries,known_issue,Frontend Platform,Frontend Platform,US,United States,en,"[""architecture"", ""eng"", ""service-boundaries"", ""software-engineering""]","[""Architecture"", ""architecture"", ""eng"", ""service boundaries"", ""service-boundaries"", ""software-engineering""]",INTERNAL,"[""employee"", ""engineer"", ""tech_lead"", ""architect""]",[],github,synthetic://software-engineering/ENG-000142,1.0,2023-10-23,2024-10-19,2023-11-04,,ARCHIVED,True,Synthetic dataset generated for research/demo use,VALIDATED,,99c30f6547c1
ENG-000143,ENG-ARCHITEC-00114,,Caching — United States,"# Caching — United States

## Purpose
Teams must apply this guidance when working with caching in production or employee-facing environments.

## Scope
Archived versions remain available for audit purposes but must not be used for new decisions. This version applies to United States.

## Requirements
- Caching must follow the current approved policy and ownership model. - Operational evidence for caching should be retained according to the applicable retention schedule. - Exceptions involving caching require documented approval from the responsible owner. - Teams should use standard tooling and published procedures when working with caching.

## Controls
Changes affecting production require peer review, traceable evidence, and rollback instructions.

## Procedure
1. Confirm that the request concerns caching.
2. Verify the relevant owner, country, environment, and current version.
3. Follow the approved workflow and capture evidence.
4. Escalate unresolved or exceptional cases to Frontend Platform.

## Validation
Verify the current document version before acting.

## Version
Version 1.3. Status: ACTIVE.",Software Engineering,Digital Delivery,Architecture,caching,design_note,Frontend Platform,Frontend Platform,US,United States,en,"[""architecture"", ""caching"", ""eng"", ""software-engineering""]","[""Architecture"", ""architecture"", ""caching"", ""eng"", ""software-engineering""]",INTERNAL,"[""employee"", ""engineer"", ""tech_lead"", ""architect""]",[],github,synthetic://software-engineering/ENG-000143,1.3,2025-08-27,2026-09-23,2025-08-31,,ACTIVE,True,Synthetic dataset generated for research/demo use,VALIDATED,,3bca9e0114b9
ENG-000144,ENG-TESTING-00115,,Unit Testing — Singapore,"# Unit Testing — Singapore

## Purpose
Teams must apply this guidance when working with unit testing in production or employee-facing environments.

## Scope
Archived versions remain available for audit purposes but must not be used for new decisions. This version applies to Singapore.

## Requirements
- Unit Testing must follow the current approved policy and ownership model. - Operational evidence for unit testing should be retained according to the applicable retention schedule. - Exceptions involving unit testing require documented approval from the responsible owner. - Teams should use standard tooling and published procedures when working with unit testing.

## Controls
Requests requiring elevated access must be approved by the designated owner and recorded in the enterprise service system.

## Procedure
1. Confirm that the request concerns unit testing.
2. Verify the relevant owner, country, environment, and current version.
3. Follow the approved workflow and capture evidence.
4. Escalate unresolved or exceptional cases to Backend Platform.

## Validation
If the procedure does not resolve the issue, escalate to the listed owner team with timestamps, identifiers, and evidence.

## Version
Version 1.4. Status: ACTIVE.",Software Engineering,Digital Delivery,Testing,unit testing,architecture_decision_record,Backend Platform,Backend Platform,SG,Singapore,en,"[""eng"", ""software-engineering"", ""testing"", ""unit-testing""]","[""Testing"", ""eng"", ""software-engineering"", ""testing"", ""unit testing"", ""unit-testing""]",INTERNAL,"[""employee"", ""engineer"", ""tech_lead"", ""architect""]",[],hr_portal,synthetic://software-engineering/ENG-000144,1.4,2025-01-17,2026-04-25,2025-03-18,,ACTIVE,True,Synthetic dataset generated for research/demo use,VALIDATED,,2d377d4a2e28
ENG-000145,ENG-JAVA-SER-00116,,Dependency Management — United States,"# Dependency Management — United States

## Purpose
Teams must apply this guidance when working with dependency management in production or employee-facing environments.

## Scope
Archived versions remain available for audit purposes but must not be used for new decisions. This version applies to United States.

## Requirements
- Dependency Management must follow the current approved policy and ownership model. - Operational evidence for dependency management should be retained according to the applicable retention schedule. - Exceptions involving dependency management require documented approval from the responsible owner. - Teams should use standard tooling and published procedures when working with dependency management.

## Controls
Sensitive information must follow the organisation's classification and least-privilege requirements.

## Procedure
1. Confirm that the request concerns dependency management.
2. Verify the relevant owner, country, environment, and current version.
3. Follow the approved workflow and capture evidence.
4. Escalate unresolved or exceptional cases to Backend Platform.

## Validation
Verify the current document version before acting.

## Version
Version 1.1. Status: ACTIVE.",Software Engineering,Enterprise Platforms,Java Services,dependency management,technical_standard,Backend Platform,Backend Platform,US,United States,en,"[""dependency-management"", ""eng"", ""java-services"", ""software-engineering""]","[""Java Services"", ""dependency management"", ""dependency-management"", ""eng"", ""java-services"", ""software-engineering""]",INTERNAL,"[""employee"", ""engineer"", ""tech_lead"", ""architect""]",[],sharepoint,synthetic://software-engineering/ENG-000145,1.1,2025-10-28,2026-09-23,2025-12-02,,ACTIVE,True,Synthetic dataset generated for research/demo use,VALIDATED,,37c245861c45
ENG-000146,ENG-PYTHON-B-00117,,Python Runtime — Global,"# Python Runtime — Global

## Purpose
Teams must apply this guidance when working with Python runtime in production or employee-facing environments.

## Scope
Country-specific and role-specific exceptions override the global baseline only when explicitly documented. This version is the global baseline; country-specific documents may impose additional requirements.

## Requirements
- Supported runtime versions are centrally maintained. - Unsupported runtimes must not be introduced into new production services. - Upgrade plans are required before end-of-support. - Supported runtime versions are centrally maintained.

## Controls
Requests requiring elevated access must be approved by the designated owner and recorded in the enterprise service system.

## Procedure
1. Confirm that the request concerns Python runtime.
2. Verify the relevant owner, country, environment, and current version.
3. Follow the approved workflow and capture evidence.
4. Escalate unresolved or exceptional cases to Architecture Guild.

## Validation
Verify the current document version before acting.

## Version
Version 1.2. Status: DRAFT.  This document is a draft and must not be treated as an approved source of policy.",Software Engineering,Shared Services,Python Backend,Python runtime,api_guide,Architecture Guild,Architecture Guild,GLOBAL,Global,en,"[""eng"", ""python-backend"", ""python-runtime"", ""software-engineering""]","[""Python Backend"", ""Python runtime"", ""eng"", ""python-backend"", ""python-runtime"", ""software-engineering""]",INTERNAL,"[""employee"", ""engineer"", ""tech_lead"", ""architect""]",[],github,synthetic://software-engineering/ENG-000146,1.2,2023-06-22,2025-03-06,2023-08-14,2025-03-11,DRAFT,True,Synthetic dataset generated for research/demo use,VALIDATED,,ceed1c97deb6
ENG-000147,ENG-PYTHON-B-00118,,Pydantic Contracts — United States,"# Pydantic Contracts — United States

## Purpose
This document defines the approved operating model for Pydantic contracts within Northstar Digital Services.

## Scope
Archived versions remain available for audit purposes but must not be used for new decisions. This version applies to United States.

## Requirements
- Pydantic Contracts must follow the current approved policy and ownership model. - Operational evidence for Pydantic contracts should be retained according to the applicable retention schedule. - Exceptions involving Pydantic contracts require documented approval from the responsible owner. - Teams should use standard tooling and published procedures when working with Pydantic contracts.

## Controls
Sensitive information must follow the organisation's classification and least-privilege requirements.

## Procedure
1. Confirm that the request concerns Pydantic contracts.
2. Verify the relevant owner, country, environment, and current version.
3. Follow the approved workflow and capture evidence.
4. Escalate unresolved or exceptional cases to Frontend Platform.

## Validation
Verify the current document version before acting.

## Version
Version 1.2. Status: ACTIVE.",Software Engineering,Shared Services,Python Backend,Pydantic contracts,migration_guide,Frontend Platform,Frontend Platform,US,United States,en,"[""eng"", ""pydantic-contracts"", ""python-backend"", ""software-engineering""]","[""Pydantic contracts"", ""Python Backend"", ""eng"", ""pydantic-contracts"", ""python-backend"", ""software-engineering""]",EMPLOYEE,"[""employee"", ""engineer"", ""tech_lead"", ""architect""]",[],sharepoint,synthetic://software-engineering/ENG-000147,1.2,2025-12-07,2026-09-23,2026-02-04,,ACTIVE,True,Synthetic dataset generated for research/demo use,VALIDATED,,fff291da2ca7
ENG-000148,ENG-APIS-00119,,Openapi Contracts — Global,"# Openapi Contracts — Global

## Purpose
This document defines the approved operating model for OpenAPI contracts within Northstar Digital Services.

## Scope
It applies to employees, contractors, and managed service teams where the stated scope is relevant. This version is the global baseline; country-specific documents may impose additional requirements.

## Requirements
- Openapi Contracts must follow the current approved policy and ownership model. - Operational evidence for OpenAPI contracts should be retained according to the applicable retention schedule. - Exceptions involving OpenAPI contracts require documented approval from the responsible owner. - Teams should use standard tooling and published procedures when working with OpenAPI contracts.

## Controls
Changes affecting production require peer review, traceable evidence, and rollback instructions.

## Procedure
1. Confirm that the request concerns OpenAPI contracts.
2. Verify the relevant owner, country, environment, and current version.
3. Follow the approved workflow and capture evidence.
4. Escalate unresolved or exceptional cases to Backend Platform.

## Validation
Do not bypass required controls simply to shorten resolution time.

## Version
Version 1.0. Status: ACTIVE.",Software Engineering,Cloud & Security,APIs,OpenAPI contracts,migration_guide,Backend Platform,Backend Platform,GLOBAL,Global,en,"[""apis"", ""eng"", ""openapi-contracts"", ""software-engineering""]","[""APIs"", ""OpenAPI contracts"", ""apis"", ""eng"", ""openapi-contracts"", ""software-engineering""]",EMPLOYEE,"[""employee"", ""engineer"", ""tech_lead"", ""architect""]",[],github,synthetic://software-engineering/ENG-000148,1.0,2026-03-20,2026-09-23,2026-05-11,,ACTIVE,True,Synthetic dataset generated for research/demo use,VALIDATED,,ec6a5ca8223f
ENG-000149,ENG-MESSAGIN-00120,,Exactly-Once Semantics — Global,"# Exactly-Once Semantics — Global

## Purpose
Teams must apply this guidance when working with exactly-once semantics in production or employee-facing environments.

## Scope
It applies to employees, contractors, and managed service teams where the stated scope is relevant. This version is the global baseline; country-specific documents may impose additional requirements.

## Requirements
- Exactly-Once Semantics must follow the current approved policy and ownership model. - Operational evidence for exactly-once semantics should be retained according to the applicable retention schedule. - Exceptions involving exactly-once semantics require documented approval from the responsible owner. - Teams should use standard tooling and published procedures when working with exactly-once semantics.

## Controls
Requests requiring elevated access must be approved by the designated owner and recorded in the enterprise service system.

## Procedure
1. Confirm that the request concerns exactly-once semantics.
2. Verify the relevant owner, country, environment, and current version.
3. Follow the approved workflow and capture evidence.
4. Escalate unresolved or exceptional cases to Developer Experience.

## Validation
Verify the current document version before acting.

## Version
Version 1.2. Status: ACTIVE.",Software Engineering,Corporate Functions,Messaging,exactly-once semantics,known_issue,Developer Experience,Developer Experience,GLOBAL,Global,en,"[""eng"", ""exactly-once-semantics"", ""messaging"", ""software-engineering""]","[""Messaging"", ""eng"", ""exactly-once semantics"", ""exactly-once-semantics"", ""messaging"", ""software-engineering""]",INTERNAL,"[""employee"", ""engineer"", ""tech_lead"", ""architect""]",[],confluence,synthetic://software-engineering/ENG-000149,1.2,2024-08-11,2024-10-23,2024-08-24,,ACTIVE,True,Synthetic dataset generated for research/demo use,VALIDATED,,3262f2d1654f
ENG-000150,ENG-TESTING-00121,,Unit Testing — United States v1.1,"# Unit Testing — United States v1.1

## Purpose
Teams must apply this guidance when working with unit testing in production or employee-facing environments.

## Scope
It applies to employees, contractors, and managed service teams where the stated scope is relevant. This version applies to United States.

## Requirements
- Unit Testing must follow the current approved policy and ownership model. - Operational evidence for unit testing should be retained according to the applicable retention schedule. - Exceptions involving unit testing require documented approval from the responsible owner. - Teams should use standard tooling and published procedures when working with unit testing.

## Controls
Changes affecting production require peer review, traceable evidence, and rollback instructions.

## Procedure
1. Confirm that the request concerns unit testing.
2. Verify the relevant owner, country, environment, and current version.
3. Follow the approved workflow and capture evidence.
4. Escalate unresolved or exceptional cases to Backend Platform.

## Validation
If the procedure does not resolve the issue, escalate to the listed owner team with timestamps, identifiers, and evidence.

## Version
Version 1.1. Status: ARCHIVED. This document is archived and retained only for historical reference.",Software Engineering,Shared Services,Testing,unit testing,api_guide,Backend Platform,Backend Platform,US,United States,en,"[""eng"", ""software-engineering"", ""testing"", ""unit-testing""]","[""Testing"", ""eng"", ""software-engineering"", ""testing"", ""unit testing"", ""unit-testing""]",INTERNAL,"[""employee"", ""engineer"", ""tech_lead"", ""architect""]",[],hr_portal,synthetic://software-engineering/ENG-000150,1.1,2023-05-22,2024-04-04,2023-06-09,,ARCHIVED,True,Synthetic dataset generated for research/demo use,VALIDATED,,35c9a0841073
ENG-000151,ENG-TESTING-00121,ENG-000150,Unit Testing — United States v2.2,"# Unit Testing — United States v2.2

## Purpose
Teams must apply this guidance when working with unit testing in production or employee-facing environments.

## Scope
Country-specific and role-specific exceptions override the global baseline only when explicitly documented. This version applies to United States.

## Requirements
- Unit Testing must follow the current approved policy and ownership model. - Operational evidence for unit testing should be retained according to the applicable retention schedule. - Exceptions involving unit testing require documented approval from the responsible owner. - Teams should use standard tooling and published procedures when working with unit testing.

## Controls
Changes affecting production require peer review, traceable evidence, and rollback instructions.

## Procedure
1. Confirm that the request concerns unit testing.
2. Verify the relevant owner, country, environment, and current version.
3. Follow the approved workflow and capture evidence.
4. Escalate unresolved or exceptional cases to Backend Platform.

## Validation
Verify the current document version before acting.

## Version
Version 2.2. Status: ARCHIVED. This document is archived and retained only for historical reference.",Software Engineering,Enterprise Platforms,Testing,unit testing,api_guide,Backend Platform,Backend Platform,US,United States,en,"[""eng"", ""software-engineering"", ""testing"", ""unit-testing""]","[""Testing"", ""eng"", ""software-engineering"", ""testing"", ""unit testing"", ""unit-testing""]",INTERNAL,"[""employee"", ""engineer"", ""tech_lead"", ""architect""]",[],google_drive,synthetic://software-engineering/ENG-000151,2.2,2025-09-20,2025-11-03,2025-11-01,2027-11-27,ARCHIVED,True,Synthetic dataset generated for research/demo use,VALIDATED,,f9383205733a
ENG-000152,ENG-TESTING-00121,ENG-000151,Unit Testing — United States v3.3,"# Unit Testing — United States v3.3

## Purpose
Teams must apply this guidance when working with unit testing in production or employee-facing environments.

## Scope
It applies to employees, contractors, and managed service teams where the stated scope is relevant. This version applies to United States.

## Requirements
- Unit Testing must follow the current approved policy and ownership model. - Operational evidence for unit testing should be retained according to the applicable retention schedule. - Exceptions involving unit testing require documented approval from the responsible owner. - Teams should use standard tooling and published procedures when working with unit testing.

## Controls
Changes affecting production require peer review, traceable evidence, and rollback instructions.

## Procedure
1. Confirm that the request concerns unit testing.
2. Verify the relevant owner, country, environment, and current version.
3. Follow the approved workflow and capture evidence.
4. Escalate unresolved or exceptional cases to Backend Platform.

## Validation
Do not bypass required controls simply to shorten resolution time.

## Version
Version 3.3. Status: ACTIVE.",Software Engineering,Digital Delivery,Testing,unit testing,api_guide,Backend Platform,Backend Platform,US,United States,en,"[""eng"", ""software-engineering"", ""testing"", ""unit-testing""]","[""Testing"", ""eng"", ""software-engineering"", ""testing"", ""unit testing"", ""unit-testing""]",INTERNAL,"[""employee"", ""engineer"", ""tech_lead"", ""architect""]",[],github,synthetic://software-engineering/ENG-000152,3.3,2025-03-19,2025-12-17,2025-04-06,,ACTIVE,True,Synthetic dataset generated for research/demo use,VALIDATED,,9136e9ed327f
ENG-000153,ENG-TESTING-00122,,Contract Testing — Global,"# Contract Testing — Global

## Purpose
The standard exists to reduce inconsistent implementation, avoid repeated support effort, and provide an auditable source of truth.

## Scope
It applies to employees, contractors, and managed service teams where the stated scope is relevant. This version is the global baseline; country-specific documents may impose additional requirements.

## Requirements
- Contract Testing must follow the current approved policy and ownership model. - Operational evidence for contract testing should be retained according to the applicable retention schedule. - Exceptions involving contract testing require documented approval from the responsible owner. - Teams should use standard tooling and published procedures when working with contract testing.

## Controls
Changes affecting production require peer review, traceable evidence, and rollback instructions.

## Procedure
1. Confirm that the request concerns contract testing.
2. Verify the relevant owner, country, environment, and current version.
3. Follow the approved workflow and capture evidence.
4. Escalate unresolved or exceptional cases to Architecture Guild.

## Validation
Verify the current document version before acting.

## Version
Version 1.2. Status: DRAFT.  This document is a draft and must not be treated as an approved source of policy.",Software Engineering,Digital Delivery,Testing,contract testing,known_issue,Architecture Guild,Architecture Guild,GLOBAL,Global,en,"[""contract-testing"", ""eng"", ""software-engineering"", ""testing""]","[""Testing"", ""contract testing"", ""contract-testing"", ""eng"", ""software-engineering"", ""testing""]",CONFIDENTIAL,"[""tech_lead"", ""architect""]","[""Software Engineering""]",github,synthetic://software-engineering/ENG-000153,1.2,2026-02-19,2026-07-09,2026-04-18,2027-06-29,DRAFT,True,Synthetic dataset generated for research/demo use,VALIDATED,,50f4bb18fb79
ENG-000154,ENG-PYTHON-B-00123,,Python Runtime — Singapore,"# Python Runtime — Singapore

## Purpose
The standard exists to reduce inconsistent implementation, avoid repeated support effort, and provide an auditable source of truth.

## Scope
Archived versions remain available for audit purposes but must not be used for new decisions. This version applies to Singapore.

## Requirements
- Supported runtime versions are centrally maintained. - Unsupported runtimes must not be introduced into new production services. - Upgrade plans are required before end-of-support. - Supported runtime versions are centrally maintained.

## Controls
Sensitive information must follow the organisation's classification and least-privilege requirements.

## Procedure
1. Confirm that the request concerns Python runtime.
2. Verify the relevant owner, country, environment, and current version.
3. Follow the approved workflow and capture evidence.
4. Escalate unresolved or exceptional cases to Developer Experience.

## Validation
Verify the current document version before acting.

## Version
Version 1.1. Status: ACTIVE.",Software Engineering,Enterprise Platforms,Python Backend,Python runtime,known_issue,Developer Experience,Developer Experience,SG,Singapore,en,"[""eng"", ""python-backend"", ""python-runtime"", ""software-engineering""]","[""Python Backend"", ""Python runtime"", ""eng"", ""python-backend"", ""python-runtime"", ""software-engineering""]",EMPLOYEE,"[""employee"", ""engineer"", ""tech_lead"", ""architect""]",[],github,synthetic://software-engineering/ENG-000154,1.1,2023-08-29,2025-01-23,2023-10-25,,ACTIVE,True,Synthetic dataset generated for research/demo use,VALIDATED,,910cb7af0dbe
ENG-000155,ENG-DATABASE-00124,,Transaction Boundaries — Global,"# Transaction Boundaries — Global

## Purpose
This document defines the approved operating model for transaction boundaries within Northstar Digital Services.

## Scope
Country-specific and role-specific exceptions override the global baseline only when explicitly documented. This version is the global baseline; country-specific documents may impose additional requirements.

## Requirements
- Transaction Boundaries must follow the current approved policy and ownership model. - Operational evidence for transaction boundaries should be retained according to the applicable retention schedule. - Exceptions involving transaction boundaries require documented approval from the responsible owner. - Teams should use standard tooling and published procedures when working with transaction boundaries.

## Controls
Requests requiring elevated access must be approved by the designated owner and recorded in the enterprise service system.

## Procedure
1. Confirm that the request concerns transaction boundaries.
2. Verify the relevant owner, country, environment, and current version.
3. Follow the approved workflow and capture evidence.
4. Escalate unresolved or exceptional cases to Architecture Guild.

## Validation
Verify the current document version before acting.

## Version
Version 1.2. Status: ACTIVE.",Software Engineering,Corporate Functions,Databases,transaction boundaries,technical_standard,Architecture Guild,Architecture Guild,GLOBAL,Global,en,"[""databases"", ""eng"", ""software-engineering"", ""transaction-boundaries""]","[""Databases"", ""databases"", ""eng"", ""software-engineering"", ""transaction boundaries"", ""transaction-boundaries""]",CONFIDENTIAL,"[""tech_lead"", ""architect""]","[""Software Engineering""]",confluence,synthetic://software-engineering/ENG-000155,1.2,2025-06-29,2026-09-23,2025-07-17,,ACTIVE,True,Synthetic dataset generated for research/demo use,VALIDATED,,02dd4ebe4227
ENG-000156,ENG-JAVA-SER-00125,,Jvm Tuning — Global,"# Jvm Tuning — Global

## Purpose
This document defines the approved operating model for JVM tuning within Northstar Digital Services.

## Scope
Archived versions remain available for audit purposes but must not be used for new decisions. This version is the global baseline; country-specific documents may impose additional requirements.

## Requirements
- Jvm Tuning must follow the current approved policy and ownership model. - Operational evidence for JVM tuning should be retained according to the applicable retention schedule. - Exceptions involving JVM tuning require documented approval from the responsible owner. - Teams should use standard tooling and published procedures when working with JVM tuning.

## Controls
Requests requiring elevated access must be approved by the designated owner and recorded in the enterprise service system.

## Procedure
1. Confirm that the request concerns JVM tuning.
2. Verify the relevant owner, country, environment, and current version.
3. Follow the approved workflow and capture evidence.
4. Escalate unresolved or exceptional cases to Developer Experience.

## Validation
Verify the current document version before acting.

## Version
Version 1.1. Status: ACTIVE.",Software Engineering,Cloud & Security,Java Services,JVM tuning,architecture_decision_record,Developer Experience,Developer Experience,GLOBAL,Global,en,"[""eng"", ""java-services"", ""jvm-tuning"", ""software-engineering""]","[""JVM tuning"", ""Java Services"", ""eng"", ""java-services"", ""jvm-tuning"", ""software-engineering""]",INTERNAL,"[""employee"", ""engineer"", ""tech_lead"", ""architect""]",[],hr_portal,synthetic://software-engineering/ENG-000156,1.1,2025-08-04,2026-09-23,2025-09-22,,ACTIVE,True,Synthetic dataset generated for research/demo use,VALIDATED,,af8328304479
ENG-000157,ENG-TESTING-00126,,Integration Testing — Global,"# Integration Testing — Global

## Purpose
This document defines the approved operating model for integration testing within Northstar Digital Services.

## Scope
Country-specific and role-specific exceptions override the global baseline only when explicitly documented. This version is the global baseline; country-specific documents may impose additional requirements.

## Requirements
- Integration Testing must follow the current approved policy and ownership model. - Operational evidence for integration testing should be retained according to the applicable retention schedule. - Exceptions involving integration testing require documented approval from the responsible owner. - Teams should use standard tooling and published procedures when working with integration testing.

## Controls
Sensitive information must follow the organisation's classification and least-privilege requirements.

## Procedure
1. Confirm that the request concerns integration testing.
2. Verify the relevant owner, country, environment, and current version.
3. Follow the approved workflow and capture evidence.
4. Escalate unresolved or exceptional cases to Developer Experience.

## Validation
Verify the current document version before acting.

## Version
Version 1.1. Status: ACTIVE.",Software Engineering,Corporate Functions,Testing,integration testing,architecture_decision_record,Developer Experience,Developer Experience,GLOBAL,Global,en,"[""eng"", ""integration-testing"", ""software-engineering"", ""testing""]","[""Testing"", ""eng"", ""integration testing"", ""integration-testing"", ""software-engineering"", ""testing""]",INTERNAL,"[""employee"", ""engineer"", ""tech_lead"", ""architect""]",[],sharepoint,synthetic://software-engineering/ENG-000157,1.1,2025-10-03,2026-07-01,2025-11-09,,ACTIVE,True,Synthetic dataset generated for research/demo use,VALIDATED,,2f0d01a025b2
ENG-000158,ENG-APIS-00127,,Rest Versioning — Global,"# Rest Versioning — Global

## Purpose
This document defines the approved operating model for REST versioning within Northstar Digital Services.

## Scope
Archived versions remain available for audit purposes but must not be used for new decisions. This version is the global baseline; country-specific documents may impose additional requirements.

## Requirements
- Breaking changes require a new externally visible contract version. - Backward compatibility should be preserved where feasible. - Deprecated versions must publish a retirement schedule. - Breaking changes require a new externally visible contract version.

## Controls
Sensitive information must follow the organisation's classification and least-privilege requirements.

## Procedure
1. Confirm that the request concerns REST versioning.
2. Verify the relevant owner, country, environment, and current version.
3. Follow the approved workflow and capture evidence.
4. Escalate unresolved or exceptional cases to Architecture Guild.

## Validation
If the procedure does not resolve the issue, escalate to the listed owner team with timestamps, identifiers, and evidence.

## Version
Version 1.2. Status: ACTIVE.",Software Engineering,Digital Delivery,APIs,REST versioning,coding_standard,Architecture Guild,Architecture Guild,GLOBAL,Global,en,"[""apis"", ""eng"", ""rest-versioning"", ""software-engineering""]","[""APIs"", ""REST versioning"", ""apis"", ""eng"", ""rest-versioning"", ""software-engineering""]",EMPLOYEE,"[""employee"", ""engineer"", ""tech_lead"", ""architect""]",[],hr_portal,synthetic://software-engineering/ENG-000158,1.2,2024-09-30,2025-10-21,2024-11-23,,ACTIVE,True,Synthetic dataset generated for research/demo use,VALIDATED,,c3887bba76f9
ENG-000159,ENG-APIS-00128,,Openapi Contracts — Global,"# Openapi Contracts — Global

## Purpose
Teams must apply this guidance when working with OpenAPI contracts in production or employee-facing environments.

## Scope
Archived versions remain available for audit purposes but must not be used for new decisions. This version is the global baseline; country-specific documents may impose additional requirements.

## Requirements
- Openapi Contracts must follow the current approved policy and ownership model. - Operational evidence for OpenAPI contracts should be retained according to the applicable retention schedule. - Exceptions involving OpenAPI contracts require documented approval from the responsible owner. - Teams should use standard tooling and published procedures when working with OpenAPI contracts.

## Controls
Changes affecting production require peer review, traceable evidence, and rollback instructions.

## Procedure
1. Confirm that the request concerns OpenAPI contracts.
2. Verify the relevant owner, country, environment, and current version.
3. Follow the approved workflow and capture evidence.
4. Escalate unresolved or exceptional cases to Developer Experience.

## Validation
If the procedure does not resolve the issue, escalate to the listed owner team with timestamps, identifiers, and evidence.

## Version
Version 1.4. Status: ACTIVE.",Software Engineering,Digital Delivery,APIs,OpenAPI contracts,design_note,Developer Experience,Developer Experience,GLOBAL,Global,en,"[""apis"", ""eng"", ""openapi-contracts"", ""software-engineering""]","[""APIs"", ""OpenAPI contracts"", ""apis"", ""eng"", ""openapi-contracts"", ""software-engineering""]",INTERNAL,"[""employee"", ""engineer"", ""tech_lead"", ""architect""]",[],confluence,synthetic://software-engineering/ENG-000159,1.4,2025-08-12,2026-07-24,2025-09-19,,ACTIVE,True,Synthetic dataset generated for research/demo use,VALIDATED,,b84256098fb0
ENG-000160,ENG-APIS-00129,,Error Envelopes — United States v1.0,"# Error Envelopes — United States v1.0

## Purpose
The standard exists to reduce inconsistent implementation, avoid repeated support effort, and provide an auditable source of truth.

## Scope
Archived versions remain available for audit purposes but must not be used for new decisions. This version applies to United States.

## Requirements
- Error Envelopes must follow the current approved policy and ownership model. - Operational evidence for error envelopes should be retained according to the applicable retention schedule. - Exceptions involving error envelopes require documented approval from the responsible owner. - Teams should use standard tooling and published procedures when working with error envelopes.

## Controls
Changes affecting production require peer review, traceable evidence, and rollback instructions.

## Procedure
1. Confirm that the request concerns error envelopes.
2. Verify the relevant owner, country, environment, and current version.
3. Follow the approved workflow and capture evidence.
4. Escalate unresolved or exceptional cases to Architecture Guild.

## Validation
Do not bypass required controls simply to shorten resolution time.

## Version
Version 1.0. Status: ARCHIVED. This document is archived and retained only for historical reference.",Software Engineering,Digital Delivery,APIs,error envelopes,architecture_decision_record,Architecture Guild,Architecture Guild,US,United States,en,"[""apis"", ""eng"", ""error-envelopes"", ""software-engineering""]","[""APIs"", ""apis"", ""eng"", ""error envelopes"", ""error-envelopes"", ""software-engineering""]",INTERNAL,"[""employee"", ""engineer"", ""tech_lead"", ""architect""]",[],sharepoint,synthetic://software-engineering/ENG-000160,1.0,2026-02-07,2026-09-23,2026-03-08,,ARCHIVED,True,Synthetic dataset generated for research/demo use,VALIDATED,,aa3a133ebb22
ENG-000161,ENG-APIS-00129,ENG-000160,Error Envelopes — United States v2.2,"# Error Envelopes — United States v2.2

## Purpose
This document defines the approved operating model for error envelopes within Northstar Digital Services.

## Scope
Country-specific and role-specific exceptions override the global baseline only when explicitly documented. This version applies to United States.

## Requirements
- Error Envelopes must follow the current approved policy and ownership model. - Operational evidence for error envelopes should be retained according to the applicable retention schedule. - Exceptions involving error envelopes require documented approval from the responsible owner. - Teams should use standard tooling and published procedures when working with error envelopes.

## Controls
Changes affecting production require peer review, traceable evidence, and rollback instructions.

## Procedure
1. Confirm that the request concerns error envelopes.
2. Verify the relevant owner, country, environment, and current version.
3. Follow the approved workflow and capture evidence.
4. Escalate unresolved or exceptional cases to Architecture Guild.

## Validation
Do not bypass required controls simply to shorten resolution time.

## Version
Version 2.2. Status: ARCHIVED. This document is archived and retained only for historical reference.",Software Engineering,Digital Delivery,APIs,error envelopes,architecture_decision_record,Architecture Guild,Architecture Guild,US,United States,en,"[""apis"", ""eng"", ""error-envelopes"", ""software-engineering""]","[""APIs"", ""apis"", ""eng"", ""error envelopes"", ""error-envelopes"", ""software-engineering""]",INTERNAL,"[""employee"", ""engineer"", ""tech_lead"", ""architect""]",[],google_drive,synthetic://software-engineering/ENG-000161,2.2,2024-07-31,2026-06-08,2024-09-22,,ARCHIVED,True,Synthetic dataset generated for research/demo use,VALIDATED,,b3ea349f0daf
ENG-000162,ENG-APIS-00129,ENG-000161,Error Envelopes — United States v3.0,"# Error Envelopes — United States v3.0

## Purpose
This document defines the approved operating model for error envelopes within Northstar Digital Services.

## Scope
Country-specific and role-specific exceptions override the global baseline only when explicitly documented. This version applies to United States.

## Requirements
- Error Envelopes must follow the current approved policy and ownership model. - Operational evidence for error envelopes should be retained according to the applicable retention schedule. - Exceptions involving error envelopes require documented approval from the responsible owner. - Teams should use standard tooling and published procedures when working with error envelopes.

## Controls
Requests requiring elevated access must be approved by the designated owner and recorded in the enterprise service system.

## Procedure
1. Confirm that the request concerns error envelopes.
2. Verify the relevant owner, country, environment, and current version.
3. Follow the approved workflow and capture evidence.
4. Escalate unresolved or exceptional cases to Architecture Guild.

## Validation
If the procedure does not resolve the issue, escalate to the listed owner team with timestamps, identifiers, and evidence.

## Version
Version 3.0. Status: ACTIVE.",Software Engineering,Enterprise Platforms,APIs,error envelopes,architecture_decision_record,Architecture Guild,Architecture Guild,US,United States,en,"[""apis"", ""eng"", ""error-envelopes"", ""software-engineering""]","[""APIs"", ""apis"", ""eng"", ""error envelopes"", ""error-envelopes"", ""software-engineering""]",INTERNAL,"[""employee"", ""engineer"", ""tech_lead"", ""architect""]",[],github,synthetic://software-engineering/ENG-000162,3.0,2024-09-12,2026-07-28,2024-09-22,,ACTIVE,True,Synthetic dataset generated for research/demo use,VALIDATED,,8c9742f8ac55
ENG-000163,ENG-JAVA-SER-00130,,Java Runtime — Global,"# Java Runtime — Global

## Purpose
This document defines the approved operating model for Java runtime within Northstar Digital Services.

## Scope
Country-specific and role-specific exceptions override the global baseline only when explicitly documented. This version is the global baseline; country-specific documents may impose additional requirements.

## Requirements
- Java Runtime must follow the current approved policy and ownership model. - Operational evidence for Java runtime should be retained according to the applicable retention schedule. - Exceptions involving Java runtime require documented approval from the responsible owner. - Teams should use standard tooling and published procedures when working with Java runtime.

## Controls
Changes affecting production require peer review, traceable evidence, and rollback instructions.

## Procedure
1. Confirm that the request concerns Java runtime.
2. Verify the relevant owner, country, environment, and current version.
3. Follow the approved workflow and capture evidence.
4. Escalate unresolved or exceptional cases to Backend Platform.

## Validation
Do not bypass required controls simply to shorten resolution time.

## Version
Version 1.0. Status: ACTIVE.",Software Engineering,Cloud & Security,Java Services,Java runtime,technical_standard,Backend Platform,Backend Platform,GLOBAL,Global,en,"[""eng"", ""java-runtime"", ""java-services"", ""software-engineering""]","[""Java Services"", ""Java runtime"", ""eng"", ""java-runtime"", ""java-services"", ""software-engineering""]",EMPLOYEE,"[""employee"", ""engineer"", ""tech_lead"", ""architect""]",[],sharepoint,synthetic://software-engineering/ENG-000163,1.0,2026-01-20,2026-09-23,2026-01-20,,ACTIVE,True,Synthetic dataset generated for research/demo use,VALIDATED,,5e7c099c8862
ENG-000164,ENG-PYTHON-B-00131,,Pytest Strategy — Ireland,"# Pytest Strategy — Ireland

## Purpose
The standard exists to reduce inconsistent implementation, avoid repeated support effort, and provide an auditable source of truth.

## Scope
It applies to employees, contractors, and managed service teams where the stated scope is relevant. This version applies to Ireland.

## Requirements
- Pytest Strategy must follow the current approved policy and ownership model. - Operational evidence for pytest strategy should be retained according to the applicable retention schedule. - Exceptions involving pytest strategy require documented approval from the responsible owner. - Teams should use standard tooling and published procedures when working with pytest strategy.

## Controls
Requests requiring elevated access must be approved by the designated owner and recorded in the enterprise service system.

## Procedure
1. Confirm that the request concerns pytest strategy.
2. Verify the relevant owner, country, environment, and current version.
3. Follow the approved workflow and capture evidence.
4. Escalate unresolved or exceptional cases to Developer Experience.

## Validation
Verify the current document version before acting.

## Version
Version 1.2. Status: ACTIVE.",Software Engineering,Corporate Functions,Python Backend,pytest strategy,api_guide,Developer Experience,Developer Experience,IE,Ireland,en,"[""eng"", ""pytest-strategy"", ""python-backend"", ""software-engineering""]","[""Python Backend"", ""eng"", ""pytest strategy"", ""pytest-strategy"", ""python-backend"", ""software-engineering""]",INTERNAL,"[""employee"", ""engineer"", ""tech_lead"", ""architect""]",[],github,synthetic://software-engineering/ENG-000164,1.2,2025-02-25,2026-03-12,2025-03-05,,ACTIVE,True,Synthetic dataset generated for research/demo use,VALIDATED,,831ec8da032a
ENG-000165,ENG-DATABASE-00132,,Postgresql Schema Changes — United Kingdom,"# Postgresql Schema Changes — United Kingdom

## Purpose
The standard exists to reduce inconsistent implementation, avoid repeated support effort, and provide an auditable source of truth.

## Scope
Country-specific and role-specific exceptions override the global baseline only when explicitly documented. This version applies to United Kingdom.

## Requirements
- Postgresql Schema Changes must follow the current approved policy and ownership model. - Operational evidence for PostgreSQL schema changes should be retained according to the applicable retention schedule. - Exceptions involving PostgreSQL schema changes require documented approval from the responsible owner. - Teams should use standard tooling and published procedures when working with PostgreSQL schema changes.

## Controls
Changes affecting production require peer review, traceable evidence, and rollback instructions.

## Procedure
1. Confirm that the request concerns PostgreSQL schema changes.
2. Verify the relevant owner, country, environment, and current version.
3. Follow the approved workflow and capture evidence.
4. Escalate unresolved or exceptional cases to Developer Experience.

## Validation
Do not bypass required controls simply to shorten resolution time.

## Version
Version 1.3. Status: ACTIVE.",Software Engineering,Cloud & Security,Databases,PostgreSQL schema changes,design_note,Developer Experience,Developer Experience,UK,United Kingdom,en,"[""databases"", ""eng"", ""postgresql-schema-changes"", ""software-engineering""]","[""Databases"", ""PostgreSQL schema changes"", ""databases"", ""eng"", ""postgresql-schema-changes"", ""software-engineering""]",INTERNAL,"[""employee"", ""engineer"", ""tech_lead"", ""architect""]",[],hr_portal,synthetic://software-engineering/ENG-000165,1.3,2026-06-17,2026-09-23,2026-06-21,,ACTIVE,True,Synthetic dataset generated for research/demo use,VALIDATED,,996bca0cfca8
ENG-000166,ENG-PYTHON-B-00133,,Pydantic Contracts — Global v1.3,"# Pydantic Contracts — Global v1.3

## Purpose
This document defines the approved operating model for Pydantic contracts within Northstar Digital Services.

## Scope
It applies to employees, contractors, and managed service teams where the stated scope is relevant. This version is the global baseline; country-specific documents may impose additional requirements.

## Requirements
- Pydantic Contracts must follow the current approved policy and ownership model. - Operational evidence for Pydantic contracts should be retained according to the applicable retention schedule. - Exceptions involving Pydantic contracts require documented approval from the responsible owner. - Teams should use standard tooling and published procedures when working with Pydantic contracts.

## Controls
Sensitive information must follow the organisation's classification and least-privilege requirements.

## Procedure
1. Confirm that the request concerns Pydantic contracts.
2. Verify the relevant owner, country, environment, and current version.
3. Follow the approved workflow and capture evidence.
4. Escalate unresolved or exceptional cases to Developer Experience.

## Validation
Do not bypass required controls simply to shorten resolution time.

## Version
Version 1.3. Status: ARCHIVED. This document is archived and retained only for historical reference.",Software Engineering,Cloud & Security,Python Backend,Pydantic contracts,technical_standard,Developer Experience,Developer Experience,GLOBAL,Global,en,"[""eng"", ""pydantic-contracts"", ""python-backend"", ""software-engineering""]","[""Pydantic contracts"", ""Python Backend"", ""eng"", ""pydantic-contracts"", ""python-backend"", ""software-engineering""]",INTERNAL,"[""employee"", ""engineer"", ""tech_lead"", ""architect""]",[],sharepoint,synthetic://software-engineering/ENG-000166,1.3,2023-07-09,2023-09-05,2023-08-06,,ARCHIVED,True,Synthetic dataset generated for research/demo use,VALIDATED,,68415689fa7a
ENG-000167,ENG-PYTHON-B-00133,ENG-000166,Pydantic Contracts — Global v2.3,"# Pydantic Contracts — Global v2.3

## Purpose
The standard exists to reduce inconsistent implementation, avoid repeated support effort, and provide an auditable source of truth.

## Scope
Archived versions remain available for audit purposes but must not be used for new decisions. This version is the global baseline; country-specific documents may impose additional requirements.

## Requirements
- Pydantic Contracts must follow the current approved policy and ownership model. - Operational evidence for Pydantic contracts should be retained according to the applicable retention schedule. - Exceptions involving Pydantic contracts require documented approval from the responsible owner. - Teams should use standard tooling and published procedures when working with Pydantic contracts.

## Controls
Sensitive information must follow the organisation's classification and least-privilege requirements.

## Procedure
1. Confirm that the request concerns Pydantic contracts.
2. Verify the relevant owner, country, environment, and current version.
3. Follow the approved workflow and capture evidence.
4. Escalate unresolved or exceptional cases to Developer Experience.

## Validation
Verify the current document version before acting.

## Version
Version 2.3. Status: ACTIVE.",Software Engineering,Corporate Functions,Python Backend,Pydantic contracts,technical_standard,Developer Experience,Developer Experience,GLOBAL,Global,en,"[""eng"", ""pydantic-contracts"", ""python-backend"", ""software-engineering""]","[""Pydantic contracts"", ""Python Backend"", ""eng"", ""pydantic-contracts"", ""python-backend"", ""software-engineering""]",INTERNAL,"[""employee"", ""engineer"", ""tech_lead"", ""architect""]",[],hr_portal,synthetic://software-engineering/ENG-000167,2.3,2026-09-08,2026-09-23,2026-09-08,,ACTIVE,True,Synthetic dataset generated for research/demo use,VALIDATED,,5312f8ea35f8
ENG-000168,ENG-ARCHITEC-00134,,Caching — Ireland,"# Caching — Ireland

## Purpose
This document defines the approved operating model for caching within Northstar Digital Services.

## Scope
Country-specific and role-specific exceptions override the global baseline only when explicitly documented. This version applies to Ireland.

## Requirements
- Caching must follow the current approved policy and ownership model. - Operational evidence for caching should be retained according to the applicable retention schedule. - Exceptions involving caching require documented approval from the responsible owner. - Teams should use standard tooling and published procedures when working with caching.

## Controls
Changes affecting production require peer review, traceable evidence, and rollback instructions.

## Procedure
1. Confirm that the request concerns caching.
2. Verify the relevant owner, country, environment, and current version.
3. Follow the approved workflow and capture evidence.
4. Escalate unresolved or exceptional cases to Backend Platform.

## Validation
If the procedure does not resolve the issue, escalate to the listed owner team with timestamps, identifiers, and evidence.

## Version
Version 1.3. Status: ARCHIVED. This document is archived and retained only for historical reference.",Software Engineering,Cloud & Security,Architecture,caching,technical_standard,Backend Platform,Backend Platform,IE,Ireland,en,"[""architecture"", ""caching"", ""eng"", ""software-engineering""]","[""Architecture"", ""architecture"", ""caching"", ""eng"", ""software-engineering""]",EMPLOYEE,"[""employee"", ""engineer"", ""tech_lead"", ""architect""]",[],google_drive,synthetic://software-engineering/ENG-000168,1.3,2025-11-25,2025-11-25,2025-12-17,2027-01-02,ARCHIVED,True,Synthetic dataset generated for research/demo use,VALIDATED,,91f9e7f932d6
ENG-000169,ENG-JAVA-SER-00135,,Spring Boot Standard — Global,"# Spring Boot Standard — Global

## Purpose
This document defines the approved operating model for Spring Boot standard within Northstar Digital Services.

## Scope
It applies to employees, contractors, and managed service teams where the stated scope is relevant. This version is the global baseline; country-specific documents may impose additional requirements.

## Requirements
- Spring Boot Standard must follow the current approved policy and ownership model. - Operational evidence for Spring Boot standard should be retained according to the applicable retention schedule. - Exceptions involving Spring Boot standard require documented approval from the responsible owner. - Teams should use standard tooling and published procedures when working with Spring Boot standard.

## Controls
Sensitive information must follow the organisation's classification and least-privilege requirements.

## Procedure
1. Confirm that the request concerns Spring Boot standard.
2. Verify the relevant owner, country, environment, and current version.
3. Follow the approved workflow and capture evidence.
4. Escalate unresolved or exceptional cases to Data Platform.

## Validation
Verify the current document version before acting.

## Version
Version 1.0. Status: ACTIVE.",Software Engineering,Digital Delivery,Java Services,Spring Boot standard,known_issue,Data Platform,Data Platform,GLOBAL,Global,en,"[""eng"", ""java-services"", ""software-engineering"", ""spring-boot-standard""]","[""Java Services"", ""Spring Boot standard"", ""eng"", ""java-services"", ""software-engineering"", ""spring-boot-standard""]",INTERNAL,"[""employee"", ""engineer"", ""tech_lead"", ""architect""]",[],confluence,synthetic://software-engineering/ENG-000169,1.0,2026-02-12,2026-02-25,2026-04-11,,ACTIVE,True,Synthetic dataset generated for research/demo use,VALIDATED,,68f44828ce6b
ENG-000170,ENG-MESSAGIN-00136,,Dead-Letter Queues — Global,"# Dead-Letter Queues — Global

## Purpose
This document defines the approved operating model for dead-letter queues within Northstar Digital Services.

## Scope
It applies to employees, contractors, and managed service teams where the stated scope is relevant. This version is the global baseline; country-specific documents may impose additional requirements.

## Requirements
- Dead-Letter Queues must follow the current approved policy and ownership model. - Operational evidence for dead-letter queues should be retained according to the applicable retention schedule. - Exceptions involving dead-letter queues require documented approval from the responsible owner. - Teams should use standard tooling and published procedures when working with dead-letter queues.

## Controls
Sensitive information must follow the organisation's classification and least-privilege requirements.

## Procedure
1. Confirm that the request concerns dead-letter queues.
2. Verify the relevant owner, country, environment, and current version.
3. Follow the approved workflow and capture evidence.
4. Escalate unresolved or exceptional cases to Backend Platform.

## Validation
Do not bypass required controls simply to shorten resolution time.

## Version
Version 1.0. Status: ACTIVE.",Software Engineering,Enterprise Platforms,Messaging,dead-letter queues,migration_guide,Backend Platform,Backend Platform,GLOBAL,Global,en,"[""dead-letter-queues"", ""eng"", ""messaging"", ""software-engineering""]","[""Messaging"", ""dead-letter queues"", ""dead-letter-queues"", ""eng"", ""messaging"", ""software-engineering""]",INTERNAL,"[""employee"", ""engineer"", ""tech_lead"", ""architect""]",[],hr_portal,synthetic://software-engineering/ENG-000170,1.0,2025-02-22,2026-09-23,2025-04-12,,ACTIVE,True,Synthetic dataset generated for research/demo use,VALIDATED,,97faa1b0bb98
ENG-000171,ENG-MESSAGIN-00137,,Exactly-Once Semantics — Global,"# Exactly-Once Semantics — Global

## Purpose
Teams must apply this guidance when working with exactly-once semantics in production or employee-facing environments.

## Scope
It applies to employees, contractors, and managed service teams where the stated scope is relevant. This version is the global baseline; country-specific documents may impose additional requirements.

## Requirements
- Exactly-Once Semantics must follow the current approved policy and ownership model. - Operational evidence for exactly-once semantics should be retained according to the applicable retention schedule. - Exceptions involving exactly-once semantics require documented approval from the responsible owner. - Teams should use standard tooling and published procedures when working with exactly-once semantics.

## Controls
Changes affecting production require peer review, traceable evidence, and rollback instructions.

## Procedure
1. Confirm that the request concerns exactly-once semantics.
2. Verify the relevant owner, country, environment, and current version.
3. Follow the approved workflow and capture evidence.
4. Escalate unresolved or exceptional cases to Developer Experience.

## Validation
Verify the current document version before acting.

## Version
Version 1.1. Status: ACTIVE.",Software Engineering,Shared Services,Messaging,exactly-once semantics,api_guide,Developer Experience,Developer Experience,GLOBAL,Global,en,"[""eng"", ""exactly-once-semantics"", ""messaging"", ""software-engineering""]","[""Messaging"", ""eng"", ""exactly-once semantics"", ""exactly-once-semantics"", ""messaging"", ""software-engineering""]",INTERNAL,"[""employee"", ""engineer"", ""tech_lead"", ""architect""]",[],hr_portal,synthetic://software-engineering/ENG-000171,1.1,2023-12-28,2024-02-28,2024-02-26,,ACTIVE,True,Synthetic dataset generated for research/demo use,VALIDATED,,bc6e586ae497
ENG-000172,ENG-TESTING-00138,,End-To-End Testing — Global,"# End-To-End Testing — Global

## Purpose
Teams must apply this guidance when working with end-to-end testing in production or employee-facing environments.

## Scope
Archived versions remain available for audit purposes but must not be used for new decisions. This version is the global baseline; country-specific documents may impose additional requirements.

## Requirements
- End-To-End Testing must follow the current approved policy and ownership model. - Operational evidence for end-to-end testing should be retained according to the applicable retention schedule. - Exceptions involving end-to-end testing require documented approval from the responsible owner. - Teams should use standard tooling and published procedures when working with end-to-end testing.

## Controls
Requests requiring elevated access must be approved by the designated owner and recorded in the enterprise service system.

## Procedure
1. Confirm that the request concerns end-to-end testing.
2. Verify the relevant owner, country, environment, and current version.
3. Follow the approved workflow and capture evidence.
4. Escalate unresolved or exceptional cases to Frontend Platform.

## Validation
If the procedure does not resolve the issue, escalate to the listed owner team with timestamps, identifiers, and evidence.

## Version
Version 1.0. Status: DRAFT.  This document is a draft and must not be treated as an approved source of policy.",Software Engineering,Cloud & Security,Testing,end-to-end testing,design_note,Frontend Platform,Frontend Platform,GLOBAL,Global,en,"[""end-to-end-testing"", ""eng"", ""software-engineering"", ""testing""]","[""Testing"", ""end-to-end testing"", ""end-to-end-testing"", ""eng"", ""software-engineering"", ""testing""]",INTERNAL,"[""employee"", ""engineer"", ""tech_lead"", ""architect""]",[],google_drive,synthetic://software-engineering/ENG-000172,1.0,2024-03-02,2024-12-19,2024-04-17,2026-01-26,DRAFT,True,Synthetic dataset generated for research/demo use,VALIDATED,,d4be4d8c33ed
ENG-000173,ENG-DATABASE-00139,,Read Replicas — United States,"# Read Replicas — United States

## Purpose
This document defines the approved operating model for read replicas within Northstar Digital Services.

## Scope
Country-specific and role-specific exceptions override the global baseline only when explicitly documented. This version applies to United States.

## Requirements
- Read Replicas must follow the current approved policy and ownership model. - Operational evidence for read replicas should be retained according to the applicable retention schedule. - Exceptions involving read replicas require documented approval from the responsible owner. - Teams should use standard tooling and published procedures when working with read replicas.

## Controls
Requests requiring elevated access must be approved by the designated owner and recorded in the enterprise service system.

## Procedure
1. Confirm that the request concerns read replicas.
2. Verify the relevant owner, country, environment, and current version.
3. Follow the approved workflow and capture evidence.
4. Escalate unresolved or exceptional cases to Architecture Guild.

## Validation
If the procedure does not resolve the issue, escalate to the listed owner team with timestamps, identifiers, and evidence.

## Version
Version 1.0. Status: ACTIVE.",Software Engineering,Enterprise Platforms,Databases,read replicas,migration_guide,Architecture Guild,Architecture Guild,US,United States,en,"[""databases"", ""eng"", ""read-replicas"", ""software-engineering""]","[""Databases"", ""databases"", ""eng"", ""read replicas"", ""read-replicas"", ""software-engineering""]",CONFIDENTIAL,"[""tech_lead"", ""architect""]","[""Software Engineering""]",servicenow,synthetic://software-engineering/ENG-000173,1.0,2025-02-06,2025-12-01,2025-03-02,,ACTIVE,True,Synthetic dataset generated for research/demo use,VALIDATED,,1e7886d98a05
ENG-000174,ENG-PYTHON-B-00140,,Async I/O — Global,"# Async I/O — Global

## Purpose
This document defines the approved operating model for async I/O within Northstar Digital Services.

## Scope
Country-specific and role-specific exceptions override the global baseline only when explicitly documented. This version is the global baseline; country-specific documents may impose additional requirements.

## Requirements
- Async I/O must follow the current approved policy and ownership model. - Operational evidence for async I/O should be retained according to the applicable retention schedule. - Exceptions involving async I/O require documented approval from the responsible owner. - Teams should use standard tooling and published procedures when working with async I/O.

## Controls
Requests requiring elevated access must be approved by the designated owner and recorded in the enterprise service system.

## Procedure
1. Confirm that the request concerns async I/O.
2. Verify the relevant owner, country, environment, and current version.
3. Follow the approved workflow and capture evidence.
4. Escalate unresolved or exceptional cases to Developer Experience.

## Validation
If the procedure does not resolve the issue, escalate to the listed owner team with timestamps, identifiers, and evidence.

## Version
Version 1.0. Status: ACTIVE.",Software Engineering,Shared Services,Python Backend,async I/O,technical_standard,Developer Experience,Developer Experience,GLOBAL,Global,en,"[""async-i-o"", ""eng"", ""python-backend"", ""software-engineering""]","[""Python Backend"", ""async I/O"", ""async-i-o"", ""eng"", ""python-backend"", ""software-engineering""]",INTERNAL,"[""employee"", ""engineer"", ""tech_lead"", ""architect""]",[],sharepoint,synthetic://software-engineering/ENG-000174,1.0,2024-07-02,2025-04-15,2024-07-11,,ACTIVE,True,Synthetic dataset generated for research/demo use,VALIDATED,,e928c57ed2ea
ENG-000175,ENG-DATABASE-00141,,Postgresql Schema Changes — Ireland,"# Postgresql Schema Changes — Ireland

## Purpose
This document defines the approved operating model for PostgreSQL schema changes within Northstar Digital Services.

## Scope
Archived versions remain available for audit purposes but must not be used for new decisions. This version applies to Ireland.

## Requirements
- Postgresql Schema Changes must follow the current approved policy and ownership model. - Operational evidence for PostgreSQL schema changes should be retained according to the applicable retention schedule. - Exceptions involving PostgreSQL schema changes require documented approval from the responsible owner. - Teams should use standard tooling and published procedures when working with PostgreSQL schema changes.

## Controls
Changes affecting production require peer review, traceable evidence, and rollback instructions.

## Procedure
1. Confirm that the request concerns PostgreSQL schema changes.
2. Verify the relevant owner, country, environment, and current version.
3. Follow the approved workflow and capture evidence.
4. Escalate unresolved or exceptional cases to Backend Platform.

## Validation
Do not bypass required controls simply to shorten resolution time.

## Version
Version 1.1. Status: ACTIVE.",Software Engineering,Enterprise Platforms,Databases,PostgreSQL schema changes,api_guide,Backend Platform,Backend Platform,IE,Ireland,en,"[""databases"", ""eng"", ""postgresql-schema-changes"", ""software-engineering""]","[""Databases"", ""PostgreSQL schema changes"", ""databases"", ""eng"", ""postgresql-schema-changes"", ""software-engineering""]",EMPLOYEE,"[""employee"", ""engineer"", ""tech_lead"", ""architect""]",[],servicenow,synthetic://software-engineering/ENG-000175,1.1,2025-11-14,2026-07-22,2026-01-02,,ACTIVE,True,Synthetic dataset generated for research/demo use,VALIDATED,,d3a9f0c2015b
ENG-000176,ENG-PYTHON-B-00142,,Python Runtime — Global,"# Python Runtime — Global

## Purpose
Teams must apply this guidance when working with Python runtime in production or employee-facing environments.

## Scope
Country-specific and role-specific exceptions override the global baseline only when explicitly documented. This version is the global baseline; country-specific documents may impose additional requirements.

## Requirements
- Supported runtime versions are centrally maintained. - Unsupported runtimes must not be introduced into new production services. - Upgrade plans are required before end-of-support. - Supported runtime versions are centrally maintained.

## Controls
Changes affecting production require peer review, traceable evidence, and rollback instructions.

## Procedure
1. Confirm that the request concerns Python runtime.
2. Verify the relevant owner, country, environment, and current version.
3. Follow the approved workflow and capture evidence.
4. Escalate unresolved or exceptional cases to Architecture Guild.

## Validation
Do not bypass required controls simply to shorten resolution time.

## Version
Version 1.2. Status: ACTIVE.",Software Engineering,Corporate Functions,Python Backend,Python runtime,design_note,Architecture Guild,Architecture Guild,GLOBAL,Global,en,"[""eng"", ""python-backend"", ""python-runtime"", ""software-engineering""]","[""Python Backend"", ""Python runtime"", ""eng"", ""python-backend"", ""python-runtime"", ""software-engineering""]",INTERNAL,"[""employee"", ""engineer"", ""tech_lead"", ""architect""]",[],confluence,synthetic://software-engineering/ENG-000176,1.2,2023-04-26,2024-06-27,2023-06-17,,ACTIVE,True,Synthetic dataset generated for research/demo use,VALIDATED,,49a771111727
ENG-000177,ENG-TESTING-00143,,End-To-End Testing — India,"# End-To-End Testing — India

## Purpose
Teams must apply this guidance when working with end-to-end testing in production or employee-facing environments.

## Scope
Country-specific and role-specific exceptions override the global baseline only when explicitly documented. This version applies to India.

## Requirements
- End-To-End Testing must follow the current approved policy and ownership model. - Operational evidence for end-to-end testing should be retained according to the applicable retention schedule. - Exceptions involving end-to-end testing require documented approval from the responsible owner. - Teams should use standard tooling and published procedures when working with end-to-end testing.

## Controls
Requests requiring elevated access must be approved by the designated owner and recorded in the enterprise service system.

## Procedure
1. Confirm that the request concerns end-to-end testing.
2. Verify the relevant owner, country, environment, and current version.
3. Follow the approved workflow and capture evidence.
4. Escalate unresolved or exceptional cases to Architecture Guild.

## Validation
Do not bypass required controls simply to shorten resolution time.

## Version
Version 1.4. Status: ARCHIVED. This document is archived and retained only for historical reference.",Software Engineering,Shared Services,Testing,end-to-end testing,technical_standard,Architecture Guild,Architecture Guild,IN,India,en,"[""end-to-end-testing"", ""eng"", ""software-engineering"", ""testing""]","[""Testing"", ""end-to-end testing"", ""end-to-end-testing"", ""eng"", ""software-engineering"", ""testing""]",CONFIDENTIAL,"[""tech_lead"", ""architect""]","[""Software Engineering""]",hr_portal,synthetic://software-engineering/ENG-000177,1.4,2023-07-09,2024-10-13,2023-08-21,,ARCHIVED,True,Synthetic dataset generated for research/demo use,VALIDATED,,a9c9173b49dd
ENG-000178,ENG-ARCHITEC-00144,,Backpressure — United States,"# Backpressure — United States

## Purpose
The standard exists to reduce inconsistent implementation, avoid repeated support effort, and provide an auditable source of truth.

## Scope
It applies to employees, contractors, and managed service teams where the stated scope is relevant. This version applies to United States.

## Requirements
- Backpressure must follow the current approved policy and ownership model. - Operational evidence for backpressure should be retained according to the applicable retention schedule. - Exceptions involving backpressure require documented approval from the responsible owner. - Teams should use standard tooling and published procedures when working with backpressure.

## Controls
Changes affecting production require peer review, traceable evidence, and rollback instructions.

## Procedure
1. Confirm that the request concerns backpressure.
2. Verify the relevant owner, country, environment, and current version.
3. Follow the approved workflow and capture evidence.
4. Escalate unresolved or exceptional cases to Architecture Guild.

## Validation
Verify the current document version before acting.

## Version
Version 1.4. Status: ARCHIVED. This document is archived and retained only for historical reference.",Software Engineering,Cloud & Security,Architecture,backpressure,technical_standard,Architecture Guild,Architecture Guild,US,United States,en,"[""architecture"", ""backpressure"", ""eng"", ""software-engineering""]","[""Architecture"", ""architecture"", ""backpressure"", ""eng"", ""software-engineering""]",INTERNAL,"[""employee"", ""engineer"", ""tech_lead"", ""architect""]",[],sharepoint,synthetic://software-engineering/ENG-000178,1.4,2023-10-09,2025-02-11,2023-11-05,2024-12-22,ARCHIVED,True,Synthetic dataset generated for research/demo use,VALIDATED,,3764f7ab68e0
ENG-000179,ENG-DATABASE-00145,,Read Replicas — Global,"# Read Replicas — Global

## Purpose
Teams must apply this guidance when working with read replicas in production or employee-facing environments.

## Scope
Archived versions remain available for audit purposes but must not be used for new decisions. This version is the global baseline; country-specific documents may impose additional requirements.

## Requirements
- Read Replicas must follow the current approved policy and ownership model. - Operational evidence for read replicas should be retained according to the applicable retention schedule. - Exceptions involving read replicas require documented approval from the responsible owner. - Teams should use standard tooling and published procedures when working with read replicas.

## Controls
Sensitive information must follow the organisation's classification and least-privilege requirements.

## Procedure
1. Confirm that the request concerns read replicas.
2. Verify the relevant owner, country, environment, and current version.
3. Follow the approved workflow and capture evidence.
4. Escalate unresolved or exceptional cases to Backend Platform.

## Validation
If the procedure does not resolve the issue, escalate to the listed owner team with timestamps, identifiers, and evidence.

## Version
Version 1.3. Status: ACTIVE.",Software Engineering,Enterprise Platforms,Databases,read replicas,migration_guide,Backend Platform,Backend Platform,GLOBAL,Global,en,"[""databases"", ""eng"", ""read-replicas"", ""software-engineering""]","[""Databases"", ""databases"", ""eng"", ""read replicas"", ""read-replicas"", ""software-engineering""]",INTERNAL,"[""employee"", ""engineer"", ""tech_lead"", ""architect""]",[],confluence,synthetic://software-engineering/ENG-000179,1.3,2026-04-16,2026-09-23,2026-04-20,,ACTIVE,True,Synthetic dataset generated for research/demo use,VALIDATED,,ccb2124e6d42
ENG-000180,ENG-APIS-00146,,Error Envelopes — Global,"# Error Envelopes — Global

## Purpose
The standard exists to reduce inconsistent implementation, avoid repeated support effort, and provide an auditable source of truth.

## Scope
It applies to employees, contractors, and managed service teams where the stated scope is relevant. This version is the global baseline; country-specific documents may impose additional requirements.

## Requirements
- Error Envelopes must follow the current approved policy and ownership model. - Operational evidence for error envelopes should be retained according to the applicable retention schedule. - Exceptions involving error envelopes require documented approval from the responsible owner. - Teams should use standard tooling and published procedures when working with error envelopes.

## Controls
Sensitive information must follow the organisation's classification and least-privilege requirements.

## Procedure
1. Confirm that the request concerns error envelopes.
2. Verify the relevant owner, country, environment, and current version.
3. Follow the approved workflow and capture evidence.
4. Escalate unresolved or exceptional cases to Developer Experience.

## Validation
If the procedure does not resolve the issue, escalate to the listed owner team with timestamps, identifiers, and evidence.

## Version
Version 1.3. Status: ACTIVE.",Software Engineering,Corporate Functions,APIs,error envelopes,migration_guide,Developer Experience,Developer Experience,GLOBAL,Global,en,"[""apis"", ""eng"", ""error-envelopes"", ""software-engineering""]","[""APIs"", ""apis"", ""eng"", ""error envelopes"", ""error-envelopes"", ""software-engineering""]",INTERNAL,"[""employee"", ""engineer"", ""tech_lead"", ""architect""]",[],servicenow,synthetic://software-engineering/ENG-000180,1.3,2025-11-21,2026-09-23,2025-12-29,,ACTIVE,True,Synthetic dataset generated for research/demo use,VALIDATED,,9a19e4042a28
ENG-000181,ENG-MESSAGIN-00147,,Schema Evolution — Global,"# Schema Evolution — Global

## Purpose
Teams must apply this guidance when working with schema evolution in production or employee-facing environments.

## Scope
Country-specific and role-specific exceptions override the global baseline only when explicitly documented. This version is the global baseline; country-specific documents may impose additional requirements.

## Requirements
- Schema Evolution must follow the current approved policy and ownership model. - Operational evidence for schema evolution should be retained according to the applicable retention schedule. - Exceptions involving schema evolution require documented approval from the responsible owner. - Teams should use standard tooling and published procedures when working with schema evolution.

## Controls
Requests requiring elevated access must be approved by the designated owner and recorded in the enterprise service system.

## Procedure
1. Confirm that the request concerns schema evolution.
2. Verify the relevant owner, country, environment, and current version.
3. Follow the approved workflow and capture evidence.
4. Escalate unresolved or exceptional cases to Developer Experience.

## Validation
Verify the current document version before acting.

## Version
Version 1.3. Status: ACTIVE.",Software Engineering,Digital Delivery,Messaging,schema evolution,coding_standard,Developer Experience,Developer Experience,GLOBAL,Global,en,"[""eng"", ""messaging"", ""schema-evolution"", ""software-engineering""]","[""Messaging"", ""eng"", ""messaging"", ""schema evolution"", ""schema-evolution"", ""software-engineering""]",EMPLOYEE,"[""employee"", ""engineer"", ""tech_lead"", ""architect""]",[],servicenow,synthetic://software-engineering/ENG-000181,1.3,2023-01-17,2023-07-11,2023-01-27,,ACTIVE,True,Synthetic dataset generated for research/demo use,VALIDATED,,ac3893956430
ENG-000182,ENG-FRONTEND-00148,,Performance Budgets — India,"# Performance Budgets — India

## Purpose
Teams must apply this guidance when working with performance budgets in production or employee-facing environments.

## Scope
Archived versions remain available for audit purposes but must not be used for new decisions. This version applies to India.

## Requirements
- Performance Budgets must follow the current approved policy and ownership model. - Operational evidence for performance budgets should be retained according to the applicable retention schedule. - Exceptions involving performance budgets require documented approval from the responsible owner. - Teams should use standard tooling and published procedures when working with performance budgets.

## Controls
Changes affecting production require peer review, traceable evidence, and rollback instructions.

## Procedure
1. Confirm that the request concerns performance budgets.
2. Verify the relevant owner, country, environment, and current version.
3. Follow the approved workflow and capture evidence.
4. Escalate unresolved or exceptional cases to Backend Platform.

## Validation
If the procedure does not resolve the issue, escalate to the listed owner team with timestamps, identifiers, and evidence.

## Version
Version 1.1. Status: ACTIVE.",Software Engineering,Digital Delivery,Frontend,performance budgets,design_note,Backend Platform,Backend Platform,IN,India,en,"[""eng"", ""frontend"", ""performance-budgets"", ""software-engineering""]","[""Frontend"", ""eng"", ""frontend"", ""performance budgets"", ""performance-budgets"", ""software-engineering""]",EMPLOYEE,"[""employee"", ""engineer"", ""tech_lead"", ""architect""]",[],github,synthetic://software-engineering/ENG-000182,1.1,2023-05-11,2023-10-13,2023-05-24,,ACTIVE,True,Synthetic dataset generated for research/demo use,VALIDATED,,81466ed8efc2
ENG-000183,ENG-ARCHITEC-00149,,Caching — Australia,"# Caching — Australia

## Purpose
The standard exists to reduce inconsistent implementation, avoid repeated support effort, and provide an auditable source of truth.

## Scope
Country-specific and role-specific exceptions override the global baseline only when explicitly documented. This version applies to Australia.

## Requirements
- Caching must follow the current approved policy and ownership model. - Operational evidence for caching should be retained according to the applicable retention schedule. - Exceptions involving caching require documented approval from the responsible owner. - Teams should use standard tooling and published procedures when working with caching.

## Controls
Requests requiring elevated access must be approved by the designated owner and recorded in the enterprise service system.

## Procedure
1. Confirm that the request concerns caching.
2. Verify the relevant owner, country, environment, and current version.
3. Follow the approved workflow and capture evidence.
4. Escalate unresolved or exceptional cases to Data Platform.

## Validation
Do not bypass required controls simply to shorten resolution time.

## Version
Version 1.3. Status: ACTIVE.",Software Engineering,Corporate Functions,Architecture,caching,api_guide,Data Platform,Data Platform,AU,Australia,en,"[""architecture"", ""caching"", ""eng"", ""software-engineering""]","[""Architecture"", ""architecture"", ""caching"", ""eng"", ""software-engineering""]",INTERNAL,"[""employee"", ""engineer"", ""tech_lead"", ""architect""]",[],servicenow,synthetic://software-engineering/ENG-000183,1.3,2023-12-16,2024-01-05,2023-12-26,,ACTIVE,True,Synthetic dataset generated for research/demo use,VALIDATED,,f7b59cdab7b6
ENG-000184,ENG-JAVA-SER-00150,,Dependency Management — India,"# Dependency Management — India

## Purpose
Teams must apply this guidance when working with dependency management in production or employee-facing environments.

## Scope
It applies to employees, contractors, and managed service teams where the stated scope is relevant. This version applies to India.

## Requirements
- Dependency Management must follow the current approved policy and ownership model. - Operational evidence for dependency management should be retained according to the applicable retention schedule. - Exceptions involving dependency management require documented approval from the responsible owner. - Teams should use standard tooling and published procedures when working with dependency management.

## Controls
Changes affecting production require peer review, traceable evidence, and rollback instructions.

## Procedure
1. Confirm that the request concerns dependency management.
2. Verify the relevant owner, country, environment, and current version.
3. Follow the approved workflow and capture evidence.
4. Escalate unresolved or exceptional cases to Developer Experience.

## Validation
Verify the current document version before acting.

## Version
Version 1.2. Status: ACTIVE.",Software Engineering,Shared Services,Java Services,dependency management,technical_standard,Developer Experience,Developer Experience,IN,India,en,"[""dependency-management"", ""eng"", ""java-services"", ""software-engineering""]","[""Java Services"", ""dependency management"", ""dependency-management"", ""eng"", ""java-services"", ""software-engineering""]",INTERNAL,"[""employee"", ""engineer"", ""tech_lead"", ""architect""]",[],confluence,synthetic://software-engineering/ENG-000184,1.2,2025-01-01,2025-09-26,2025-01-02,,ACTIVE,True,Synthetic dataset generated for research/demo use,VALIDATED,,3d665e76ac06
ENG-000185,ENG-FRONTEND-00151,,Next.Js Rendering — United Kingdom,"# Next.Js Rendering — United Kingdom

## Purpose
Teams must apply this guidance when working with Next.js rendering in production or employee-facing environments.

## Scope
Archived versions remain available for audit purposes but must not be used for new decisions. This version applies to United Kingdom.

## Requirements
- Next.Js Rendering must follow the current approved policy and ownership model. - Operational evidence for Next.js rendering should be retained according to the applicable retention schedule. - Exceptions involving Next.js rendering require documented approval from the responsible owner. - Teams should use standard tooling and published procedures when working with Next.js rendering.

## Controls
Changes affecting production require peer review, traceable evidence, and rollback instructions.

## Procedure
1. Confirm that the request concerns Next.js rendering.
2. Verify the relevant owner, country, environment, and current version.
3. Follow the approved workflow and capture evidence.
4. Escalate unresolved or exceptional cases to Developer Experience.

## Validation
Verify the current document version before acting.

## Version
Version 1.2. Status: ACTIVE.",Software Engineering,Enterprise Platforms,Frontend,Next.js rendering,known_issue,Developer Experience,Developer Experience,UK,United Kingdom,en,"[""eng"", ""frontend"", ""next-js-rendering"", ""software-engineering""]","[""Frontend"", ""Next.js rendering"", ""eng"", ""frontend"", ""next-js-rendering"", ""software-engineering""]",INTERNAL,"[""employee"", ""engineer"", ""tech_lead"", ""architect""]",[],confluence,synthetic://software-engineering/ENG-000185,1.2,2025-03-25,2026-03-05,2025-05-16,,ACTIVE,True,Synthetic dataset generated for research/demo use,VALIDATED,,f001cf4c6d38
ENG-000186,ENG-APIS-00152,,Idempotency — Ireland v1.0,"# Idempotency — Ireland v1.0

## Purpose
The standard exists to reduce inconsistent implementation, avoid repeated support effort, and provide an auditable source of truth.

## Scope
Country-specific and role-specific exceptions override the global baseline only when explicitly documented. This version applies to Ireland.

## Requirements
- Idempotency must follow the current approved policy and ownership model. - Operational evidence for idempotency should be retained according to the applicable retention schedule. - Exceptions involving idempotency require documented approval from the responsible owner. - Teams should use standard tooling and published procedures when working with idempotency.

## Controls
Sensitive information must follow the organisation's classification and least-privilege requirements.

## Procedure
1. Confirm that the request concerns idempotency.
2. Verify the relevant owner, country, environment, and current version.
3. Follow the approved workflow and capture evidence.
4. Escalate unresolved or exceptional cases to Architecture Guild.

## Validation
If the procedure does not resolve the issue, escalate to the listed owner team with timestamps, identifiers, and evidence.

## Version
Version 1.0. Status: ARCHIVED. This document is archived and retained only for historical reference.",Software Engineering,Enterprise Platforms,APIs,idempotency,design_note,Architecture Guild,Architecture Guild,IE,Ireland,en,"[""apis"", ""eng"", ""idempotency"", ""software-engineering""]","[""APIs"", ""apis"", ""eng"", ""idempotency"", ""software-engineering""]",INTERNAL,"[""employee"", ""engineer"", ""tech_lead"", ""architect""]",[],google_drive,synthetic://software-engineering/ENG-000186,1.0,2026-08-24,2026-09-23,2026-09-02,,ARCHIVED,True,Synthetic dataset generated for research/demo use,VALIDATED,,a3fd3564f354
ENG-000187,ENG-APIS-00152,ENG-000186,Idempotency — Ireland v2.1,"# Idempotency — Ireland v2.1

## Purpose
The standard exists to reduce inconsistent implementation, avoid repeated support effort, and provide an auditable source of truth.

## Scope
Country-specific and role-specific exceptions override the global baseline only when explicitly documented. This version applies to Ireland.

## Requirements
- Idempotency must follow the current approved policy and ownership model. - Operational evidence for idempotency should be retained according to the applicable retention schedule. - Exceptions involving idempotency require documented approval from the responsible owner. - Teams should use standard tooling and published procedures when working with idempotency.

## Controls
Requests requiring elevated access must be approved by the designated owner and recorded in the enterprise service system.

## Procedure
1. Confirm that the request concerns idempotency.
2. Verify the relevant owner, country, environment, and current version.
3. Follow the approved workflow and capture evidence.
4. Escalate unresolved or exceptional cases to Architecture Guild.

## Validation
Do not bypass required controls simply to shorten resolution time.

## Version
Version 2.1. Status: ACTIVE.",Software Engineering,Digital Delivery,APIs,idempotency,design_note,Architecture Guild,Architecture Guild,IE,Ireland,en,"[""apis"", ""eng"", ""idempotency"", ""software-engineering""]","[""APIs"", ""apis"", ""eng"", ""idempotency"", ""software-engineering""]",INTERNAL,"[""employee"", ""engineer"", ""tech_lead"", ""architect""]",[],hr_portal,synthetic://software-engineering/ENG-000187,2.1,2023-09-14,2024-10-23,2023-09-27,,ACTIVE,True,Synthetic dataset generated for research/demo use,VALIDATED,,f9634c633bff
ENG-000188,ENG-PYTHON-B-00153,,Dependency Pinning — Global,"# Dependency Pinning — Global

## Purpose
Teams must apply this guidance when working with dependency pinning in production or employee-facing environments.

## Scope
Country-specific and role-specific exceptions override the global baseline only when explicitly documented. This version is the global baseline; country-specific documents may impose additional requirements.

## Requirements
- Dependency Pinning must follow the current approved policy and ownership model. - Operational evidence for dependency pinning should be retained according to the applicable retention schedule. - Exceptions involving dependency pinning require documented approval from the responsible owner. - Teams should use standard tooling and published procedures when working with dependency pinning.

## Controls
Sensitive information must follow the organisation's classification and least-privilege requirements.

## Procedure
1. Confirm that the request concerns dependency pinning.
2. Verify the relevant owner, country, environment, and current version.
3. Follow the approved workflow and capture evidence.
4. Escalate unresolved or exceptional cases to Architecture Guild.

## Validation
Do not bypass required controls simply to shorten resolution time.

## Version
Version 1.0. Status: ACTIVE.",Software Engineering,Enterprise Platforms,Python Backend,dependency pinning,design_note,Architecture Guild,Architecture Guild,GLOBAL,Global,en,"[""dependency-pinning"", ""eng"", ""python-backend"", ""software-engineering""]","[""Python Backend"", ""dependency pinning"", ""dependency-pinning"", ""eng"", ""python-backend"", ""software-engineering""]",INTERNAL,"[""employee"", ""engineer"", ""tech_lead"", ""architect""]",[],github,synthetic://software-engineering/ENG-000188,1.0,2023-10-17,2024-04-15,2023-10-31,,ACTIVE,True,Synthetic dataset generated for research/demo use,VALIDATED,,83cfe428c699
ENG-000189,ENG-JAVA-SER-00154,,Jvm Tuning — United Kingdom,"# Jvm Tuning — United Kingdom

## Purpose
This document defines the approved operating model for JVM tuning within Northstar Digital Services.

## Scope
Archived versions remain available for audit purposes but must not be used for new decisions. This version applies to United Kingdom.

## Requirements
- Jvm Tuning must follow the current approved policy and ownership model. - Operational evidence for JVM tuning should be retained according to the applicable retention schedule. - Exceptions involving JVM tuning require documented approval from the responsible owner. - Teams should use standard tooling and published procedures when working with JVM tuning.

## Controls
Requests requiring elevated access must be approved by the designated owner and recorded in the enterprise service system.

## Procedure
1. Confirm that the request concerns JVM tuning.
2. Verify the relevant owner, country, environment, and current version.
3. Follow the approved workflow and capture evidence.
4. Escalate unresolved or exceptional cases to Developer Experience.

## Validation
Verify the current document version before acting.

## Version
Version 1.3. Status: ACTIVE.",Software Engineering,Corporate Functions,Java Services,JVM tuning,known_issue,Developer Experience,Developer Experience,UK,United Kingdom,en,"[""eng"", ""java-services"", ""jvm-tuning"", ""software-engineering""]","[""JVM tuning"", ""Java Services"", ""eng"", ""java-services"", ""jvm-tuning"", ""software-engineering""]",EMPLOYEE,"[""employee"", ""engineer"", ""tech_lead"", ""architect""]",[],servicenow,synthetic://software-engineering/ENG-000189,1.3,2026-03-06,2026-08-03,2026-05-05,,ACTIVE,True,Synthetic dataset generated for research/demo use,VALIDATED,,9ddb20a9b046
ENG-000190,ENG-PYTHON-B-00155,,Fastapi Service Standard — Global,"# Fastapi Service Standard — Global

## Purpose
The standard exists to reduce inconsistent implementation, avoid repeated support effort, and provide an auditable source of truth.

## Scope
Country-specific and role-specific exceptions override the global baseline only when explicitly documented. This version is the global baseline; country-specific documents may impose additional requirements.

## Requirements
- Service contracts must use explicit schemas. - Health and readiness endpoints are required. - Timeouts, structured logging, and request IDs are mandatory in production. - Service contracts must use explicit schemas.

## Controls
Requests requiring elevated access must be approved by the designated owner and recorded in the enterprise service system.

## Procedure
1. Confirm that the request concerns FastAPI service standard.
2. Verify the relevant owner, country, environment, and current version.
3. Follow the approved workflow and capture evidence.
4. Escalate unresolved or exceptional cases to Developer Experience.

## Validation
If the procedure does not resolve the issue, escalate to the listed owner team with timestamps, identifiers, and evidence.

## Version
Version 1.3. Status: ACTIVE.",Software Engineering,Shared Services,Python Backend,FastAPI service standard,technical_standard,Developer Experience,Developer Experience,GLOBAL,Global,en,"[""eng"", ""fastapi-service-standard"", ""python-backend"", ""software-engineering""]","[""FastAPI service standard"", ""Python Backend"", ""eng"", ""fastapi-service-standard"", ""python-backend"", ""software-engineering""]",INTERNAL,"[""employee"", ""engineer"", ""tech_lead"", ""architect""]",[],servicenow,synthetic://software-engineering/ENG-000190,1.3,2026-01-08,2026-09-23,2026-01-17,,ACTIVE,True,Synthetic dataset generated for research/demo use,VALIDATED,,93444811479e
ENG-000191,ENG-JAVA-SER-00156,,Gradle Builds — India,"# Gradle Builds — India

## Purpose
Teams must apply this guidance when working with Gradle builds in production or employee-facing environments.

## Scope
Country-specific and role-specific exceptions override the global baseline only when explicitly documented. This version applies to India.

## Requirements
- Gradle Builds must follow the current approved policy and ownership model. - Operational evidence for Gradle builds should be retained according to the applicable retention schedule. - Exceptions involving Gradle builds require documented approval from the responsible owner. - Teams should use standard tooling and published procedures when working with Gradle builds.

## Controls
Requests requiring elevated access must be approved by the designated owner and recorded in the enterprise service system.

## Procedure
1. Confirm that the request concerns Gradle builds.
2. Verify the relevant owner, country, environment, and current version.
3. Follow the approved workflow and capture evidence.
4. Escalate unresolved or exceptional cases to Developer Experience.

## Validation
Verify the current document version before acting.

## Version
Version 1.0. Status: ACTIVE.",Software Engineering,Cloud & Security,Java Services,Gradle builds,architecture_decision_record,Developer Experience,Developer Experience,IN,India,en,"[""eng"", ""gradle-builds"", ""java-services"", ""software-engineering""]","[""Gradle builds"", ""Java Services"", ""eng"", ""gradle-builds"", ""java-services"", ""software-engineering""]",INTERNAL,"[""employee"", ""engineer"", ""tech_lead"", ""architect""]",[],confluence,synthetic://software-engineering/ENG-000191,1.0,2023-08-09,2023-10-06,2023-08-30,,ACTIVE,True,Synthetic dataset generated for research/demo use,VALIDATED,,c76571e0300e
ENG-000192,ENG-MESSAGIN-00157,,Ordering — Global,"# Ordering — Global

## Purpose
Teams must apply this guidance when working with ordering in production or employee-facing environments.

## Scope
Country-specific and role-specific exceptions override the global baseline only when explicitly documented. This version is the global baseline; country-specific documents may impose additional requirements.

## Requirements
- Ordering must follow the current approved policy and ownership model. - Operational evidence for ordering should be retained according to the applicable retention schedule. - Exceptions involving ordering require documented approval from the responsible owner. - Teams should use standard tooling and published procedures when working with ordering.

## Controls
Changes affecting production require peer review, traceable evidence, and rollback instructions.

## Procedure
1. Confirm that the request concerns ordering.
2. Verify the relevant owner, country, environment, and current version.
3. Follow the approved workflow and capture evidence.
4. Escalate unresolved or exceptional cases to Frontend Platform.

## Validation
Do not bypass required controls simply to shorten resolution time.

## Version
Version 1.1. Status: DRAFT.  This document is a draft and must not be treated as an approved source of policy.",Software Engineering,Enterprise Platforms,Messaging,ordering,api_guide,Frontend Platform,Frontend Platform,GLOBAL,Global,en,"[""eng"", ""messaging"", ""ordering"", ""software-engineering""]","[""Messaging"", ""eng"", ""messaging"", ""ordering"", ""software-engineering""]",INTERNAL,"[""employee"", ""engineer"", ""tech_lead"", ""architect""]",[],google_drive,synthetic://software-engineering/ENG-000192,1.1,2026-06-01,2026-09-23,2026-07-05,,DRAFT,True,Synthetic dataset generated for research/demo use,VALIDATED,,d4f70692167a
ENG-000193,ENG-TESTING-00158,,Coverage Policy — India,"# Coverage Policy — India

## Purpose
This document defines the approved operating model for coverage policy within Northstar Digital Services.

## Scope
It applies to employees, contractors, and managed service teams where the stated scope is relevant. This version applies to India.

## Requirements
- Coverage Policy must follow the current approved policy and ownership model. - Operational evidence for coverage policy should be retained according to the applicable retention schedule. - Exceptions involving coverage policy require documented approval from the responsible owner. - Teams should use standard tooling and published procedures when working with coverage policy.

## Controls
Changes affecting production require peer review, traceable evidence, and rollback instructions.

## Procedure
1. Confirm that the request concerns coverage policy.
2. Verify the relevant owner, country, environment, and current version.
3. Follow the approved workflow and capture evidence.
4. Escalate unresolved or exceptional cases to Architecture Guild.

## Validation
If the procedure does not resolve the issue, escalate to the listed owner team with timestamps, identifiers, and evidence.

## Version
Version 1.3. Status: ACTIVE.",Software Engineering,Digital Delivery,Testing,coverage policy,api_guide,Architecture Guild,Architecture Guild,IN,India,en,"[""coverage-policy"", ""eng"", ""software-engineering"", ""testing""]","[""Testing"", ""coverage policy"", ""coverage-policy"", ""eng"", ""software-engineering"", ""testing""]",EMPLOYEE,"[""employee"", ""engineer"", ""tech_lead"", ""architect""]",[],confluence,synthetic://software-engineering/ENG-000193,1.3,2024-04-01,2026-02-17,2024-04-05,,ACTIVE,True,Synthetic dataset generated for research/demo use,VALIDATED,,e5343eb0f1a1
ENG-000194,ENG-DATABASE-00159,,Transaction Boundaries — Global,"# Transaction Boundaries — Global

## Purpose
Teams must apply this guidance when working with transaction boundaries in production or employee-facing environments.

## Scope
It applies to employees, contractors, and managed service teams where the stated scope is relevant. This version is the global baseline; country-specific documents may impose additional requirements.

## Requirements
- Transaction Boundaries must follow the current approved policy and ownership model. - Operational evidence for transaction boundaries should be retained according to the applicable retention schedule. - Exceptions involving transaction boundaries require documented approval from the responsible owner. - Teams should use standard tooling and published procedures when working with transaction boundaries.

## Controls
Sensitive information must follow the organisation's classification and least-privilege requirements.

## Procedure
1. Confirm that the request concerns transaction boundaries.
2. Verify the relevant owner, country, environment, and current version.
3. Follow the approved workflow and capture evidence.
4. Escalate unresolved or exceptional cases to Backend Platform.

## Validation
Verify the current document version before acting.

## Version
Version 1.3. Status: ACTIVE.",Software Engineering,Digital Delivery,Databases,transaction boundaries,technical_standard,Backend Platform,Backend Platform,GLOBAL,Global,en,"[""databases"", ""eng"", ""software-engineering"", ""transaction-boundaries""]","[""Databases"", ""databases"", ""eng"", ""software-engineering"", ""transaction boundaries"", ""transaction-boundaries""]",INTERNAL,"[""employee"", ""engineer"", ""tech_lead"", ""architect""]",[],github,synthetic://software-engineering/ENG-000194,1.3,2024-09-24,2025-04-04,2024-10-16,,ACTIVE,True,Synthetic dataset generated for research/demo use,VALIDATED,,9ba3a91debc5
ENG-000195,ENG-ARCHITEC-00160,,Event-Driven Design — Australia,"# Event-Driven Design — Australia

## Purpose
Teams must apply this guidance when working with event-driven design in production or employee-facing environments.

## Scope
It applies to employees, contractors, and managed service teams where the stated scope is relevant. This version applies to Australia.

## Requirements
- Event-Driven Design must follow the current approved policy and ownership model. - Operational evidence for event-driven design should be retained according to the applicable retention schedule. - Exceptions involving event-driven design require documented approval from the responsible owner. - Teams should use standard tooling and published procedures when working with event-driven design.

## Controls
Sensitive information must follow the organisation's classification and least-privilege requirements.

## Procedure
1. Confirm that the request concerns event-driven design.
2. Verify the relevant owner, country, environment, and current version.
3. Follow the approved workflow and capture evidence.
4. Escalate unresolved or exceptional cases to Data Platform.

## Validation
Verify the current document version before acting.

## Version
Version 1.3. Status: ACTIVE.",Software Engineering,Shared Services,Architecture,event-driven design,architecture_decision_record,Data Platform,Data Platform,AU,Australia,en,"[""architecture"", ""eng"", ""event-driven-design"", ""software-engineering""]","[""Architecture"", ""architecture"", ""eng"", ""event-driven design"", ""event-driven-design"", ""software-engineering""]",INTERNAL,"[""employee"", ""engineer"", ""tech_lead"", ""architect""]",[],servicenow,synthetic://software-engineering/ENG-000195,1.3,2024-05-19,2025-03-28,2024-07-03,,ACTIVE,True,Synthetic dataset generated for research/demo use,VALIDATED,,8825e20a2210
ENG-000196,ENG-DATABASE-00161,,Postgresql Schema Changes — Global,"# Postgresql Schema Changes — Global

## Purpose
Teams must apply this guidance when working with PostgreSQL schema changes in production or employee-facing environments.

## Scope
It applies to employees, contractors, and managed service teams where the stated scope is relevant. This version is the global baseline; country-specific documents may impose additional requirements.

## Requirements
- Postgresql Schema Changes must follow the current approved policy and ownership model. - Operational evidence for PostgreSQL schema changes should be retained according to the applicable retention schedule. - Exceptions involving PostgreSQL schema changes require documented approval from the responsible owner. - Teams should use standard tooling and published procedures when working with PostgreSQL schema changes.

## Controls
Changes affecting production require peer review, traceable evidence, and rollback instructions.

## Procedure
1. Confirm that the request concerns PostgreSQL schema changes.
2. Verify the relevant owner, country, environment, and current version.
3. Follow the approved workflow and capture evidence.
4. Escalate unresolved or exceptional cases to Data Platform.

## Validation
Verify the current document version before acting.

## Version
Version 1.0. Status: ACTIVE.",Software Engineering,Corporate Functions,Databases,PostgreSQL schema changes,known_issue,Data Platform,Data Platform,GLOBAL,Global,en,"[""databases"", ""eng"", ""postgresql-schema-changes"", ""software-engineering""]","[""Databases"", ""PostgreSQL schema changes"", ""databases"", ""eng"", ""postgresql-schema-changes"", ""software-engineering""]",INTERNAL,"[""employee"", ""engineer"", ""tech_lead"", ""architect""]",[],google_drive,synthetic://software-engineering/ENG-000196,1.0,2023-08-31,2024-09-25,2023-09-23,,ACTIVE,True,Synthetic dataset generated for research/demo use,VALIDATED,,8d1d94101894
ENG-000197,ENG-APIS-00162,,Openapi Contracts — Global,"# Openapi Contracts — Global

## Purpose
This document defines the approved operating model for OpenAPI contracts within Northstar Digital Services.

## Scope
Archived versions remain available for audit purposes but must not be used for new decisions. This version is the global baseline; country-specific documents may impose additional requirements.

## Requirements
- Openapi Contracts must follow the current approved policy and ownership model. - Operational evidence for OpenAPI contracts should be retained according to the applicable retention schedule. - Exceptions involving OpenAPI contracts require documented approval from the responsible owner. - Teams should use standard tooling and published procedures when working with OpenAPI contracts.

## Controls
Changes affecting production require peer review, traceable evidence, and rollback instructions.

## Procedure
1. Confirm that the request concerns OpenAPI contracts.
2. Verify the relevant owner, country, environment, and current version.
3. Follow the approved workflow and capture evidence.
4. Escalate unresolved or exceptional cases to Architecture Guild.

## Validation
Do not bypass required controls simply to shorten resolution time.

## Version
Version 1.0. Status: ACTIVE.",Software Engineering,Cloud & Security,APIs,OpenAPI contracts,technical_standard,Architecture Guild,Architecture Guild,GLOBAL,Global,en,"[""apis"", ""eng"", ""openapi-contracts"", ""software-engineering""]","[""APIs"", ""OpenAPI contracts"", ""apis"", ""eng"", ""openapi-contracts"", ""software-engineering""]",INTERNAL,"[""employee"", ""engineer"", ""tech_lead"", ""architect""]",[],google_drive,synthetic://software-engineering/ENG-000197,1.0,2023-11-29,2023-12-13,2024-01-08,,ACTIVE,True,Synthetic dataset generated for research/demo use,VALIDATED,,75d3434b4094
ENG-000198,ENG-APIS-00163,,Pagination — Global v1.3,"# Pagination — Global v1.3

## Purpose
This document defines the approved operating model for pagination within Northstar Digital Services.

## Scope
Country-specific and role-specific exceptions override the global baseline only when explicitly documented. This version is the global baseline; country-specific documents may impose additional requirements.

## Requirements
- Pagination must follow the current approved policy and ownership model. - Operational evidence for pagination should be retained according to the applicable retention schedule. - Exceptions involving pagination require documented approval from the responsible owner. - Teams should use standard tooling and published procedures when working with pagination.

## Controls
Sensitive information must follow the organisation's classification and least-privilege requirements.

## Procedure
1. Confirm that the request concerns pagination.
2. Verify the relevant owner, country, environment, and current version.
3. Follow the approved workflow and capture evidence.
4. Escalate unresolved or exceptional cases to Data Platform.

## Validation
Do not bypass required controls simply to shorten resolution time.

## Version
Version 1.3. Status: ARCHIVED. This document is archived and retained only for historical reference.",Software Engineering,Corporate Functions,APIs,pagination,known_issue,Data Platform,Data Platform,GLOBAL,Global,en,"[""apis"", ""eng"", ""pagination"", ""software-engineering""]","[""APIs"", ""apis"", ""eng"", ""pagination"", ""software-engineering""]",INTERNAL,"[""employee"", ""engineer"", ""tech_lead"", ""architect""]",[],confluence,synthetic://software-engineering/ENG-000198,1.3,2023-10-12,2024-03-08,2023-10-18,,ARCHIVED,True,Synthetic dataset generated for research/demo use,VALIDATED,,3f020308c2f8
ENG-000199,ENG-APIS-00163,ENG-000198,Pagination — Global v2.2,"# Pagination — Global v2.2

## Purpose
Teams must apply this guidance when working with pagination in production or employee-facing environments.

## Scope
Country-specific and role-specific exceptions override the global baseline only when explicitly documented. This version is the global baseline; country-specific documents may impose additional requirements.

## Requirements
- Pagination must follow the current approved policy and ownership model. - Operational evidence for pagination should be retained according to the applicable retention schedule. - Exceptions involving pagination require documented approval from the responsible owner. - Teams should use standard tooling and published procedures when working with pagination.

## Controls
Sensitive information must follow the organisation's classification and least-privilege requirements.

## Procedure
1. Confirm that the request concerns pagination.
2. Verify the relevant owner, country, environment, and current version.
3. Follow the approved workflow and capture evidence.
4. Escalate unresolved or exceptional cases to Data Platform.

## Validation
Do not bypass required controls simply to shorten resolution time.

## Version
Version 2.2. Status: ACTIVE.",Software Engineering,Enterprise Platforms,APIs,pagination,known_issue,Data Platform,Data Platform,GLOBAL,Global,en,"[""apis"", ""eng"", ""pagination"", ""software-engineering""]","[""APIs"", ""apis"", ""eng"", ""pagination"", ""software-engineering""]",INTERNAL,"[""employee"", ""engineer"", ""tech_lead"", ""architect""]",[],confluence,synthetic://software-engineering/ENG-000199,2.2,2024-11-20,2024-12-17,2024-12-10,,ACTIVE,True,Synthetic dataset generated for research/demo use,VALIDATED,,9311f9435ffb
ENG-000200,ENG-MESSAGIN-00164,,Ordering — Ireland,"# Ordering — Ireland

## Purpose
Teams must apply this guidance when working with ordering in production or employee-facing environments.

## Scope
Archived versions remain available for audit purposes but must not be used for new decisions. This version applies to Ireland.

## Requirements
- Ordering must follow the current approved policy and ownership model. - Operational evidence for ordering should be retained according to the applicable retention schedule. - Exceptions involving ordering require documented approval from the responsible owner. - Teams should use standard tooling and published procedures when working with ordering.

## Controls
Changes affecting production require peer review, traceable evidence, and rollback instructions.

## Procedure
1. Confirm that the request concerns ordering.
2. Verify the relevant owner, country, environment, and current version.
3. Follow the approved workflow and capture evidence.
4. Escalate unresolved or exceptional cases to Backend Platform.

## Validation
Verify the current document version before acting.

## Version
Version 1.3. Status: ACTIVE.",Software Engineering,Digital Delivery,Messaging,ordering,design_note,Backend Platform,Backend Platform,IE,Ireland,en,"[""eng"", ""messaging"", ""ordering"", ""software-engineering""]","[""Messaging"", ""eng"", ""messaging"", ""ordering"", ""software-engineering""]",INTERNAL,"[""employee"", ""engineer"", ""tech_lead"", ""architect""]",[],servicenow,synthetic://software-engineering/ENG-000200,1.3,2024-05-15,2025-06-18,2024-06-06,,ACTIVE,True,Synthetic dataset generated for research/demo use,VALIDATED,,ea4290bd2605
ENG-000201,ENG-MESSAGIN-00165,,Kafka Event Design — United Kingdom,"# Kafka Event Design — United Kingdom

## Purpose
The standard exists to reduce inconsistent implementation, avoid repeated support effort, and provide an auditable source of truth.

## Scope
Archived versions remain available for audit purposes but must not be used for new decisions. This version applies to United Kingdom.

## Requirements
- Kafka Event Design must follow the current approved policy and ownership model. - Operational evidence for Kafka event design should be retained according to the applicable retention schedule. - Exceptions involving Kafka event design require documented approval from the responsible owner. - Teams should use standard tooling and published procedures when working with Kafka event design.

## Controls
Sensitive information must follow the organisation's classification and least-privilege requirements.

## Procedure
1. Confirm that the request concerns Kafka event design.
2. Verify the relevant owner, country, environment, and current version.
3. Follow the approved workflow and capture evidence.
4. Escalate unresolved or exceptional cases to Frontend Platform.

## Validation
If the procedure does not resolve the issue, escalate to the listed owner team with timestamps, identifiers, and evidence.

## Version
Version 1.0. Status: DRAFT.  This document is a draft and must not be treated as an approved source of policy.",Software Engineering,Digital Delivery,Messaging,Kafka event design,known_issue,Frontend Platform,Frontend Platform,UK,United Kingdom,en,"[""eng"", ""kafka-event-design"", ""messaging"", ""software-engineering""]","[""Kafka event design"", ""Messaging"", ""eng"", ""kafka-event-design"", ""messaging"", ""software-engineering""]",INTERNAL,"[""employee"", ""engineer"", ""tech_lead"", ""architect""]",[],google_drive,synthetic://software-engineering/ENG-000201,1.0,2024-10-03,2025-08-04,2024-10-13,2026-10-15,DRAFT,True,Synthetic dataset generated for research/demo use,VALIDATED,,ce5fd57f5bc1
ENG-000202,ENG-APIS-00166,,Error Envelopes — Global,"# Error Envelopes — Global

## Purpose
This document defines the approved operating model for error envelopes within Northstar Digital Services.

## Scope
Archived versions remain available for audit purposes but must not be used for new decisions. This version is the global baseline; country-specific documents may impose additional requirements.

## Requirements
- Error Envelopes must follow the current approved policy and ownership model. - Operational evidence for error envelopes should be retained according to the applicable retention schedule. - Exceptions involving error envelopes require documented approval from the responsible owner. - Teams should use standard tooling and published procedures when working with error envelopes.

## Controls
Requests requiring elevated access must be approved by the designated owner and recorded in the enterprise service system.

## Procedure
1. Confirm that the request concerns error envelopes.
2. Verify the relevant owner, country, environment, and current version.
3. Follow the approved workflow and capture evidence.
4. Escalate unresolved or exceptional cases to Developer Experience.

## Validation
Do not bypass required controls simply to shorten resolution time.

## Version
Version 1.2. Status: ACTIVE.",Software Engineering,Corporate Functions,APIs,error envelopes,architecture_decision_record,Developer Experience,Developer Experience,GLOBAL,Global,en,"[""apis"", ""eng"", ""error-envelopes"", ""software-engineering""]","[""APIs"", ""apis"", ""eng"", ""error envelopes"", ""error-envelopes"", ""software-engineering""]",INTERNAL,"[""employee"", ""engineer"", ""tech_lead"", ""architect""]",[],hr_portal,synthetic://software-engineering/ENG-000202,1.2,2024-10-19,2025-12-02,2024-11-23,,ACTIVE,True,Synthetic dataset generated for research/demo use,VALIDATED,,c5c04de787f2
ENG-000203,ENG-MESSAGIN-00167,,Exactly-Once Semantics — Global,"# Exactly-Once Semantics — Global

## Purpose
The standard exists to reduce inconsistent implementation, avoid repeated support effort, and provide an auditable source of truth.

## Scope
It applies to employees, contractors, and managed service teams where the stated scope is relevant. This version is the global baseline; country-specific documents may impose additional requirements.

## Requirements
- Exactly-Once Semantics must follow the current approved policy and ownership model. - Operational evidence for exactly-once semantics should be retained according to the applicable retention schedule. - Exceptions involving exactly-once semantics require documented approval from the responsible owner. - Teams should use standard tooling and published procedures when working with exactly-once semantics.

## Controls
Requests requiring elevated access must be approved by the designated owner and recorded in the enterprise service system.

## Procedure
1. Confirm that the request concerns exactly-once semantics.
2. Verify the relevant owner, country, environment, and current version.
3. Follow the approved workflow and capture evidence.
4. Escalate unresolved or exceptional cases to Backend Platform.

## Validation
Do not bypass required controls simply to shorten resolution time.

## Version
Version 1.4. Status: ACTIVE.",Software Engineering,Enterprise Platforms,Messaging,exactly-once semantics,coding_standard,Backend Platform,Backend Platform,GLOBAL,Global,en,"[""eng"", ""exactly-once-semantics"", ""messaging"", ""software-engineering""]","[""Messaging"", ""eng"", ""exactly-once semantics"", ""exactly-once-semantics"", ""messaging"", ""software-engineering""]",EMPLOYEE,"[""employee"", ""engineer"", ""tech_lead"", ""architect""]",[],servicenow,synthetic://software-engineering/ENG-000203,1.4,2024-07-01,2025-05-19,2024-08-03,,ACTIVE,True,Synthetic dataset generated for research/demo use,VALIDATED,,131e96bc8b63
ENG-000204,ENG-TESTING-00168,,Integration Testing — Global,"# Integration Testing — Global

## Purpose
The standard exists to reduce inconsistent implementation, avoid repeated support effort, and provide an auditable source of truth.

## Scope
It applies to employees, contractors, and managed service teams where the stated scope is relevant. This version is the global baseline; country-specific documents may impose additional requirements.

## Requirements
- Integration Testing must follow the current approved policy and ownership model. - Operational evidence for integration testing should be retained according to the applicable retention schedule. - Exceptions involving integration testing require documented approval from the responsible owner. - Teams should use standard tooling and published procedures when working with integration testing.

## Controls
Sensitive information must follow the organisation's classification and least-privilege requirements.

## Procedure
1. Confirm that the request concerns integration testing.
2. Verify the relevant owner, country, environment, and current version.
3. Follow the approved workflow and capture evidence.
4. Escalate unresolved or exceptional cases to Data Platform.

## Validation
Verify the current document version before acting.

## Version
Version 1.4. Status: ACTIVE.",Software Engineering,Cloud & Security,Testing,integration testing,coding_standard,Data Platform,Data Platform,GLOBAL,Global,en,"[""eng"", ""integration-testing"", ""software-engineering"", ""testing""]","[""Testing"", ""eng"", ""integration testing"", ""integration-testing"", ""software-engineering"", ""testing""]",EMPLOYEE,"[""employee"", ""engineer"", ""tech_lead"", ""architect""]",[],hr_portal,synthetic://software-engineering/ENG-000204,1.4,2024-02-17,2024-08-17,2024-02-27,,ACTIVE,True,Synthetic dataset generated for research/demo use,VALIDATED,,5d5c5bbc25ca
ENG-000205,ENG-ARCHITEC-00169,,Event-Driven Design — Ireland,"# Event-Driven Design — Ireland

## Purpose
This document defines the approved operating model for event-driven design within Northstar Digital Services.

## Scope
Country-specific and role-specific exceptions override the global baseline only when explicitly documented. This version applies to Ireland.

## Requirements
- Event-Driven Design must follow the current approved policy and ownership model. - Operational evidence for event-driven design should be retained according to the applicable retention schedule. - Exceptions involving event-driven design require documented approval from the responsible owner. - Teams should use standard tooling and published procedures when working with event-driven design.

## Controls
Requests requiring elevated access must be approved by the designated owner and recorded in the enterprise service system.

## Procedure
1. Confirm that the request concerns event-driven design.
2. Verify the relevant owner, country, environment, and current version.
3. Follow the approved workflow and capture evidence.
4. Escalate unresolved or exceptional cases to Developer Experience.

## Validation
Do not bypass required controls simply to shorten resolution time.

## Version
Version 1.3. Status: ACTIVE.",Software Engineering,Digital Delivery,Architecture,event-driven design,design_note,Developer Experience,Developer Experience,IE,Ireland,en,"[""architecture"", ""eng"", ""event-driven-design"", ""software-engineering""]","[""Architecture"", ""architecture"", ""eng"", ""event-driven design"", ""event-driven-design"", ""software-engineering""]",INTERNAL,"[""employee"", ""engineer"", ""tech_lead"", ""architect""]",[],servicenow,synthetic://software-engineering/ENG-000205,1.3,2023-06-27,2023-11-28,2023-07-08,,ACTIVE,True,Synthetic dataset generated for research/demo use,VALIDATED,,dc90e6c931ac
ENG-000206,ENG-PYTHON-B-00170,,Pytest Strategy — United Kingdom v1.1,"# Pytest Strategy — United Kingdom v1.1

## Purpose
Teams must apply this guidance when working with pytest strategy in production or employee-facing environments.

## Scope
Country-specific and role-specific exceptions override the global baseline only when explicitly documented. This version applies to United Kingdom.

## Requirements
- Pytest Strategy must follow the current approved policy and ownership model. - Operational evidence for pytest strategy should be retained according to the applicable retention schedule. - Exceptions involving pytest strategy require documented approval from the responsible owner. - Teams should use standard tooling and published procedures when working with pytest strategy.

## Controls
Changes affecting production require peer review, traceable evidence, and rollback instructions.

## Procedure
1. Confirm that the request concerns pytest strategy.
2. Verify the relevant owner, country, environment, and current version.
3. Follow the approved workflow and capture evidence.
4. Escalate unresolved or exceptional cases to Frontend Platform.

## Validation
If the procedure does not resolve the issue, escalate to the listed owner team with timestamps, identifiers, and evidence.

## Version
Version 1.1. Status: ARCHIVED. This document is archived and retained only for historical reference.",Software Engineering,Shared Services,Python Backend,pytest strategy,technical_standard,Frontend Platform,Frontend Platform,UK,United Kingdom,en,"[""eng"", ""pytest-strategy"", ""python-backend"", ""software-engineering""]","[""Python Backend"", ""eng"", ""pytest strategy"", ""pytest-strategy"", ""python-backend"", ""software-engineering""]",INTERNAL,"[""employee"", ""engineer"", ""tech_lead"", ""architect""]",[],servicenow,synthetic://software-engineering/ENG-000206,1.1,2025-02-25,2026-02-01,2025-03-08,2027-06-02,ARCHIVED,True,Synthetic dataset generated for research/demo use,VALIDATED,,9dab89862a0c
ENG-000207,ENG-PYTHON-B-00170,ENG-000206,Pytest Strategy — United Kingdom v2.3,"# Pytest Strategy — United Kingdom v2.3

## Purpose
The standard exists to reduce inconsistent implementation, avoid repeated support effort, and provide an auditable source of truth.

## Scope
Archived versions remain available for audit purposes but must not be used for new decisions. This version applies to United Kingdom.

## Requirements
- Pytest Strategy must follow the current approved policy and ownership model. - Operational evidence for pytest strategy should be retained according to the applicable retention schedule. - Exceptions involving pytest strategy require documented approval from the responsible owner. - Teams should use standard tooling and published procedures when working with pytest strategy.

## Controls
Sensitive information must follow the organisation's classification and least-privilege requirements.

## Procedure
1. Confirm that the request concerns pytest strategy.
2. Verify the relevant owner, country, environment, and current version.
3. Follow the approved workflow and capture evidence.
4. Escalate unresolved or exceptional cases to Frontend Platform.

## Validation
Verify the current document version before acting.

## Version
Version 2.3. Status: ACTIVE.",Software Engineering,Digital Delivery,Python Backend,pytest strategy,technical_standard,Frontend Platform,Frontend Platform,UK,United Kingdom,en,"[""eng"", ""pytest-strategy"", ""python-backend"", ""software-engineering""]","[""Python Backend"", ""eng"", ""pytest strategy"", ""pytest-strategy"", ""python-backend"", ""software-engineering""]",INTERNAL,"[""employee"", ""engineer"", ""tech_lead"", ""architect""]",[],github,synthetic://software-engineering/ENG-000207,2.3,2026-08-08,2026-09-23,2026-08-12,,ACTIVE,True,Synthetic dataset generated for research/demo use,VALIDATED,,ff9485cf188b
ENG-000208,ENG-TESTING-00171,,Integration Testing — Global v1.0,"# Integration Testing — Global v1.0

## Purpose
The standard exists to reduce inconsistent implementation, avoid repeated support effort, and provide an auditable source of truth.

## Scope
It applies to employees, contractors, and managed service teams where the stated scope is relevant. This version is the global baseline; country-specific documents may impose additional requirements.

## Requirements
- Integration Testing must follow the current approved policy and ownership model. - Operational evidence for integration testing should be retained according to the applicable retention schedule. - Exceptions involving integration testing require documented approval from the responsible owner. - Teams should use standard tooling and published procedures when working with integration testing.

## Controls
Requests requiring elevated access must be approved by the designated owner and recorded in the enterprise service system.

## Procedure
1. Confirm that the request concerns integration testing.
2. Verify the relevant owner, country, environment, and current version.
3. Follow the approved workflow and capture evidence.
4. Escalate unresolved or exceptional cases to Frontend Platform.

## Validation
Verify the current document version before acting.

## Version
Version 1.0. Status: ARCHIVED. This document is archived and retained only for historical reference.",Software Engineering,Enterprise Platforms,Testing,integration testing,design_note,Frontend Platform,Frontend Platform,GLOBAL,Global,en,"[""eng"", ""integration-testing"", ""software-engineering"", ""testing""]","[""Testing"", ""eng"", ""integration testing"", ""integration-testing"", ""software-engineering"", ""testing""]",INTERNAL,"[""employee"", ""engineer"", ""tech_lead"", ""architect""]",[],google_drive,synthetic://software-engineering/ENG-000208,1.0,2024-09-02,2026-03-10,2024-09-23,,ARCHIVED,True,Synthetic dataset generated for research/demo use,VALIDATED,,80169c81be36
ENG-000209,ENG-TESTING-00171,ENG-000208,Integration Testing — Global v2.3,"# Integration Testing — Global v2.3

## Purpose
This document defines the approved operating model for integration testing within Northstar Digital Services.

## Scope
Country-specific and role-specific exceptions override the global baseline only when explicitly documented. This version is the global baseline; country-specific documents may impose additional requirements.

## Requirements
- Integration Testing must follow the current approved policy and ownership model. - Operational evidence for integration testing should be retained according to the applicable retention schedule. - Exceptions involving integration testing require documented approval from the responsible owner. - Teams should use standard tooling and published procedures when working with integration testing.

## Controls
Changes affecting production require peer review, traceable evidence, and rollback instructions.

## Procedure
1. Confirm that the request concerns integration testing.
2. Verify the relevant owner, country, environment, and current version.
3. Follow the approved workflow and capture evidence.
4. Escalate unresolved or exceptional cases to Frontend Platform.

## Validation
Do not bypass required controls simply to shorten resolution time.

## Version
Version 2.3. Status: ACTIVE.",Software Engineering,Cloud & Security,Testing,integration testing,design_note,Frontend Platform,Frontend Platform,GLOBAL,Global,en,"[""eng"", ""integration-testing"", ""software-engineering"", ""testing""]","[""Testing"", ""eng"", ""integration testing"", ""integration-testing"", ""software-engineering"", ""testing""]",EMPLOYEE,"[""employee"", ""engineer"", ""tech_lead"", ""architect""]",[],hr_portal,synthetic://software-engineering/ENG-000209,2.3,2023-03-10,2024-11-11,2023-03-17,,ACTIVE,True,Synthetic dataset generated for research/demo use,VALIDATED,,4f9ae3ea008d
ENG-000210,ENG-JAVA-SER-00172,,Service Templates — United Kingdom,"# Service Templates — United Kingdom

## Purpose
The standard exists to reduce inconsistent implementation, avoid repeated support effort, and provide an auditable source of truth.

## Scope
It applies to employees, contractors, and managed service teams where the stated scope is relevant. This version applies to United Kingdom.

## Requirements
- Service Templates must follow the current approved policy and ownership model. - Operational evidence for service templates should be retained according to the applicable retention schedule. - Exceptions involving service templates require documented approval from the responsible owner. - Teams should use standard tooling and published procedures when working with service templates.

## Controls
Sensitive information must follow the organisation's classification and least-privilege requirements.

## Procedure
1. Confirm that the request concerns service templates.
2. Verify the relevant owner, country, environment, and current version.
3. Follow the approved workflow and capture evidence.
4. Escalate unresolved or exceptional cases to Backend Platform.

## Validation
Do not bypass required controls simply to shorten resolution time.

## Version
Version 1.2. Status: ACTIVE.",Software Engineering,Cloud & Security,Java Services,service templates,api_guide,Backend Platform,Backend Platform,UK,United Kingdom,en,"[""eng"", ""java-services"", ""service-templates"", ""software-engineering""]","[""Java Services"", ""eng"", ""java-services"", ""service templates"", ""service-templates"", ""software-engineering""]",EMPLOYEE,"[""employee"", ""engineer"", ""tech_lead"", ""architect""]",[],servicenow,synthetic://software-engineering/ENG-000210,1.2,2025-08-01,2026-08-30,2025-09-03,,ACTIVE,True,Synthetic dataset generated for research/demo use,VALIDATED,,f07cbe173a6b
ENG-000211,ENG-TESTING-00173,,Unit Testing — United States,"# Unit Testing — United States

## Purpose
The standard exists to reduce inconsistent implementation, avoid repeated support effort, and provide an auditable source of truth.

## Scope
It applies to employees, contractors, and managed service teams where the stated scope is relevant. This version applies to United States.

## Requirements
- Unit Testing must follow the current approved policy and ownership model. - Operational evidence for unit testing should be retained according to the applicable retention schedule. - Exceptions involving unit testing require documented approval from the responsible owner. - Teams should use standard tooling and published procedures when working with unit testing.

## Controls
Changes affecting production require peer review, traceable evidence, and rollback instructions.

## Procedure
1. Confirm that the request concerns unit testing.
2. Verify the relevant owner, country, environment, and current version.
3. Follow the approved workflow and capture evidence.
4. Escalate unresolved or exceptional cases to Data Platform.

## Validation
Verify the current document version before acting.

## Version
Version 1.4. Status: ACTIVE.",Software Engineering,Enterprise Platforms,Testing,unit testing,api_guide,Data Platform,Data Platform,US,United States,en,"[""eng"", ""software-engineering"", ""testing"", ""unit-testing""]","[""Testing"", ""eng"", ""software-engineering"", ""testing"", ""unit testing"", ""unit-testing""]",INTERNAL,"[""employee"", ""engineer"", ""tech_lead"", ""architect""]",[],hr_portal,synthetic://software-engineering/ENG-000211,1.4,2024-03-09,2026-01-11,2024-04-19,,ACTIVE,True,Synthetic dataset generated for research/demo use,VALIDATED,,21d301b0d7ca
ENG-000212,ENG-MESSAGIN-00174,,Consumer Retries — United States,"# Consumer Retries — United States

## Purpose
The standard exists to reduce inconsistent implementation, avoid repeated support effort, and provide an auditable source of truth.

## Scope
It applies to employees, contractors, and managed service teams where the stated scope is relevant. This version applies to United States.

## Requirements
- Consumer Retries must follow the current approved policy and ownership model. - Operational evidence for consumer retries should be retained according to the applicable retention schedule. - Exceptions involving consumer retries require documented approval from the responsible owner. - Teams should use standard tooling and published procedures when working with consumer retries.

## Controls
Requests requiring elevated access must be approved by the designated owner and recorded in the enterprise service system.

## Procedure
1. Confirm that the request concerns consumer retries.
2. Verify the relevant owner, country, environment, and current version.
3. Follow the approved workflow and capture evidence.
4. Escalate unresolved or exceptional cases to Frontend Platform.

## Validation
Verify the current document version before acting.

## Version
Version 1.2. Status: ACTIVE.",Software Engineering,Digital Delivery,Messaging,consumer retries,design_note,Frontend Platform,Frontend Platform,US,United States,en,"[""consumer-retries"", ""eng"", ""messaging"", ""software-engineering""]","[""Messaging"", ""consumer retries"", ""consumer-retries"", ""eng"", ""messaging"", ""software-engineering""]",EMPLOYEE,"[""employee"", ""engineer"", ""tech_lead"", ""architect""]",[],github,synthetic://software-engineering/ENG-000212,1.2,2023-02-23,2023-04-16,2023-03-26,,ACTIVE,True,Synthetic dataset generated for research/demo use,VALIDATED,,15260e185530
ENG-000213,ENG-DATABASE-00175,,Indexing — Australia,"# Indexing — Australia

## Purpose
Teams must apply this guidance when working with indexing in production or employee-facing environments.

## Scope
Country-specific and role-specific exceptions override the global baseline only when explicitly documented. This version applies to Australia.

## Requirements
- Indexing must follow the current approved policy and ownership model. - Operational evidence for indexing should be retained according to the applicable retention schedule. - Exceptions involving indexing require documented approval from the responsible owner. - Teams should use standard tooling and published procedures when working with indexing.

## Controls
Requests requiring elevated access must be approved by the designated owner and recorded in the enterprise service system.

## Procedure
1. Confirm that the request concerns indexing.
2. Verify the relevant owner, country, environment, and current version.
3. Follow the approved workflow and capture evidence.
4. Escalate unresolved or exceptional cases to Developer Experience.

## Validation
Verify the current document version before acting.

## Version
Version 1.0. Status: ACTIVE.",Software Engineering,Enterprise Platforms,Databases,indexing,design_note,Developer Experience,Developer Experience,AU,Australia,en,"[""databases"", ""eng"", ""indexing"", ""software-engineering""]","[""Databases"", ""databases"", ""eng"", ""indexing"", ""software-engineering""]",INTERNAL,"[""employee"", ""engineer"", ""tech_lead"", ""architect""]",[],github,synthetic://software-engineering/ENG-000213,1.0,2023-08-28,2024-11-11,2023-08-30,,ACTIVE,True,Synthetic dataset generated for research/demo use,VALIDATED,,201267e89967
ENG-000214,ENG-PYTHON-B-00176,,Fastapi Service Standard — United Kingdom,"# Fastapi Service Standard — United Kingdom

## Purpose
This document defines the approved operating model for FastAPI service standard within Northstar Digital Services.

## Scope
Archived versions remain available for audit purposes but must not be used for new decisions. This version applies to United Kingdom.

## Requirements
- Service contracts must use explicit schemas. - Health and readiness endpoints are required. - Timeouts, structured logging, and request IDs are mandatory in production. - Service contracts must use explicit schemas.

## Controls
Changes affecting production require peer review, traceable evidence, and rollback instructions.

## Procedure
1. Confirm that the request concerns FastAPI service standard.
2. Verify the relevant owner, country, environment, and current version.
3. Follow the approved workflow and capture evidence.
4. Escalate unresolved or exceptional cases to Backend Platform.

## Validation
If the procedure does not resolve the issue, escalate to the listed owner team with timestamps, identifiers, and evidence.

## Version
Version 1.0. Status: ACTIVE.",Software Engineering,Corporate Functions,Python Backend,FastAPI service standard,migration_guide,Backend Platform,Backend Platform,UK,United Kingdom,en,"[""eng"", ""fastapi-service-standard"", ""python-backend"", ""software-engineering""]","[""FastAPI service standard"", ""Python Backend"", ""eng"", ""fastapi-service-standard"", ""python-backend"", ""software-engineering""]",INTERNAL,"[""employee"", ""engineer"", ""tech_lead"", ""architect""]",[],servicenow,synthetic://software-engineering/ENG-000214,1.0,2026-01-19,2026-09-23,2026-03-14,,ACTIVE,True,Synthetic dataset generated for research/demo use,VALIDATED,,22ab529f56a0
ENG-000215,ENG-PYTHON-B-00177,,Async I/O — Ireland,"# Async I/O — Ireland

## Purpose
Teams must apply this guidance when working with async I/O in production or employee-facing environments.

## Scope
Country-specific and role-specific exceptions override the global baseline only when explicitly documented. This version applies to Ireland.

## Requirements
- Async I/O must follow the current approved policy and ownership model. - Operational evidence for async I/O should be retained according to the applicable retention schedule. - Exceptions involving async I/O require documented approval from the responsible owner. - Teams should use standard tooling and published procedures when working with async I/O.

## Controls
Sensitive information must follow the organisation's classification and least-privilege requirements.

## Procedure
1. Confirm that the request concerns async I/O.
2. Verify the relevant owner, country, environment, and current version.
3. Follow the approved workflow and capture evidence.
4. Escalate unresolved or exceptional cases to Developer Experience.

## Validation
Verify the current document version before acting.

## Version
Version 1.3. Status: ACTIVE.",Software Engineering,Shared Services,Python Backend,async I/O,coding_standard,Developer Experience,Developer Experience,IE,Ireland,en,"[""async-i-o"", ""eng"", ""python-backend"", ""software-engineering""]","[""Python Backend"", ""async I/O"", ""async-i-o"", ""eng"", ""python-backend"", ""software-engineering""]",INTERNAL,"[""employee"", ""engineer"", ""tech_lead"", ""architect""]",[],github,synthetic://software-engineering/ENG-000215,1.3,2023-07-20,2024-03-31,2023-08-03,,ACTIVE,True,Synthetic dataset generated for research/demo use,VALIDATED,,15d7b37fd92c
ENG-000216,ENG-PYTHON-B-00178,,Pydantic Contracts — Global,"# Pydantic Contracts — Global

## Purpose
The standard exists to reduce inconsistent implementation, avoid repeated support effort, and provide an auditable source of truth.

## Scope
Country-specific and role-specific exceptions override the global baseline only when explicitly documented. This version is the global baseline; country-specific documents may impose additional requirements.

## Requirements
- Pydantic Contracts must follow the current approved policy and ownership model. - Operational evidence for Pydantic contracts should be retained according to the applicable retention schedule. - Exceptions involving Pydantic contracts require documented approval from the responsible owner. - Teams should use standard tooling and published procedures when working with Pydantic contracts.

## Controls
Requests requiring elevated access must be approved by the designated owner and recorded in the enterprise service system.

## Procedure
1. Confirm that the request concerns Pydantic contracts.
2. Verify the relevant owner, country, environment, and current version.
3. Follow the approved workflow and capture evidence.
4. Escalate unresolved or exceptional cases to Developer Experience.

## Validation
If the procedure does not resolve the issue, escalate to the listed owner team with timestamps, identifiers, and evidence.

## Version
Version 1.4. Status: DRAFT.  This document is a draft and must not be treated as an approved source of policy.",Software Engineering,Enterprise Platforms,Python Backend,Pydantic contracts,api_guide,Developer Experience,Developer Experience,GLOBAL,Global,en,"[""eng"", ""pydantic-contracts"", ""python-backend"", ""software-engineering""]","[""Pydantic contracts"", ""Python Backend"", ""eng"", ""pydantic-contracts"", ""python-backend"", ""software-engineering""]",CONFIDENTIAL,"[""tech_lead"", ""architect""]","[""Software Engineering""]",github,synthetic://software-engineering/ENG-000216,1.4,2023-07-13,2024-06-22,2023-09-09,,DRAFT,True,Synthetic dataset generated for research/demo use,VALIDATED,,7f282350458e
ENG-000217,ENG-TESTING-00179,,Unit Testing — United Kingdom,"# Unit Testing — United Kingdom

## Purpose
This document defines the approved operating model for unit testing within Northstar Digital Services.

## Scope
It applies to employees, contractors, and managed service teams where the stated scope is relevant. This version applies to United Kingdom.

## Requirements
- Unit Testing must follow the current approved policy and ownership model. - Operational evidence for unit testing should be retained according to the applicable retention schedule. - Exceptions involving unit testing require documented approval from the responsible owner. - Teams should use standard tooling and published procedures when working with unit testing.

## Controls
Requests requiring elevated access must be approved by the designated owner and recorded in the enterprise service system.

## Procedure
1. Confirm that the request concerns unit testing.
2. Verify the relevant owner, country, environment, and current version.
3. Follow the approved workflow and capture evidence.
4. Escalate unresolved or exceptional cases to Architecture Guild.

## Validation
Verify the current document version before acting.

## Version
Version 1.4. Status: ACTIVE.",Software Engineering,Shared Services,Testing,unit testing,api_guide,Architecture Guild,Architecture Guild,UK,United Kingdom,en,"[""eng"", ""software-engineering"", ""testing"", ""unit-testing""]","[""Testing"", ""eng"", ""software-engineering"", ""testing"", ""unit testing"", ""unit-testing""]",INTERNAL,"[""employee"", ""engineer"", ""tech_lead"", ""architect""]",[],servicenow,synthetic://software-engineering/ENG-000217,1.4,2024-12-14,2026-07-26,2025-01-22,,ACTIVE,True,Synthetic dataset generated for research/demo use,VALIDATED,,de076f2dd7bf
ENG-000218,ENG-MESSAGIN-00180,,Dead-Letter Queues — India,"# Dead-Letter Queues — India

## Purpose
This document defines the approved operating model for dead-letter queues within Northstar Digital Services.

## Scope
It applies to employees, contractors, and managed service teams where the stated scope is relevant. This version applies to India.

## Requirements
- Dead-Letter Queues must follow the current approved policy and ownership model. - Operational evidence for dead-letter queues should be retained according to the applicable retention schedule. - Exceptions involving dead-letter queues require documented approval from the responsible owner. - Teams should use standard tooling and published procedures when working with dead-letter queues.

## Controls
Changes affecting production require peer review, traceable evidence, and rollback instructions.

## Procedure
1. Confirm that the request concerns dead-letter queues.
2. Verify the relevant owner, country, environment, and current version.
3. Follow the approved workflow and capture evidence.
4. Escalate unresolved or exceptional cases to Backend Platform.

## Validation
If the procedure does not resolve the issue, escalate to the listed owner team with timestamps, identifiers, and evidence.

## Version
Version 1.3. Status: ARCHIVED. This document is archived and retained only for historical reference.",Software Engineering,Enterprise Platforms,Messaging,dead-letter queues,known_issue,Backend Platform,Backend Platform,IN,India,en,"[""dead-letter-queues"", ""eng"", ""messaging"", ""software-engineering""]","[""Messaging"", ""dead-letter queues"", ""dead-letter-queues"", ""eng"", ""messaging"", ""software-engineering""]",INTERNAL,"[""employee"", ""engineer"", ""tech_lead"", ""architect""]",[],servicenow,synthetic://software-engineering/ENG-000218,1.3,2025-07-01,2026-09-23,2025-08-10,,ARCHIVED,True,Synthetic dataset generated for research/demo use,VALIDATED,,eaf4415abaff
ENG-000219,ENG-APIS-00181,,Pagination — United States,"# Pagination — United States

## Purpose
Teams must apply this guidance when working with pagination in production or employee-facing environments.

## Scope
Country-specific and role-specific exceptions override the global baseline only when explicitly documented. This version applies to United States.

## Requirements
- Pagination must follow the current approved policy and ownership model. - Operational evidence for pagination should be retained according to the applicable retention schedule. - Exceptions involving pagination require documented approval from the responsible owner. - Teams should use standard tooling and published procedures when working with pagination.

## Controls
Sensitive information must follow the organisation's classification and least-privilege requirements.

## Procedure
1. Confirm that the request concerns pagination.
2. Verify the relevant owner, country, environment, and current version.
3. Follow the approved workflow and capture evidence.
4. Escalate unresolved or exceptional cases to Frontend Platform.

## Validation
If the procedure does not resolve the issue, escalate to the listed owner team with timestamps, identifiers, and evidence.

## Version
Version 1.4. Status: ACTIVE.",Software Engineering,Corporate Functions,APIs,pagination,design_note,Frontend Platform,Frontend Platform,US,United States,en,"[""apis"", ""eng"", ""pagination"", ""software-engineering""]","[""APIs"", ""apis"", ""eng"", ""pagination"", ""software-engineering""]",INTERNAL,"[""employee"", ""engineer"", ""tech_lead"", ""architect""]",[],sharepoint,synthetic://software-engineering/ENG-000219,1.4,2025-11-22,2026-09-23,2025-11-23,,ACTIVE,True,Synthetic dataset generated for research/demo use,VALIDATED,,b5ed5b58ff29
ENG-000220,ENG-APIS-00182,,Pagination — India,"# Pagination — India

## Purpose
The standard exists to reduce inconsistent implementation, avoid repeated support effort, and provide an auditable source of truth.

## Scope
Country-specific and role-specific exceptions override the global baseline only when explicitly documented. This version applies to India.

## Requirements
- Pagination must follow the current approved policy and ownership model. - Operational evidence for pagination should be retained according to the applicable retention schedule. - Exceptions involving pagination require documented approval from the responsible owner. - Teams should use standard tooling and published procedures when working with pagination.

## Controls
Sensitive information must follow the organisation's classification and least-privilege requirements.

## Procedure
1. Confirm that the request concerns pagination.
2. Verify the relevant owner, country, environment, and current version.
3. Follow the approved workflow and capture evidence.
4. Escalate unresolved or exceptional cases to Data Platform.

## Validation
Verify the current document version before acting.

## Version
Version 1.4. Status: ACTIVE.",Software Engineering,Enterprise Platforms,APIs,pagination,api_guide,Data Platform,Data Platform,IN,India,en,"[""apis"", ""eng"", ""pagination"", ""software-engineering""]","[""APIs"", ""apis"", ""eng"", ""pagination"", ""software-engineering""]",INTERNAL,"[""employee"", ""engineer"", ""tech_lead"", ""architect""]",[],sharepoint,synthetic://software-engineering/ENG-000220,1.4,2024-01-30,2025-04-08,2024-03-26,,ACTIVE,True,Synthetic dataset generated for research/demo use,VALIDATED,,079bc3eeb3c9
ENG-000221,ENG-JAVA-SER-00183,,Jvm Tuning — Global,"# Jvm Tuning — Global

## Purpose
Teams must apply this guidance when working with JVM tuning in production or employee-facing environments.

## Scope
Archived versions remain available for audit purposes but must not be used for new decisions. This version is the global baseline; country-specific documents may impose additional requirements.

## Requirements
- Jvm Tuning must follow the current approved policy and ownership model. - Operational evidence for JVM tuning should be retained according to the applicable retention schedule. - Exceptions involving JVM tuning require documented approval from the responsible owner. - Teams should use standard tooling and published procedures when working with JVM tuning.

## Controls
Sensitive information must follow the organisation's classification and least-privilege requirements.

## Procedure
1. Confirm that the request concerns JVM tuning.
2. Verify the relevant owner, country, environment, and current version.
3. Follow the approved workflow and capture evidence.
4. Escalate unresolved or exceptional cases to Backend Platform.

## Validation
Do not bypass required controls simply to shorten resolution time.

## Version
Version 1.1. Status: ACTIVE.",Software Engineering,Corporate Functions,Java Services,JVM tuning,technical_standard,Backend Platform,Backend Platform,GLOBAL,Global,en,"[""eng"", ""java-services"", ""jvm-tuning"", ""software-engineering""]","[""JVM tuning"", ""Java Services"", ""eng"", ""java-services"", ""jvm-tuning"", ""software-engineering""]",EMPLOYEE,"[""employee"", ""engineer"", ""tech_lead"", ""architect""]",[],hr_portal,synthetic://software-engineering/ENG-000221,1.1,2024-07-25,2025-02-24,2024-08-29,,ACTIVE,True,Synthetic dataset generated for research/demo use,VALIDATED,,da3e11248214
ENG-000222,ENG-DATABASE-00184,,Connection Pooling — Ireland,"# Connection Pooling — Ireland

## Purpose
This document defines the approved operating model for connection pooling within Northstar Digital Services.

## Scope
Archived versions remain available for audit purposes but must not be used for new decisions. This version applies to Ireland.

## Requirements
- Connection Pooling must follow the current approved policy and ownership model. - Operational evidence for connection pooling should be retained according to the applicable retention schedule. - Exceptions involving connection pooling require documented approval from the responsible owner. - Teams should use standard tooling and published procedures when working with connection pooling.

## Controls
Sensitive information must follow the organisation's classification and least-privilege requirements.

## Procedure
1. Confirm that the request concerns connection pooling.
2. Verify the relevant owner, country, environment, and current version.
3. Follow the approved workflow and capture evidence.
4. Escalate unresolved or exceptional cases to Architecture Guild.

## Validation
If the procedure does not resolve the issue, escalate to the listed owner team with timestamps, identifiers, and evidence.

## Version
Version 1.2. Status: ACTIVE.",Software Engineering,Enterprise Platforms,Databases,connection pooling,design_note,Architecture Guild,Architecture Guild,IE,Ireland,en,"[""connection-pooling"", ""databases"", ""eng"", ""software-engineering""]","[""Databases"", ""connection pooling"", ""connection-pooling"", ""databases"", ""eng"", ""software-engineering""]",INTERNAL,"[""employee"", ""engineer"", ""tech_lead"", ""architect""]",[],google_drive,synthetic://software-engineering/ENG-000222,1.2,2026-08-16,2026-09-23,2026-09-23,,ACTIVE,True,Synthetic dataset generated for research/demo use,VALIDATED,,c4fc2dae6e99
ENG-000223,ENG-FRONTEND-00185,,State Management — Australia,"# State Management — Australia

## Purpose
Teams must apply this guidance when working with state management in production or employee-facing environments.

## Scope
Archived versions remain available for audit purposes but must not be used for new decisions. This version applies to Australia.

## Requirements
- State Management must follow the current approved policy and ownership model. - Operational evidence for state management should be retained according to the applicable retention schedule. - Exceptions involving state management require documented approval from the responsible owner. - Teams should use standard tooling and published procedures when working with state management.

## Controls
Requests requiring elevated access must be approved by the designated owner and recorded in the enterprise service system.

## Procedure
1. Confirm that the request concerns state management.
2. Verify the relevant owner, country, environment, and current version.
3. Follow the approved workflow and capture evidence.
4. Escalate unresolved or exceptional cases to Developer Experience.

## Validation
Do not bypass required controls simply to shorten resolution time.

## Version
Version 1.4. Status: ACTIVE.",Software Engineering,Enterprise Platforms,Frontend,state management,architecture_decision_record,Developer Experience,Developer Experience,AU,Australia,en,"[""eng"", ""frontend"", ""software-engineering"", ""state-management""]","[""Frontend"", ""eng"", ""frontend"", ""software-engineering"", ""state management"", ""state-management""]",INTERNAL,"[""employee"", ""engineer"", ""tech_lead"", ""architect""]",[],hr_portal,synthetic://software-engineering/ENG-000223,1.4,2023-04-12,2023-09-18,2023-06-10,,ACTIVE,True,Synthetic dataset generated for research/demo use,VALIDATED,,7b2d3bd22824
ENG-000224,ENG-FRONTEND-00186,,Performance Budgets — Global,"# Performance Budgets — Global

## Purpose
The standard exists to reduce inconsistent implementation, avoid repeated support effort, and provide an auditable source of truth.

## Scope
Archived versions remain available for audit purposes but must not be used for new decisions. This version is the global baseline; country-specific documents may impose additional requirements.

## Requirements
- Performance Budgets must follow the current approved policy and ownership model. - Operational evidence for performance budgets should be retained according to the applicable retention schedule. - Exceptions involving performance budgets require documented approval from the responsible owner. - Teams should use standard tooling and published procedures when working with performance budgets.

## Controls
Changes affecting production require peer review, traceable evidence, and rollback instructions.

## Procedure
1. Confirm that the request concerns performance budgets.
2. Verify the relevant owner, country, environment, and current version.
3. Follow the approved workflow and capture evidence.
4. Escalate unresolved or exceptional cases to Developer Experience.

## Validation
Verify the current document version before acting.

## Version
Version 1.0. Status: ACTIVE.",Software Engineering,Corporate Functions,Frontend,performance budgets,technical_standard,Developer Experience,Developer Experience,GLOBAL,Global,en,"[""eng"", ""frontend"", ""performance-budgets"", ""software-engineering""]","[""Frontend"", ""eng"", ""frontend"", ""performance budgets"", ""performance-budgets"", ""software-engineering""]",INTERNAL,"[""employee"", ""engineer"", ""tech_lead"", ""architect""]",[],sharepoint,synthetic://software-engineering/ENG-000224,1.0,2025-01-05,2025-05-05,2025-01-26,,ACTIVE,True,Synthetic dataset generated for research/demo use,VALIDATED,,358e986de1df
ENG-000225,ENG-PYTHON-B-00187,,Python Runtime — Ireland,"# Python Runtime — Ireland

## Purpose
The standard exists to reduce inconsistent implementation, avoid repeated support effort, and provide an auditable source of truth.

## Scope
Archived versions remain available for audit purposes but must not be used for new decisions. This version applies to Ireland.

## Requirements
- Supported runtime versions are centrally maintained. - Unsupported runtimes must not be introduced into new production services. - Upgrade plans are required before end-of-support. - Supported runtime versions are centrally maintained.

## Controls
Sensitive information must follow the organisation's classification and least-privilege requirements.

## Procedure
1. Confirm that the request concerns Python runtime.
2. Verify the relevant owner, country, environment, and current version.
3. Follow the approved workflow and capture evidence.
4. Escalate unresolved or exceptional cases to Frontend Platform.

## Validation
Do not bypass required controls simply to shorten resolution time.

## Version
Version 1.0. Status: ACTIVE.",Software Engineering,Cloud & Security,Python Backend,Python runtime,known_issue,Frontend Platform,Frontend Platform,IE,Ireland,en,"[""eng"", ""python-backend"", ""python-runtime"", ""software-engineering""]","[""Python Backend"", ""Python runtime"", ""eng"", ""python-backend"", ""python-runtime"", ""software-engineering""]",INTERNAL,"[""employee"", ""engineer"", ""tech_lead"", ""architect""]",[],google_drive,synthetic://software-engineering/ENG-000225,1.0,2026-01-11,2026-09-23,2026-02-26,,ACTIVE,True,Synthetic dataset generated for research/demo use,VALIDATED,,c863e8196bb5
ENG-000226,ENG-ARCHITEC-00188,,Adr Process — United States v1.3,"# Adr Process — United States v1.3

## Purpose
This document defines the approved operating model for ADR process within Northstar Digital Services.

## Scope
Country-specific and role-specific exceptions override the global baseline only when explicitly documented. This version applies to United States.

## Requirements
- Adr Process must follow the current approved policy and ownership model. - Operational evidence for ADR process should be retained according to the applicable retention schedule. - Exceptions involving ADR process require documented approval from the responsible owner. - Teams should use standard tooling and published procedures when working with ADR process.

## Controls
Changes affecting production require peer review, traceable evidence, and rollback instructions.

## Procedure
1. Confirm that the request concerns ADR process.
2. Verify the relevant owner, country, environment, and current version.
3. Follow the approved workflow and capture evidence.
4. Escalate unresolved or exceptional cases to Data Platform.

## Validation
Verify the current document version before acting.

## Version
Version 1.3. Status: ARCHIVED. This document is archived and retained only for historical reference.",Software Engineering,Corporate Functions,Architecture,ADR process,technical_standard,Data Platform,Data Platform,US,United States,en,"[""adr-process"", ""architecture"", ""eng"", ""software-engineering""]","[""ADR process"", ""Architecture"", ""adr-process"", ""architecture"", ""eng"", ""software-engineering""]",EMPLOYEE,"[""employee"", ""engineer"", ""tech_lead"", ""architect""]",[],servicenow,synthetic://software-engineering/ENG-000226,1.3,2026-03-15,2026-06-02,2026-04-22,2028-01-14,ARCHIVED,True,Synthetic dataset generated for research/demo use,VALIDATED,,a8e93a4afa4e
ENG-000227,ENG-ARCHITEC-00188,ENG-000226,Adr Process — United States v2.0,"# Adr Process — United States v2.0

## Purpose
Teams must apply this guidance when working with ADR process in production or employee-facing environments.

## Scope
It applies to employees, contractors, and managed service teams where the stated scope is relevant. This version applies to United States.

## Requirements
- Adr Process must follow the current approved policy and ownership model. - Operational evidence for ADR process should be retained according to the applicable retention schedule. - Exceptions involving ADR process require documented approval from the responsible owner. - Teams should use standard tooling and published procedures when working with ADR process.

## Controls
Requests requiring elevated access must be approved by the designated owner and recorded in the enterprise service system.

## Procedure
1. Confirm that the request concerns ADR process.
2. Verify the relevant owner, country, environment, and current version.
3. Follow the approved workflow and capture evidence.
4. Escalate unresolved or exceptional cases to Data Platform.

## Validation
Verify the current document version before acting.

## Version
Version 2.0. Status: ARCHIVED. This document is archived and retained only for historical reference.",Software Engineering,Shared Services,Architecture,ADR process,technical_standard,Data Platform,Data Platform,US,United States,en,"[""adr-process"", ""architecture"", ""eng"", ""software-engineering""]","[""ADR process"", ""Architecture"", ""adr-process"", ""architecture"", ""eng"", ""software-engineering""]",INTERNAL,"[""employee"", ""engineer"", ""tech_lead"", ""architect""]",[],github,synthetic://software-engineering/ENG-000227,2.0,2024-06-04,2024-06-27,2024-06-06,2025-07-28,ARCHIVED,True,Synthetic dataset generated for research/demo use,VALIDATED,,be2088fbffd1
ENG-000228,ENG-ARCHITEC-00188,ENG-000227,Adr Process — United States v3.0,"# Adr Process — United States v3.0

## Purpose
This document defines the approved operating model for ADR process within Northstar Digital Services.

## Scope
Archived versions remain available for audit purposes but must not be used for new decisions. This version applies to United States.

## Requirements
- Adr Process must follow the current approved policy and ownership model. - Operational evidence for ADR process should be retained according to the applicable retention schedule. - Exceptions involving ADR process require documented approval from the responsible owner. - Teams should use standard tooling and published procedures when working with ADR process.

## Controls
Sensitive information must follow the organisation's classification and least-privilege requirements.

## Procedure
1. Confirm that the request concerns ADR process.
2. Verify the relevant owner, country, environment, and current version.
3. Follow the approved workflow and capture evidence.
4. Escalate unresolved or exceptional cases to Data Platform.

## Validation
Do not bypass required controls simply to shorten resolution time.

## Version
Version 3.0. Status: ACTIVE.",Software Engineering,Digital Delivery,Architecture,ADR process,technical_standard,Data Platform,Data Platform,US,United States,en,"[""adr-process"", ""architecture"", ""eng"", ""software-engineering""]","[""ADR process"", ""Architecture"", ""adr-process"", ""architecture"", ""eng"", ""software-engineering""]",EMPLOYEE,"[""employee"", ""engineer"", ""tech_lead"", ""architect""]",[],github,synthetic://software-engineering/ENG-000228,3.0,2026-08-22,2026-09-23,2026-09-23,,ACTIVE,True,Synthetic dataset generated for research/demo use,VALIDATED,,e75bbbdce353
ENG-000229,ENG-JAVA-SER-00189,,Java Runtime — United Kingdom,"# Java Runtime — United Kingdom

## Purpose
This document defines the approved operating model for Java runtime within Northstar Digital Services.

## Scope
Country-specific and role-specific exceptions override the global baseline only when explicitly documented. This version applies to United Kingdom.

## Requirements
- Java Runtime must follow the current approved policy and ownership model. - Operational evidence for Java runtime should be retained according to the applicable retention schedule. - Exceptions involving Java runtime require documented approval from the responsible owner. - Teams should use standard tooling and published procedures when working with Java runtime.

## Controls
Changes affecting production require peer review, traceable evidence, and rollback instructions.

## Procedure
1. Confirm that the request concerns Java runtime.
2. Verify the relevant owner, country, environment, and current version.
3. Follow the approved workflow and capture evidence.
4. Escalate unresolved or exceptional cases to Frontend Platform.

## Validation
Do not bypass required controls simply to shorten resolution time.

## Version
Version 1.3. Status: ACTIVE.",Software Engineering,Enterprise Platforms,Java Services,Java runtime,technical_standard,Frontend Platform,Frontend Platform,UK,United Kingdom,en,"[""eng"", ""java-runtime"", ""java-services"", ""software-engineering""]","[""Java Services"", ""Java runtime"", ""eng"", ""java-runtime"", ""java-services"", ""software-engineering""]",EMPLOYEE,"[""employee"", ""engineer"", ""tech_lead"", ""architect""]",[],servicenow,synthetic://software-engineering/ENG-000229,1.3,2025-12-31,2026-08-26,2026-02-11,,ACTIVE,True,Synthetic dataset generated for research/demo use,VALIDATED,,21c73910fee7
ENG-000230,ENG-TESTING-00190,,Unit Testing — Global,"# Unit Testing — Global

## Purpose
This document defines the approved operating model for unit testing within Northstar Digital Services.

## Scope
It applies to employees, contractors, and managed service teams where the stated scope is relevant. This version is the global baseline; country-specific documents may impose additional requirements.

## Requirements
- Unit Testing must follow the current approved policy and ownership model. - Operational evidence for unit testing should be retained according to the applicable retention schedule. - Exceptions involving unit testing require documented approval from the responsible owner. - Teams should use standard tooling and published procedures when working with unit testing.

## Controls
Requests requiring elevated access must be approved by the designated owner and recorded in the enterprise service system.

## Procedure
1. Confirm that the request concerns unit testing.
2. Verify the relevant owner, country, environment, and current version.
3. Follow the approved workflow and capture evidence.
4. Escalate unresolved or exceptional cases to Frontend Platform.

## Validation
If the procedure does not resolve the issue, escalate to the listed owner team with timestamps, identifiers, and evidence.

## Version
Version 1.2. Status: ARCHIVED. This document is archived and retained only for historical reference.",Software Engineering,Enterprise Platforms,Testing,unit testing,design_note,Frontend Platform,Frontend Platform,GLOBAL,Global,en,"[""eng"", ""software-engineering"", ""testing"", ""unit-testing""]","[""Testing"", ""eng"", ""software-engineering"", ""testing"", ""unit testing"", ""unit-testing""]",INTERNAL,"[""employee"", ""engineer"", ""tech_lead"", ""architect""]",[],github,synthetic://software-engineering/ENG-000230,1.2,2024-04-01,2025-02-03,2024-04-15,,ARCHIVED,True,Synthetic dataset generated for research/demo use,VALIDATED,,4b465a24a067
ENG-000231,ENG-TESTING-00191,,End-To-End Testing — Global,"# End-To-End Testing — Global

## Purpose
This document defines the approved operating model for end-to-end testing within Northstar Digital Services.

## Scope
It applies to employees, contractors, and managed service teams where the stated scope is relevant. This version is the global baseline; country-specific documents may impose additional requirements.

## Requirements
- End-To-End Testing must follow the current approved policy and ownership model. - Operational evidence for end-to-end testing should be retained according to the applicable retention schedule. - Exceptions involving end-to-end testing require documented approval from the responsible owner. - Teams should use standard tooling and published procedures when working with end-to-end testing.

## Controls
Changes affecting production require peer review, traceable evidence, and rollback instructions.

## Procedure
1. Confirm that the request concerns end-to-end testing.
2. Verify the relevant owner, country, environment, and current version.
3. Follow the approved workflow and capture evidence.
4. Escalate unresolved or exceptional cases to Backend Platform.

## Validation
If the procedure does not resolve the issue, escalate to the listed owner team with timestamps, identifiers, and evidence.

## Version
Version 1.3. Status: ACTIVE.",Software Engineering,Corporate Functions,Testing,end-to-end testing,api_guide,Backend Platform,Backend Platform,GLOBAL,Global,en,"[""end-to-end-testing"", ""eng"", ""software-engineering"", ""testing""]","[""Testing"", ""end-to-end testing"", ""end-to-end-testing"", ""eng"", ""software-engineering"", ""testing""]",INTERNAL,"[""employee"", ""engineer"", ""tech_lead"", ""architect""]",[],google_drive,synthetic://software-engineering/ENG-000231,1.3,2026-06-28,2026-09-23,2026-07-15,,ACTIVE,True,Synthetic dataset generated for research/demo use,VALIDATED,,0880dc964306
ENG-000232,ENG-JAVA-SER-00192,,Spring Boot Standard — India,"# Spring Boot Standard — India

## Purpose
This document defines the approved operating model for Spring Boot standard within Northstar Digital Services.

## Scope
Archived versions remain available for audit purposes but must not be used for new decisions. This version applies to India.

## Requirements
- Spring Boot Standard must follow the current approved policy and ownership model. - Operational evidence for Spring Boot standard should be retained according to the applicable retention schedule. - Exceptions involving Spring Boot standard require documented approval from the responsible owner. - Teams should use standard tooling and published procedures when working with Spring Boot standard.

## Controls
Requests requiring elevated access must be approved by the designated owner and recorded in the enterprise service system.

## Procedure
1. Confirm that the request concerns Spring Boot standard.
2. Verify the relevant owner, country, environment, and current version.
3. Follow the approved workflow and capture evidence.
4. Escalate unresolved or exceptional cases to Data Platform.

## Validation
Verify the current document version before acting.

## Version
Version 1.3. Status: ACTIVE.",Software Engineering,Digital Delivery,Java Services,Spring Boot standard,api_guide,Data Platform,Data Platform,IN,India,en,"[""eng"", ""java-services"", ""software-engineering"", ""spring-boot-standard""]","[""Java Services"", ""Spring Boot standard"", ""eng"", ""java-services"", ""software-engineering"", ""spring-boot-standard""]",EMPLOYEE,"[""employee"", ""engineer"", ""tech_lead"", ""architect""]",[],servicenow,synthetic://software-engineering/ENG-000232,1.3,2026-06-16,2026-08-10,2026-08-09,,ACTIVE,True,Synthetic dataset generated for research/demo use,VALIDATED,,2cb0aa4ae8e7
ENG-000233,ENG-MESSAGIN-00193,,Dead-Letter Queues — United Kingdom,"# Dead-Letter Queues — United Kingdom

## Purpose
This document defines the approved operating model for dead-letter queues within Northstar Digital Services.

## Scope
It applies to employees, contractors, and managed service teams where the stated scope is relevant. This version applies to United Kingdom.

## Requirements
- Dead-Letter Queues must follow the current approved policy and ownership model. - Operational evidence for dead-letter queues should be retained according to the applicable retention schedule. - Exceptions involving dead-letter queues require documented approval from the responsible owner. - Teams should use standard tooling and published procedures when working with dead-letter queues.

## Controls
Changes affecting production require peer review, traceable evidence, and rollback instructions.

## Procedure
1. Confirm that the request concerns dead-letter queues.
2. Verify the relevant owner, country, environment, and current version.
3. Follow the approved workflow and capture evidence.
4. Escalate unresolved or exceptional cases to Architecture Guild.

## Validation
Verify the current document version before acting.

## Version
Version 1.3. Status: ACTIVE.",Software Engineering,Corporate Functions,Messaging,dead-letter queues,architecture_decision_record,Architecture Guild,Architecture Guild,UK,United Kingdom,en,"[""dead-letter-queues"", ""eng"", ""messaging"", ""software-engineering""]","[""Messaging"", ""dead-letter queues"", ""dead-letter-queues"", ""eng"", ""messaging"", ""software-engineering""]",EMPLOYEE,"[""employee"", ""engineer"", ""tech_lead"", ""architect""]",[],google_drive,synthetic://software-engineering/ENG-000233,1.3,2023-01-23,2024-03-17,2023-02-28,,ACTIVE,True,Synthetic dataset generated for research/demo use,VALIDATED,,9886a951fef8
ENG-000234,ENG-JAVA-SER-00194,,Spring Boot Standard — Global,"# Spring Boot Standard — Global

## Purpose
This document defines the approved operating model for Spring Boot standard within Northstar Digital Services.

## Scope
Country-specific and role-specific exceptions override the global baseline only when explicitly documented. This version is the global baseline; country-specific documents may impose additional requirements.

## Requirements
- Spring Boot Standard must follow the current approved policy and ownership model. - Operational evidence for Spring Boot standard should be retained according to the applicable retention schedule. - Exceptions involving Spring Boot standard require documented approval from the responsible owner. - Teams should use standard tooling and published procedures when working with Spring Boot standard.

## Controls
Changes affecting production require peer review, traceable evidence, and rollback instructions.

## Procedure
1. Confirm that the request concerns Spring Boot standard.
2. Verify the relevant owner, country, environment, and current version.
3. Follow the approved workflow and capture evidence.
4. Escalate unresolved or exceptional cases to Backend Platform.

## Validation
Verify the current document version before acting.

## Version
Version 1.1. Status: ACTIVE.",Software Engineering,Shared Services,Java Services,Spring Boot standard,architecture_decision_record,Backend Platform,Backend Platform,GLOBAL,Global,en,"[""eng"", ""java-services"", ""software-engineering"", ""spring-boot-standard""]","[""Java Services"", ""Spring Boot standard"", ""eng"", ""java-services"", ""software-engineering"", ""spring-boot-standard""]",INTERNAL,"[""employee"", ""engineer"", ""tech_lead"", ""architect""]",[],github,synthetic://software-engineering/ENG-000234,1.1,2023-05-24,2024-10-28,2023-06-14,,ACTIVE,True,Synthetic dataset generated for research/demo use,VALIDATED,,ee7968d0af0b
ENG-000235,ENG-MESSAGIN-00195,,Ordering — Singapore,"# Ordering — Singapore

## Purpose
Teams must apply this guidance when working with ordering in production or employee-facing environments.

## Scope
Country-specific and role-specific exceptions override the global baseline only when explicitly documented. This version applies to Singapore.

## Requirements
- Ordering must follow the current approved policy and ownership model. - Operational evidence for ordering should be retained according to the applicable retention schedule. - Exceptions involving ordering require documented approval from the responsible owner. - Teams should use standard tooling and published procedures when working with ordering.

## Controls
Changes affecting production require peer review, traceable evidence, and rollback instructions.

## Procedure
1. Confirm that the request concerns ordering.
2. Verify the relevant owner, country, environment, and current version.
3. Follow the approved workflow and capture evidence.
4. Escalate unresolved or exceptional cases to Backend Platform.

## Validation
Verify the current document version before acting.

## Version
Version 1.3. Status: ACTIVE.",Software Engineering,Cloud & Security,Messaging,ordering,api_guide,Backend Platform,Backend Platform,SG,Singapore,en,"[""eng"", ""messaging"", ""ordering"", ""software-engineering""]","[""Messaging"", ""eng"", ""messaging"", ""ordering"", ""software-engineering""]",EMPLOYEE,"[""employee"", ""engineer"", ""tech_lead"", ""architect""]",[],google_drive,synthetic://software-engineering/ENG-000235,1.3,2023-09-22,2024-06-21,2023-10-29,,ACTIVE,True,Synthetic dataset generated for research/demo use,VALIDATED,,14b65be49303
ENG-000236,ENG-JAVA-SER-00196,,Dependency Management — India,"# Dependency Management — India

## Purpose
The standard exists to reduce inconsistent implementation, avoid repeated support effort, and provide an auditable source of truth.

## Scope
It applies to employees, contractors, and managed service teams where the stated scope is relevant. This version applies to India.

## Requirements
- Dependency Management must follow the current approved policy and ownership model. - Operational evidence for dependency management should be retained according to the applicable retention schedule. - Exceptions involving dependency management require documented approval from the responsible owner. - Teams should use standard tooling and published procedures when working with dependency management.

## Controls
Changes affecting production require peer review, traceable evidence, and rollback instructions.

## Procedure
1. Confirm that the request concerns dependency management.
2. Verify the relevant owner, country, environment, and current version.
3. Follow the approved workflow and capture evidence.
4. Escalate unresolved or exceptional cases to Frontend Platform.

## Validation
If the procedure does not resolve the issue, escalate to the listed owner team with timestamps, identifiers, and evidence.

## Version
Version 1.0. Status: ACTIVE.",Software Engineering,Shared Services,Java Services,dependency management,migration_guide,Frontend Platform,Frontend Platform,IN,India,en,"[""dependency-management"", ""eng"", ""java-services"", ""software-engineering""]","[""Java Services"", ""dependency management"", ""dependency-management"", ""eng"", ""java-services"", ""software-engineering""]",INTERNAL,"[""employee"", ""engineer"", ""tech_lead"", ""architect""]",[],servicenow,synthetic://software-engineering/ENG-000236,1.0,2025-05-19,2025-12-16,2025-07-09,,ACTIVE,True,Synthetic dataset generated for research/demo use,VALIDATED,,7faad769a8b6
ENG-000237,ENG-FRONTEND-00197,,Performance Budgets — United States,"# Performance Budgets — United States

## Purpose
Teams must apply this guidance when working with performance budgets in production or employee-facing environments.

## Scope
Archived versions remain available for audit purposes but must not be used for new decisions. This version applies to United States.

## Requirements
- Performance Budgets must follow the current approved policy and ownership model. - Operational evidence for performance budgets should be retained according to the applicable retention schedule. - Exceptions involving performance budgets require documented approval from the responsible owner. - Teams should use standard tooling and published procedures when working with performance budgets.

## Controls
Sensitive information must follow the organisation's classification and least-privilege requirements.

## Procedure
1. Confirm that the request concerns performance budgets.
2. Verify the relevant owner, country, environment, and current version.
3. Follow the approved workflow and capture evidence.
4. Escalate unresolved or exceptional cases to Data Platform.

## Validation
Do not bypass required controls simply to shorten resolution time.

## Version
Version 1.1. Status: ARCHIVED. This document is archived and retained only for historical reference.",Software Engineering,Shared Services,Frontend,performance budgets,api_guide,Data Platform,Data Platform,US,United States,en,"[""eng"", ""frontend"", ""performance-budgets"", ""software-engineering""]","[""Frontend"", ""eng"", ""frontend"", ""performance budgets"", ""performance-budgets"", ""software-engineering""]",INTERNAL,"[""employee"", ""engineer"", ""tech_lead"", ""architect""]",[],servicenow,synthetic://software-engineering/ENG-000237,1.1,2023-11-09,2025-03-12,2023-12-07,,ARCHIVED,True,Synthetic dataset generated for research/demo use,VALIDATED,,c4e66103cb4f
ENG-000238,ENG-ARCHITEC-00198,,Backpressure — United States,"# Backpressure — United States

## Purpose
This document defines the approved operating model for backpressure within Northstar Digital Services.

## Scope
Country-specific and role-specific exceptions override the global baseline only when explicitly documented. This version applies to United States.

## Requirements
- Backpressure must follow the current approved policy and ownership model. - Operational evidence for backpressure should be retained according to the applicable retention schedule. - Exceptions involving backpressure require documented approval from the responsible owner. - Teams should use standard tooling and published procedures when working with backpressure.

## Controls
Changes affecting production require peer review, traceable evidence, and rollback instructions.

## Procedure
1. Confirm that the request concerns backpressure.
2. Verify the relevant owner, country, environment, and current version.
3. Follow the approved workflow and capture evidence.
4. Escalate unresolved or exceptional cases to Backend Platform.

## Validation
Verify the current document version before acting.

## Version
Version 1.4. Status: ACTIVE.",Software Engineering,Digital Delivery,Architecture,backpressure,architecture_decision_record,Backend Platform,Backend Platform,US,United States,en,"[""architecture"", ""backpressure"", ""eng"", ""software-engineering""]","[""Architecture"", ""architecture"", ""backpressure"", ""eng"", ""software-engineering""]",INTERNAL,"[""employee"", ""engineer"", ""tech_lead"", ""architect""]",[],google_drive,synthetic://software-engineering/ENG-000238,1.4,2026-05-12,2026-09-23,2026-05-31,,ACTIVE,True,Synthetic dataset generated for research/demo use,VALIDATED,,9abb2ec36683
ENG-000239,ENG-DATABASE-00199,,Migration Safety — United States,"# Migration Safety — United States

## Purpose
This document defines the approved operating model for migration safety within Northstar Digital Services.

## Scope
Archived versions remain available for audit purposes but must not be used for new decisions. This version applies to United States.

## Requirements
- Migration Safety must follow the current approved policy and ownership model. - Operational evidence for migration safety should be retained according to the applicable retention schedule. - Exceptions involving migration safety require documented approval from the responsible owner. - Teams should use standard tooling and published procedures when working with migration safety.

## Controls
Sensitive information must follow the organisation's classification and least-privilege requirements.

## Procedure
1. Confirm that the request concerns migration safety.
2. Verify the relevant owner, country, environment, and current version.
3. Follow the approved workflow and capture evidence.
4. Escalate unresolved or exceptional cases to Data Platform.

## Validation
If the procedure does not resolve the issue, escalate to the listed owner team with timestamps, identifiers, and evidence.

## Version
Version 1.2. Status: ACTIVE.",Software Engineering,Enterprise Platforms,Databases,migration safety,coding_standard,Data Platform,Data Platform,US,United States,en,"[""databases"", ""eng"", ""migration-safety"", ""software-engineering""]","[""Databases"", ""databases"", ""eng"", ""migration safety"", ""migration-safety"", ""software-engineering""]",INTERNAL,"[""employee"", ""engineer"", ""tech_lead"", ""architect""]",[],servicenow,synthetic://software-engineering/ENG-000239,1.2,2023-04-11,2023-05-01,2023-04-22,,ACTIVE,True,Synthetic dataset generated for research/demo use,VALIDATED,,7364ea0c0a60
ENG-000240,ENG-APIS-00200,,Rate Limiting — Singapore,"# Rate Limiting — Singapore

## Purpose
Teams must apply this guidance when working with rate limiting in production or employee-facing environments.

## Scope
Country-specific and role-specific exceptions override the global baseline only when explicitly documented. This version applies to Singapore.

## Requirements
- Rate Limiting must follow the current approved policy and ownership model. - Operational evidence for rate limiting should be retained according to the applicable retention schedule. - Exceptions involving rate limiting require documented approval from the responsible owner. - Teams should use standard tooling and published procedures when working with rate limiting.

## Controls
Requests requiring elevated access must be approved by the designated owner and recorded in the enterprise service system.

## Procedure
1. Confirm that the request concerns rate limiting.
2. Verify the relevant owner, country, environment, and current version.
3. Follow the approved workflow and capture evidence.
4. Escalate unresolved or exceptional cases to Data Platform.

## Validation
Do not bypass required controls simply to shorten resolution time.

## Version
Version 1.2. Status: ACTIVE.",Software Engineering,Corporate Functions,APIs,rate limiting,api_guide,Data Platform,Data Platform,SG,Singapore,en,"[""apis"", ""eng"", ""rate-limiting"", ""software-engineering""]","[""APIs"", ""apis"", ""eng"", ""rate limiting"", ""rate-limiting"", ""software-engineering""]",INTERNAL,"[""employee"", ""engineer"", ""tech_lead"", ""architect""]",[],google_drive,synthetic://software-engineering/ENG-000240,1.2,2025-10-31,2026-09-23,2025-12-21,,ACTIVE,True,Synthetic dataset generated for research/demo use,VALIDATED,,a570ee1141e1
ENG-000241,ENG-JAVA-SER-00201,,Dependency Management — Singapore,"# Dependency Management — Singapore

## Purpose
Teams must apply this guidance when working with dependency management in production or employee-facing environments.

## Scope
Archived versions remain available for audit purposes but must not be used for new decisions. This version applies to Singapore.

## Requirements
- Dependency Management must follow the current approved policy and ownership model. - Operational evidence for dependency management should be retained according to the applicable retention schedule. - Exceptions involving dependency management require documented approval from the responsible owner. - Teams should use standard tooling and published procedures when working with dependency management.

## Controls
Changes affecting production require peer review, traceable evidence, and rollback instructions.

## Procedure
1. Confirm that the request concerns dependency management.
2. Verify the relevant owner, country, environment, and current version.
3. Follow the approved workflow and capture evidence.
4. Escalate unresolved or exceptional cases to Architecture Guild.

## Validation
If the procedure does not resolve the issue, escalate to the listed owner team with timestamps, identifiers, and evidence.

## Version
Version 1.0. Status: ARCHIVED. This document is archived and retained only for historical reference.",Software Engineering,Shared Services,Java Services,dependency management,architecture_decision_record,Architecture Guild,Architecture Guild,SG,Singapore,en,"[""dependency-management"", ""eng"", ""java-services"", ""software-engineering""]","[""Java Services"", ""dependency management"", ""dependency-management"", ""eng"", ""java-services"", ""software-engineering""]",INTERNAL,"[""employee"", ""engineer"", ""tech_lead"", ""architect""]",[],google_drive,synthetic://software-engineering/ENG-000241,1.0,2023-05-05,2024-12-09,2023-06-20,,ARCHIVED,True,Synthetic dataset generated for research/demo use,VALIDATED,,ada8136668a2
ENG-000242,ENG-TESTING-00202,,Integration Testing — Singapore,"# Integration Testing — Singapore

## Purpose
Teams must apply this guidance when working with integration testing in production or employee-facing environments.

## Scope
It applies to employees, contractors, and managed service teams where the stated scope is relevant. This version applies to Singapore.

## Requirements
- Integration Testing must follow the current approved policy and ownership model. - Operational evidence for integration testing should be retained according to the applicable retention schedule. - Exceptions involving integration testing require documented approval from the responsible owner. - Teams should use standard tooling and published procedures when working with integration testing.

## Controls
Requests requiring elevated access must be approved by the designated owner and recorded in the enterprise service system.

## Procedure
1. Confirm that the request concerns integration testing.
2. Verify the relevant owner, country, environment, and current version.
3. Follow the approved workflow and capture evidence.
4. Escalate unresolved or exceptional cases to Frontend Platform.

## Validation
If the procedure does not resolve the issue, escalate to the listed owner team with timestamps, identifiers, and evidence.

## Version
Version 1.4. Status: ARCHIVED. This document is archived and retained only for historical reference.",Software Engineering,Corporate Functions,Testing,integration testing,technical_standard,Frontend Platform,Frontend Platform,SG,Singapore,en,"[""eng"", ""integration-testing"", ""software-engineering"", ""testing""]","[""Testing"", ""eng"", ""integration testing"", ""integration-testing"", ""software-engineering"", ""testing""]",INTERNAL,"[""employee"", ""engineer"", ""tech_lead"", ""architect""]",[],servicenow,synthetic://software-engineering/ENG-000242,1.4,2026-01-15,2026-09-23,2026-03-13,,ARCHIVED,True,Synthetic dataset generated for research/demo use,VALIDATED,,829b5f92e40e
ENG-000243,ENG-ARCHITEC-00203,,Caching — Singapore,"# Caching — Singapore

## Purpose
This document defines the approved operating model for caching within Northstar Digital Services.

## Scope
Archived versions remain available for audit purposes but must not be used for new decisions. This version applies to Singapore.

## Requirements
- Caching must follow the current approved policy and ownership model. - Operational evidence for caching should be retained according to the applicable retention schedule. - Exceptions involving caching require documented approval from the responsible owner. - Teams should use standard tooling and published procedures when working with caching.

## Controls
Sensitive information must follow the organisation's classification and least-privilege requirements.

## Procedure
1. Confirm that the request concerns caching.
2. Verify the relevant owner, country, environment, and current version.
3. Follow the approved workflow and capture evidence.
4. Escalate unresolved or exceptional cases to Developer Experience.

## Validation
If the procedure does not resolve the issue, escalate to the listed owner team with timestamps, identifiers, and evidence.

## Version
Version 1.0. Status: ACTIVE.",Software Engineering,Shared Services,Architecture,caching,design_note,Developer Experience,Developer Experience,SG,Singapore,en,"[""architecture"", ""caching"", ""eng"", ""software-engineering""]","[""Architecture"", ""architecture"", ""caching"", ""eng"", ""software-engineering""]",EMPLOYEE,"[""employee"", ""engineer"", ""tech_lead"", ""architect""]",[],confluence,synthetic://software-engineering/ENG-000243,1.0,2026-07-07,2026-09-23,2026-07-12,,ACTIVE,True,Synthetic dataset generated for research/demo use,VALIDATED,,0c6d7c20bae3
ENG-000244,ENG-MESSAGIN-00204,,Consumer Retries — India,"# Consumer Retries — India

## Purpose
The standard exists to reduce inconsistent implementation, avoid repeated support effort, and provide an auditable source of truth.

## Scope
It applies to employees, contractors, and managed service teams where the stated scope is relevant. This version applies to India.

## Requirements
- Consumer Retries must follow the current approved policy and ownership model. - Operational evidence for consumer retries should be retained according to the applicable retention schedule. - Exceptions involving consumer retries require documented approval from the responsible owner. - Teams should use standard tooling and published procedures when working with consumer retries.

## Controls
Requests requiring elevated access must be approved by the designated owner and recorded in the enterprise service system.

## Procedure
1. Confirm that the request concerns consumer retries.
2. Verify the relevant owner, country, environment, and current version.
3. Follow the approved workflow and capture evidence.
4. Escalate unresolved or exceptional cases to Developer Experience.

## Validation
Verify the current document version before acting.

## Version
Version 1.1. Status: ACTIVE.",Software Engineering,Enterprise Platforms,Messaging,consumer retries,known_issue,Developer Experience,Developer Experience,IN,India,en,"[""consumer-retries"", ""eng"", ""messaging"", ""software-engineering""]","[""Messaging"", ""consumer retries"", ""consumer-retries"", ""eng"", ""messaging"", ""software-engineering""]",INTERNAL,"[""employee"", ""engineer"", ""tech_lead"", ""architect""]",[],github,synthetic://software-engineering/ENG-000244,1.1,2026-07-30,2026-09-23,2026-09-08,,ACTIVE,True,Synthetic dataset generated for research/demo use,VALIDATED,,9b381b353fa0
ENG-000245,ENG-FRONTEND-00205,,Design Tokens — United Kingdom,"# Design Tokens — United Kingdom

## Purpose
Teams must apply this guidance when working with design tokens in production or employee-facing environments.

## Scope
Country-specific and role-specific exceptions override the global baseline only when explicitly documented. This version applies to United Kingdom.

## Requirements
- Design Tokens must follow the current approved policy and ownership model. - Operational evidence for design tokens should be retained according to the applicable retention schedule. - Exceptions involving design tokens require documented approval from the responsible owner. - Teams should use standard tooling and published procedures when working with design tokens.

## Controls
Requests requiring elevated access must be approved by the designated owner and recorded in the enterprise service system.

## Procedure
1. Confirm that the request concerns design tokens.
2. Verify the relevant owner, country, environment, and current version.
3. Follow the approved workflow and capture evidence.
4. Escalate unresolved or exceptional cases to Data Platform.

## Validation
If the procedure does not resolve the issue, escalate to the listed owner team with timestamps, identifiers, and evidence.

## Version
Version 1.1. Status: ACTIVE.",Software Engineering,Corporate Functions,Frontend,design tokens,api_guide,Data Platform,Data Platform,UK,United Kingdom,en,"[""design-tokens"", ""eng"", ""frontend"", ""software-engineering""]","[""Frontend"", ""design tokens"", ""design-tokens"", ""eng"", ""frontend"", ""software-engineering""]",INTERNAL,"[""employee"", ""engineer"", ""tech_lead"", ""architect""]",[],github,synthetic://software-engineering/ENG-000245,1.1,2023-10-08,2024-04-28,2023-10-14,,ACTIVE,True,Synthetic dataset generated for research/demo use,VALIDATED,,0e18cd270c81
ENG-000246,ENG-TESTING-00206,,Coverage Policy — India,"# Coverage Policy — India

## Purpose
Teams must apply this guidance when working with coverage policy in production or employee-facing environments.

## Scope
Country-specific and role-specific exceptions override the global baseline only when explicitly documented. This version applies to India.

## Requirements
- Coverage Policy must follow the current approved policy and ownership model. - Operational evidence for coverage policy should be retained according to the applicable retention schedule. - Exceptions involving coverage policy require documented approval from the responsible owner. - Teams should use standard tooling and published procedures when working with coverage policy.

## Controls
Requests requiring elevated access must be approved by the designated owner and recorded in the enterprise service system.

## Procedure
1. Confirm that the request concerns coverage policy.
2. Verify the relevant owner, country, environment, and current version.
3. Follow the approved workflow and capture evidence.
4. Escalate unresolved or exceptional cases to Data Platform.

## Validation
Do not bypass required controls simply to shorten resolution time.

## Version
Version 1.1. Status: ACTIVE.",Software Engineering,Cloud & Security,Testing,coverage policy,migration_guide,Data Platform,Data Platform,IN,India,en,"[""coverage-policy"", ""eng"", ""software-engineering"", ""testing""]","[""Testing"", ""coverage policy"", ""coverage-policy"", ""eng"", ""software-engineering"", ""testing""]",INTERNAL,"[""employee"", ""engineer"", ""tech_lead"", ""architect""]",[],hr_portal,synthetic://software-engineering/ENG-000246,1.1,2025-10-26,2026-09-23,2025-12-06,,ACTIVE,True,Synthetic dataset generated for research/demo use,VALIDATED,,f8bd51a2cb73
ENG-000247,ENG-MESSAGIN-00207,,Dead-Letter Queues — Global,"# Dead-Letter Queues — Global

## Purpose
This document defines the approved operating model for dead-letter queues within Northstar Digital Services.

## Scope
Country-specific and role-specific exceptions override the global baseline only when explicitly documented. This version is the global baseline; country-specific documents may impose additional requirements.

## Requirements
- Dead-Letter Queues must follow the current approved policy and ownership model. - Operational evidence for dead-letter queues should be retained according to the applicable retention schedule. - Exceptions involving dead-letter queues require documented approval from the responsible owner. - Teams should use standard tooling and published procedures when working with dead-letter queues.

## Controls
Requests requiring elevated access must be approved by the designated owner and recorded in the enterprise service system.

## Procedure
1. Confirm that the request concerns dead-letter queues.
2. Verify the relevant owner, country, environment, and current version.
3. Follow the approved workflow and capture evidence.
4. Escalate unresolved or exceptional cases to Architecture Guild.

## Validation
Do not bypass required controls simply to shorten resolution time.

## Version
Version 1.1. Status: ACTIVE.",Software Engineering,Corporate Functions,Messaging,dead-letter queues,technical_standard,Architecture Guild,Architecture Guild,GLOBAL,Global,en,"[""dead-letter-queues"", ""eng"", ""messaging"", ""software-engineering""]","[""Messaging"", ""dead-letter queues"", ""dead-letter-queues"", ""eng"", ""messaging"", ""software-engineering""]",INTERNAL,"[""employee"", ""engineer"", ""tech_lead"", ""architect""]",[],hr_portal,synthetic://software-engineering/ENG-000247,1.1,2025-04-13,2026-03-16,2025-05-29,,ACTIVE,True,Synthetic dataset generated for research/demo use,VALIDATED,,c8a3e16a60b7
ENG-000248,ENG-JAVA-SER-00208,,Dependency Management — Global,"# Dependency Management — Global

## Purpose
Teams must apply this guidance when working with dependency management in production or employee-facing environments.

## Scope
It applies to employees, contractors, and managed service teams where the stated scope is relevant. This version is the global baseline; country-specific documents may impose additional requirements.

## Requirements
- Dependency Management must follow the current approved policy and ownership model. - Operational evidence for dependency management should be retained according to the applicable retention schedule. - Exceptions involving dependency management require documented approval from the responsible owner. - Teams should use standard tooling and published procedures when working with dependency management.

## Controls
Sensitive information must follow the organisation's classification and least-privilege requirements.

## Procedure
1. Confirm that the request concerns dependency management.
2. Verify the relevant owner, country, environment, and current version.
3. Follow the approved workflow and capture evidence.
4. Escalate unresolved or exceptional cases to Architecture Guild.

## Validation
Do not bypass required controls simply to shorten resolution time.

## Version
Version 1.3. Status: ACTIVE.",Software Engineering,Corporate Functions,Java Services,dependency management,known_issue,Architecture Guild,Architecture Guild,GLOBAL,Global,en,"[""dependency-management"", ""eng"", ""java-services"", ""software-engineering""]","[""Java Services"", ""dependency management"", ""dependency-management"", ""eng"", ""java-services"", ""software-engineering""]",EMPLOYEE,"[""employee"", ""engineer"", ""tech_lead"", ""architect""]",[],hr_portal,synthetic://software-engineering/ENG-000248,1.3,2026-09-06,2026-09-23,2026-09-23,,ACTIVE,True,Synthetic dataset generated for research/demo use,VALIDATED,,5f56bd0a1346
ENG-000249,ENG-TESTING-00209,,Integration Testing — United States,"# Integration Testing — United States

## Purpose
This document defines the approved operating model for integration testing within Northstar Digital Services.

## Scope
It applies to employees, contractors, and managed service teams where the stated scope is relevant. This version applies to United States.

## Requirements
- Integration Testing must follow the current approved policy and ownership model. - Operational evidence for integration testing should be retained according to the applicable retention schedule. - Exceptions involving integration testing require documented approval from the responsible owner. - Teams should use standard tooling and published procedures when working with integration testing.

## Controls
Requests requiring elevated access must be approved by the designated owner and recorded in the enterprise service system.

## Procedure
1. Confirm that the request concerns integration testing.
2. Verify the relevant owner, country, environment, and current version.
3. Follow the approved workflow and capture evidence.
4. Escalate unresolved or exceptional cases to Frontend Platform.

## Validation
Verify the current document version before acting.

## Version
Version 1.3. Status: ACTIVE.",Software Engineering,Enterprise Platforms,Testing,integration testing,technical_standard,Frontend Platform,Frontend Platform,US,United States,en,"[""eng"", ""integration-testing"", ""software-engineering"", ""testing""]","[""Testing"", ""eng"", ""integration testing"", ""integration-testing"", ""software-engineering"", ""testing""]",CONFIDENTIAL,"[""tech_lead"", ""architect""]","[""Software Engineering""]",github,synthetic://software-engineering/ENG-000249,1.3,2024-06-08,2025-11-26,2024-08-04,,ACTIVE,True,Synthetic dataset generated for research/demo use,VALIDATED,,0d0280e2960b
ENG-000250,ENG-ARCHITEC-00210,,Service Boundaries — United States,"# Service Boundaries — United States

## Purpose
This document defines the approved operating model for service boundaries within Northstar Digital Services.

## Scope
It applies to employees, contractors, and managed service teams where the stated scope is relevant. This version applies to United States.

## Requirements
- Service Boundaries must follow the current approved policy and ownership model. - Operational evidence for service boundaries should be retained according to the applicable retention schedule. - Exceptions involving service boundaries require documented approval from the responsible owner. - Teams should use standard tooling and published procedures when working with service boundaries.

## Controls
Sensitive information must follow the organisation's classification and least-privilege requirements.

## Procedure
1. Confirm that the request concerns service boundaries.
2. Verify the relevant owner, country, environment, and current version.
3. Follow the approved workflow and capture evidence.
4. Escalate unresolved or exceptional cases to Backend Platform.

## Validation
Do not bypass required controls simply to shorten resolution time.

## Version
Version 1.4. Status: ACTIVE.",Software Engineering,Cloud & Security,Architecture,service boundaries,design_note,Backend Platform,Backend Platform,US,United States,en,"[""architecture"", ""eng"", ""service-boundaries"", ""software-engineering""]","[""Architecture"", ""architecture"", ""eng"", ""service boundaries"", ""service-boundaries"", ""software-engineering""]",EMPLOYEE,"[""employee"", ""engineer"", ""tech_lead"", ""architect""]",[],github,synthetic://software-engineering/ENG-000250,1.4,2025-06-04,2026-04-14,2025-07-19,,ACTIVE,True,Synthetic dataset generated for research/demo use,VALIDATED,,e7b73ee75875
ENG-000251,ENG-FRONTEND-00211,,React Standards — Australia,"# React Standards — Australia

## Purpose
The standard exists to reduce inconsistent implementation, avoid repeated support effort, and provide an auditable source of truth.

## Scope
Archived versions remain available for audit purposes but must not be used for new decisions. This version applies to Australia.

## Requirements
- React Standards must follow the current approved policy and ownership model. - Operational evidence for React standards should be retained according to the applicable retention schedule. - Exceptions involving React standards require documented approval from the responsible owner. - Teams should use standard tooling and published procedures when working with React standards.

## Controls
Sensitive information must follow the organisation's classification and least-privilege requirements.

## Procedure
1. Confirm that the request concerns React standards.
2. Verify the relevant owner, country, environment, and current version.
3. Follow the approved workflow and capture evidence.
4. Escalate unresolved or exceptional cases to Frontend Platform.

## Validation
If the procedure does not resolve the issue, escalate to the listed owner team with timestamps, identifiers, and evidence.

## Version
Version 1.3. Status: ACTIVE.",Software Engineering,Enterprise Platforms,Frontend,React standards,design_note,Frontend Platform,Frontend Platform,AU,Australia,en,"[""eng"", ""frontend"", ""react-standards"", ""software-engineering""]","[""Frontend"", ""React standards"", ""eng"", ""frontend"", ""react-standards"", ""software-engineering""]",EMPLOYEE,"[""employee"", ""engineer"", ""tech_lead"", ""architect""]",[],confluence,synthetic://software-engineering/ENG-000251,1.3,2024-01-16,2024-09-02,2024-03-01,,ACTIVE,True,Synthetic dataset generated for research/demo use,VALIDATED,,1c679478e9fe
ENG-000252,ENG-MESSAGIN-00212,,Kafka Event Design — India v1.2,"# Kafka Event Design — India v1.2

## Purpose
The standard exists to reduce inconsistent implementation, avoid repeated support effort, and provide an auditable source of truth.

## Scope
Archived versions remain available for audit purposes but must not be used for new decisions. This version applies to India.

## Requirements
- Kafka Event Design must follow the current approved policy and ownership model. - Operational evidence for Kafka event design should be retained according to the applicable retention schedule. - Exceptions involving Kafka event design require documented approval from the responsible owner. - Teams should use standard tooling and published procedures when working with Kafka event design.

## Controls
Sensitive information must follow the organisation's classification and least-privilege requirements.

## Procedure
1. Confirm that the request concerns Kafka event design.
2. Verify the relevant owner, country, environment, and current version.
3. Follow the approved workflow and capture evidence.
4. Escalate unresolved or exceptional cases to Backend Platform.

## Validation
Verify the current document version before acting.

## Version
Version 1.2. Status: ARCHIVED. This document is archived and retained only for historical reference.",Software Engineering,Corporate Functions,Messaging,Kafka event design,architecture_decision_record,Backend Platform,Backend Platform,IN,India,en,"[""eng"", ""kafka-event-design"", ""messaging"", ""software-engineering""]","[""Kafka event design"", ""Messaging"", ""eng"", ""kafka-event-design"", ""messaging"", ""software-engineering""]",INTERNAL,"[""employee"", ""engineer"", ""tech_lead"", ""architect""]",[],sharepoint,synthetic://software-engineering/ENG-000252,1.2,2023-07-16,2024-06-01,2023-08-07,2025-12-07,ARCHIVED,True,Synthetic dataset generated for research/demo use,VALIDATED,,3479e421a172
ENG-000253,ENG-MESSAGIN-00212,ENG-000252,Kafka Event Design — India v2.0,"# Kafka Event Design — India v2.0

## Purpose
The standard exists to reduce inconsistent implementation, avoid repeated support effort, and provide an auditable source of truth.

## Scope
Archived versions remain available for audit purposes but must not be used for new decisions. This version applies to India.

## Requirements
- Kafka Event Design must follow the current approved policy and ownership model. - Operational evidence for Kafka event design should be retained according to the applicable retention schedule. - Exceptions involving Kafka event design require documented approval from the responsible owner. - Teams should use standard tooling and published procedures when working with Kafka event design.

## Controls
Sensitive information must follow the organisation's classification and least-privilege requirements.

## Procedure
1. Confirm that the request concerns Kafka event design.
2. Verify the relevant owner, country, environment, and current version.
3. Follow the approved workflow and capture evidence.
4. Escalate unresolved or exceptional cases to Backend Platform.

## Validation
Verify the current document version before acting.

## Version
Version 2.0. Status: ACTIVE.",Software Engineering,Corporate Functions,Messaging,Kafka event design,architecture_decision_record,Backend Platform,Backend Platform,IN,India,en,"[""eng"", ""kafka-event-design"", ""messaging"", ""software-engineering""]","[""Kafka event design"", ""Messaging"", ""eng"", ""kafka-event-design"", ""messaging"", ""software-engineering""]",EMPLOYEE,"[""employee"", ""engineer"", ""tech_lead"", ""architect""]",[],sharepoint,synthetic://software-engineering/ENG-000253,2.0,2025-09-05,2026-02-21,2025-09-18,,ACTIVE,True,Synthetic dataset generated for research/demo use,VALIDATED,,7f28a34b9ab3
ENG-000254,ENG-TESTING-00213,,Contract Testing — Global,"# Contract Testing — Global

## Purpose
The standard exists to reduce inconsistent implementation, avoid repeated support effort, and provide an auditable source of truth.

## Scope
Archived versions remain available for audit purposes but must not be used for new decisions. This version is the global baseline; country-specific documents may impose additional requirements.

## Requirements
- Contract Testing must follow the current approved policy and ownership model. - Operational evidence for contract testing should be retained according to the applicable retention schedule. - Exceptions involving contract testing require documented approval from the responsible owner. - Teams should use standard tooling and published procedures when working with contract testing.

## Controls
Sensitive information must follow the organisation's classification and least-privilege requirements.

## Procedure
1. Confirm that the request concerns contract testing.
2. Verify the relevant owner, country, environment, and current version.
3. Follow the approved workflow and capture evidence.
4. Escalate unresolved or exceptional cases to Frontend Platform.

## Validation
Do not bypass required controls simply to shorten resolution time.

## Version
Version 1.4. Status: ACTIVE.",Software Engineering,Enterprise Platforms,Testing,contract testing,migration_guide,Frontend Platform,Frontend Platform,GLOBAL,Global,en,"[""contract-testing"", ""eng"", ""software-engineering"", ""testing""]","[""Testing"", ""contract testing"", ""contract-testing"", ""eng"", ""software-engineering"", ""testing""]",INTERNAL,"[""employee"", ""engineer"", ""tech_lead"", ""architect""]",[],hr_portal,synthetic://software-engineering/ENG-000254,1.4,2025-03-11,2025-11-01,2025-03-22,,ACTIVE,True,Synthetic dataset generated for research/demo use,VALIDATED,,2d9d22a3c7d9
ENG-000255,ENG-DATABASE-00214,,Read Replicas — Ireland,"# Read Replicas — Ireland

## Purpose
This document defines the approved operating model for read replicas within Northstar Digital Services.

## Scope
Country-specific and role-specific exceptions override the global baseline only when explicitly documented. This version applies to Ireland.

## Requirements
- Read Replicas must follow the current approved policy and ownership model. - Operational evidence for read replicas should be retained according to the applicable retention schedule. - Exceptions involving read replicas require documented approval from the responsible owner. - Teams should use standard tooling and published procedures when working with read replicas.

## Controls
Sensitive information must follow the organisation's classification and least-privilege requirements.

## Procedure
1. Confirm that the request concerns read replicas.
2. Verify the relevant owner, country, environment, and current version.
3. Follow the approved workflow and capture evidence.
4. Escalate unresolved or exceptional cases to Frontend Platform.

## Validation
Verify the current document version before acting.

## Version
Version 1.0. Status: ACTIVE.",Software Engineering,Shared Services,Databases,read replicas,technical_standard,Frontend Platform,Frontend Platform,IE,Ireland,en,"[""databases"", ""eng"", ""read-replicas"", ""software-engineering""]","[""Databases"", ""databases"", ""eng"", ""read replicas"", ""read-replicas"", ""software-engineering""]",INTERNAL,"[""employee"", ""engineer"", ""tech_lead"", ""architect""]",[],confluence,synthetic://software-engineering/ENG-000255,1.0,2023-07-17,2024-06-04,2023-09-02,,ACTIVE,True,Synthetic dataset generated for research/demo use,VALIDATED,,69cf91338107
ENG-000256,ENG-TESTING-00215,,Integration Testing — Singapore,"# Integration Testing — Singapore

## Purpose
Teams must apply this guidance when working with integration testing in production or employee-facing environments.

## Scope
Country-specific and role-specific exceptions override the global baseline only when explicitly documented. This version applies to Singapore.

## Requirements
- Integration Testing must follow the current approved policy and ownership model. - Operational evidence for integration testing should be retained according to the applicable retention schedule. - Exceptions involving integration testing require documented approval from the responsible owner. - Teams should use standard tooling and published procedures when working with integration testing.

## Controls
Sensitive information must follow the organisation's classification and least-privilege requirements.

## Procedure
1. Confirm that the request concerns integration testing.
2. Verify the relevant owner, country, environment, and current version.
3. Follow the approved workflow and capture evidence.
4. Escalate unresolved or exceptional cases to Frontend Platform.

## Validation
Verify the current document version before acting.

## Version
Version 1.1. Status: ACTIVE.",Software Engineering,Corporate Functions,Testing,integration testing,api_guide,Frontend Platform,Frontend Platform,SG,Singapore,en,"[""eng"", ""integration-testing"", ""software-engineering"", ""testing""]","[""Testing"", ""eng"", ""integration testing"", ""integration-testing"", ""software-engineering"", ""testing""]",EMPLOYEE,"[""employee"", ""engineer"", ""tech_lead"", ""architect""]",[],confluence,synthetic://software-engineering/ENG-000256,1.1,2026-05-06,2026-09-23,2026-05-19,,ACTIVE,True,Synthetic dataset generated for research/demo use,VALIDATED,,c5c60464b163
ENG-000257,ENG-PYTHON-B-00216,,Fastapi Service Standard — Global,"# Fastapi Service Standard — Global

## Purpose
The standard exists to reduce inconsistent implementation, avoid repeated support effort, and provide an auditable source of truth.

## Scope
Country-specific and role-specific exceptions override the global baseline only when explicitly documented. This version is the global baseline; country-specific documents may impose additional requirements.

## Requirements
- Service contracts must use explicit schemas. - Health and readiness endpoints are required. - Timeouts, structured logging, and request IDs are mandatory in production. - Service contracts must use explicit schemas.

## Controls
Changes affecting production require peer review, traceable evidence, and rollback instructions.

## Procedure
1. Confirm that the request concerns FastAPI service standard.
2. Verify the relevant owner, country, environment, and current version.
3. Follow the approved workflow and capture evidence.
4. Escalate unresolved or exceptional cases to Developer Experience.

## Validation
Verify the current document version before acting.

## Version
Version 1.1. Status: ACTIVE.",Software Engineering,Corporate Functions,Python Backend,FastAPI service standard,known_issue,Developer Experience,Developer Experience,GLOBAL,Global,en,"[""eng"", ""fastapi-service-standard"", ""python-backend"", ""software-engineering""]","[""FastAPI service standard"", ""Python Backend"", ""eng"", ""fastapi-service-standard"", ""python-backend"", ""software-engineering""]",INTERNAL,"[""employee"", ""engineer"", ""tech_lead"", ""architect""]",[],sharepoint,synthetic://software-engineering/ENG-000257,1.1,2026-06-09,2026-09-23,2026-06-28,,ACTIVE,True,Synthetic dataset generated for research/demo use,VALIDATED,,933154fc88a7
ENG-000258,ENG-FRONTEND-00217,,React Standards — India,"# React Standards — India

## Purpose
This document defines the approved operating model for React standards within Northstar Digital Services.

## Scope
Country-specific and role-specific exceptions override the global baseline only when explicitly documented. This version applies to India.

## Requirements
- React Standards must follow the current approved policy and ownership model. - Operational evidence for React standards should be retained according to the applicable retention schedule. - Exceptions involving React standards require documented approval from the responsible owner. - Teams should use standard tooling and published procedures when working with React standards.

## Controls
Changes affecting production require peer review, traceable evidence, and rollback instructions.

## Procedure
1. Confirm that the request concerns React standards.
2. Verify the relevant owner, country, environment, and current version.
3. Follow the approved workflow and capture evidence.
4. Escalate unresolved or exceptional cases to Backend Platform.

## Validation
Verify the current document version before acting.

## Version
Version 1.4. Status: ACTIVE.",Software Engineering,Enterprise Platforms,Frontend,React standards,architecture_decision_record,Backend Platform,Backend Platform,IN,India,en,"[""eng"", ""frontend"", ""react-standards"", ""software-engineering""]","[""Frontend"", ""React standards"", ""eng"", ""frontend"", ""react-standards"", ""software-engineering""]",CONFIDENTIAL,"[""tech_lead"", ""architect""]","[""Software Engineering""]",confluence,synthetic://software-engineering/ENG-000258,1.4,2025-04-16,2025-09-21,2025-05-15,,ACTIVE,True,Synthetic dataset generated for research/demo use,VALIDATED,,631116f234a4
ENG-000259,ENG-JAVA-SER-00218,,Jvm Tuning — Global,"# Jvm Tuning — Global

## Purpose
The standard exists to reduce inconsistent implementation, avoid repeated support effort, and provide an auditable source of truth.

## Scope
It applies to employees, contractors, and managed service teams where the stated scope is relevant. This version is the global baseline; country-specific documents may impose additional requirements.

## Requirements
- Jvm Tuning must follow the current approved policy and ownership model. - Operational evidence for JVM tuning should be retained according to the applicable retention schedule. - Exceptions involving JVM tuning require documented approval from the responsible owner. - Teams should use standard tooling and published procedures when working with JVM tuning.

## Controls
Changes affecting production require peer review, traceable evidence, and rollback instructions.

## Procedure
1. Confirm that the request concerns JVM tuning.
2. Verify the relevant owner, country, environment, and current version.
3. Follow the approved workflow and capture evidence.
4. Escalate unresolved or exceptional cases to Frontend Platform.

## Validation
Do not bypass required controls simply to shorten resolution time.

## Version
Version 1.1. Status: ACTIVE.",Software Engineering,Cloud & Security,Java Services,JVM tuning,api_guide,Frontend Platform,Frontend Platform,GLOBAL,Global,en,"[""eng"", ""java-services"", ""jvm-tuning"", ""software-engineering""]","[""JVM tuning"", ""Java Services"", ""eng"", ""java-services"", ""jvm-tuning"", ""software-engineering""]",INTERNAL,"[""employee"", ""engineer"", ""tech_lead"", ""architect""]",[],sharepoint,synthetic://software-engineering/ENG-000259,1.1,2026-04-08,2026-09-23,2026-05-31,,ACTIVE,True,Synthetic dataset generated for research/demo use,VALIDATED,,3e3bf237dde6
ENG-000260,ENG-APIS-00219,,Error Envelopes — Singapore,"# Error Envelopes — Singapore

## Purpose
Teams must apply this guidance when working with error envelopes in production or employee-facing environments.

## Scope
Archived versions remain available for audit purposes but must not be used for new decisions. This version applies to Singapore.

## Requirements
- Error Envelopes must follow the current approved policy and ownership model. - Operational evidence for error envelopes should be retained according to the applicable retention schedule. - Exceptions involving error envelopes require documented approval from the responsible owner. - Teams should use standard tooling and published procedures when working with error envelopes.

## Controls
Requests requiring elevated access must be approved by the designated owner and recorded in the enterprise service system.

## Procedure
1. Confirm that the request concerns error envelopes.
2. Verify the relevant owner, country, environment, and current version.
3. Follow the approved workflow and capture evidence.
4. Escalate unresolved or exceptional cases to Data Platform.

## Validation
Do not bypass required controls simply to shorten resolution time.

## Version
Version 1.1. Status: ACTIVE.",Software Engineering,Cloud & Security,APIs,error envelopes,design_note,Data Platform,Data Platform,SG,Singapore,en,"[""apis"", ""eng"", ""error-envelopes"", ""software-engineering""]","[""APIs"", ""apis"", ""eng"", ""error envelopes"", ""error-envelopes"", ""software-engineering""]",INTERNAL,"[""employee"", ""engineer"", ""tech_lead"", ""architect""]",[],servicenow,synthetic://software-engineering/ENG-000260,1.1,2024-01-27,2024-06-09,2024-03-16,,ACTIVE,True,Synthetic dataset generated for research/demo use,VALIDATED,,41c679bb2c7a
ENG-000261,ENG-PYTHON-B-00220,,Async I/O — Global,"# Async I/O — Global

## Purpose
This document defines the approved operating model for async I/O within Northstar Digital Services.

## Scope
Country-specific and role-specific exceptions override the global baseline only when explicitly documented. This version is the global baseline; country-specific documents may impose additional requirements.

## Requirements
- Async I/O must follow the current approved policy and ownership model. - Operational evidence for async I/O should be retained according to the applicable retention schedule. - Exceptions involving async I/O require documented approval from the responsible owner. - Teams should use standard tooling and published procedures when working with async I/O.

## Controls
Sensitive information must follow the organisation's classification and least-privilege requirements.

## Procedure
1. Confirm that the request concerns async I/O.
2. Verify the relevant owner, country, environment, and current version.
3. Follow the approved workflow and capture evidence.
4. Escalate unresolved or exceptional cases to Developer Experience.

## Validation
Verify the current document version before acting.

## Version
Version 1.0. Status: ACTIVE.",Software Engineering,Digital Delivery,Python Backend,async I/O,technical_standard,Developer Experience,Developer Experience,GLOBAL,Global,en,"[""async-i-o"", ""eng"", ""python-backend"", ""software-engineering""]","[""Python Backend"", ""async I/O"", ""async-i-o"", ""eng"", ""python-backend"", ""software-engineering""]",INTERNAL,"[""employee"", ""engineer"", ""tech_lead"", ""architect""]",[],github,synthetic://software-engineering/ENG-000261,1.0,2024-04-08,2025-05-04,2024-04-20,,ACTIVE,True,Synthetic dataset generated for research/demo use,VALIDATED,,63fb372db459
ENG-000262,ENG-DATABASE-00221,,Postgresql Schema Changes — Global,"# Postgresql Schema Changes — Global

## Purpose
This document defines the approved operating model for PostgreSQL schema changes within Northstar Digital Services.

## Scope
Archived versions remain available for audit purposes but must not be used for new decisions. This version is the global baseline; country-specific documents may impose additional requirements.

## Requirements
- Postgresql Schema Changes must follow the current approved policy and ownership model. - Operational evidence for PostgreSQL schema changes should be retained according to the applicable retention schedule. - Exceptions involving PostgreSQL schema changes require documented approval from the responsible owner. - Teams should use standard tooling and published procedures when working with PostgreSQL schema changes.

## Controls
Changes affecting production require peer review, traceable evidence, and rollback instructions.

## Procedure
1. Confirm that the request concerns PostgreSQL schema changes.
2. Verify the relevant owner, country, environment, and current version.
3. Follow the approved workflow and capture evidence.
4. Escalate unresolved or exceptional cases to Developer Experience.

## Validation
Verify the current document version before acting.

## Version
Version 1.0. Status: ACTIVE.",Software Engineering,Shared Services,Databases,PostgreSQL schema changes,design_note,Developer Experience,Developer Experience,GLOBAL,Global,en,"[""databases"", ""eng"", ""postgresql-schema-changes"", ""software-engineering""]","[""Databases"", ""PostgreSQL schema changes"", ""databases"", ""eng"", ""postgresql-schema-changes"", ""software-engineering""]",EMPLOYEE,"[""employee"", ""engineer"", ""tech_lead"", ""architect""]",[],confluence,synthetic://software-engineering/ENG-000262,1.0,2024-10-31,2025-02-12,2024-11-18,,ACTIVE,True,Synthetic dataset generated for research/demo use,VALIDATED,,640d4ea745c9
ENG-000263,ENG-APIS-00222,,Openapi Contracts — Ireland,"# Openapi Contracts — Ireland

## Purpose
The standard exists to reduce inconsistent implementation, avoid repeated support effort, and provide an auditable source of truth.

## Scope
Archived versions remain available for audit purposes but must not be used for new decisions. This version applies to Ireland.

## Requirements
- Openapi Contracts must follow the current approved policy and ownership model. - Operational evidence for OpenAPI contracts should be retained according to the applicable retention schedule. - Exceptions involving OpenAPI contracts require documented approval from the responsible owner. - Teams should use standard tooling and published procedures when working with OpenAPI contracts.

## Controls
Sensitive information must follow the organisation's classification and least-privilege requirements.

## Procedure
1. Confirm that the request concerns OpenAPI contracts.
2. Verify the relevant owner, country, environment, and current version.
3. Follow the approved workflow and capture evidence.
4. Escalate unresolved or exceptional cases to Developer Experience.

## Validation
Do not bypass required controls simply to shorten resolution time.

## Version
Version 1.4. Status: ACTIVE.",Software Engineering,Enterprise Platforms,APIs,OpenAPI contracts,design_note,Developer Experience,Developer Experience,IE,Ireland,en,"[""apis"", ""eng"", ""openapi-contracts"", ""software-engineering""]","[""APIs"", ""OpenAPI contracts"", ""apis"", ""eng"", ""openapi-contracts"", ""software-engineering""]",INTERNAL,"[""employee"", ""engineer"", ""tech_lead"", ""architect""]",[],sharepoint,synthetic://software-engineering/ENG-000263,1.4,2023-01-28,2024-12-19,2023-03-26,,ACTIVE,True,Synthetic dataset generated for research/demo use,VALIDATED,,dfe61246efa0
ENG-000264,ENG-JAVA-SER-00223,,Gradle Builds — Ireland v1.2,"# Gradle Builds — Ireland v1.2

## Purpose
This document defines the approved operating model for Gradle builds within Northstar Digital Services.

## Scope
It applies to employees, contractors, and managed service teams where the stated scope is relevant. This version applies to Ireland.

## Requirements
- Gradle Builds must follow the current approved policy and ownership model. - Operational evidence for Gradle builds should be retained according to the applicable retention schedule. - Exceptions involving Gradle builds require documented approval from the responsible owner. - Teams should use standard tooling and published procedures when working with Gradle builds.

## Controls
Requests requiring elevated access must be approved by the designated owner and recorded in the enterprise service system.

## Procedure
1. Confirm that the request concerns Gradle builds.
2. Verify the relevant owner, country, environment, and current version.
3. Follow the approved workflow and capture evidence.
4. Escalate unresolved or exceptional cases to Backend Platform.

## Validation
If the procedure does not resolve the issue, escalate to the listed owner team with timestamps, identifiers, and evidence.

## Version
Version 1.2. Status: ARCHIVED. This document is archived and retained only for historical reference.",Software Engineering,Cloud & Security,Java Services,Gradle builds,api_guide,Backend Platform,Backend Platform,IE,Ireland,en,"[""eng"", ""gradle-builds"", ""java-services"", ""software-engineering""]","[""Gradle builds"", ""Java Services"", ""eng"", ""gradle-builds"", ""java-services"", ""software-engineering""]",INTERNAL,"[""employee"", ""engineer"", ""tech_lead"", ""architect""]",[],sharepoint,synthetic://software-engineering/ENG-000264,1.2,2023-09-24,2023-09-30,2023-11-14,2025-08-17,ARCHIVED,True,Synthetic dataset generated for research/demo use,VALIDATED,,d0a7ed9f022d
ENG-000265,ENG-JAVA-SER-00223,ENG-000264,Gradle Builds — Ireland v2.4,"# Gradle Builds — Ireland v2.4

## Purpose
Teams must apply this guidance when working with Gradle builds in production or employee-facing environments.

## Scope
It applies to employees, contractors, and managed service teams where the stated scope is relevant. This version applies to Ireland.

## Requirements
- Gradle Builds must follow the current approved policy and ownership model. - Operational evidence for Gradle builds should be retained according to the applicable retention schedule. - Exceptions involving Gradle builds require documented approval from the responsible owner. - Teams should use standard tooling and published procedures when working with Gradle builds.

## Controls
Changes affecting production require peer review, traceable evidence, and rollback instructions.

## Procedure
1. Confirm that the request concerns Gradle builds.
2. Verify the relevant owner, country, environment, and current version.
3. Follow the approved workflow and capture evidence.
4. Escalate unresolved or exceptional cases to Backend Platform.

## Validation
Do not bypass required controls simply to shorten resolution time.

## Version
Version 2.4. Status: ARCHIVED. This document is archived and retained only for historical reference.",Software Engineering,Enterprise Platforms,Java Services,Gradle builds,api_guide,Backend Platform,Backend Platform,IE,Ireland,en,"[""eng"", ""gradle-builds"", ""java-services"", ""software-engineering""]","[""Gradle builds"", ""Java Services"", ""eng"", ""gradle-builds"", ""java-services"", ""software-engineering""]",EMPLOYEE,"[""employee"", ""engineer"", ""tech_lead"", ""architect""]",[],servicenow,synthetic://software-engineering/ENG-000265,2.4,2023-10-05,2024-04-14,2023-10-27,,ARCHIVED,True,Synthetic dataset generated for research/demo use,VALIDATED,,8d52d777897a
ENG-000266,ENG-JAVA-SER-00223,ENG-000265,Gradle Builds — Ireland v3.2,"# Gradle Builds — Ireland v3.2

## Purpose
The standard exists to reduce inconsistent implementation, avoid repeated support effort, and provide an auditable source of truth.

## Scope
Archived versions remain available for audit purposes but must not be used for new decisions. This version applies to Ireland.

## Requirements
- Gradle Builds must follow the current approved policy and ownership model. - Operational evidence for Gradle builds should be retained according to the applicable retention schedule. - Exceptions involving Gradle builds require documented approval from the responsible owner. - Teams should use standard tooling and published procedures when working with Gradle builds.

## Controls
Sensitive information must follow the organisation's classification and least-privilege requirements.

## Procedure
1. Confirm that the request concerns Gradle builds.
2. Verify the relevant owner, country, environment, and current version.
3. Follow the approved workflow and capture evidence.
4. Escalate unresolved or exceptional cases to Backend Platform.

## Validation
If the procedure does not resolve the issue, escalate to the listed owner team with timestamps, identifiers, and evidence.

## Version
Version 3.2. Status: ACTIVE.",Software Engineering,Enterprise Platforms,Java Services,Gradle builds,api_guide,Backend Platform,Backend Platform,IE,Ireland,en,"[""eng"", ""gradle-builds"", ""java-services"", ""software-engineering""]","[""Gradle builds"", ""Java Services"", ""eng"", ""gradle-builds"", ""java-services"", ""software-engineering""]",INTERNAL,"[""employee"", ""engineer"", ""tech_lead"", ""architect""]",[],sharepoint,synthetic://software-engineering/ENG-000266,3.2,2023-01-16,2024-10-04,2023-02-01,,ACTIVE,True,Synthetic dataset generated for research/demo use,VALIDATED,,ed29f266d44b
ENG-000267,ENG-JAVA-SER-00224,,Java Runtime — India,"# Java Runtime — India

## Purpose
Teams must apply this guidance when working with Java runtime in production or employee-facing environments.

## Scope
Archived versions remain available for audit purposes but must not be used for new decisions. This version applies to India.

## Requirements
- Java Runtime must follow the current approved policy and ownership model. - Operational evidence for Java runtime should be retained according to the applicable retention schedule. - Exceptions involving Java runtime require documented approval from the responsible owner. - Teams should use standard tooling and published procedures when working with Java runtime.

## Controls
Requests requiring elevated access must be approved by the designated owner and recorded in the enterprise service system.

## Procedure
1. Confirm that the request concerns Java runtime.
2. Verify the relevant owner, country, environment, and current version.
3. Follow the approved workflow and capture evidence.
4. Escalate unresolved or exceptional cases to Data Platform.

## Validation
Verify the current document version before acting.

## Version
Version 1.2. Status: ACTIVE.",Software Engineering,Corporate Functions,Java Services,Java runtime,coding_standard,Data Platform,Data Platform,IN,India,en,"[""eng"", ""java-runtime"", ""java-services"", ""software-engineering""]","[""Java Services"", ""Java runtime"", ""eng"", ""java-runtime"", ""java-services"", ""software-engineering""]",INTERNAL,"[""employee"", ""engineer"", ""tech_lead"", ""architect""]",[],sharepoint,synthetic://software-engineering/ENG-000267,1.2,2024-05-18,2024-06-21,2024-06-28,,ACTIVE,True,Synthetic dataset generated for research/demo use,VALIDATED,,a61b8a6b9cf8
ENG-000268,ENG-APIS-00225,,Rest Versioning — Global v1.0,"# Rest Versioning — Global v1.0

## Purpose
This document defines the approved operating model for REST versioning within Northstar Digital Services.

## Scope
Archived versions remain available for audit purposes but must not be used for new decisions. This version is the global baseline; country-specific documents may impose additional requirements.

## Requirements
- Breaking changes require a new externally visible contract version. - Backward compatibility should be preserved where feasible. - Deprecated versions must publish a retirement schedule. - Breaking changes require a new externally visible contract version.

## Controls
Sensitive information must follow the organisation's classification and least-privilege requirements.

## Procedure
1. Confirm that the request concerns REST versioning.
2. Verify the relevant owner, country, environment, and current version.
3. Follow the approved workflow and capture evidence.
4. Escalate unresolved or exceptional cases to Developer Experience.

## Validation
Verify the current document version before acting.

## Version
Version 1.0. Status: ARCHIVED. This document is archived and retained only for historical reference.",Software Engineering,Cloud & Security,APIs,REST versioning,api_guide,Developer Experience,Developer Experience,GLOBAL,Global,en,"[""apis"", ""eng"", ""rest-versioning"", ""software-engineering""]","[""APIs"", ""REST versioning"", ""apis"", ""eng"", ""rest-versioning"", ""software-engineering""]",EMPLOYEE,"[""employee"", ""engineer"", ""tech_lead"", ""architect""]",[],hr_portal,synthetic://software-engineering/ENG-000268,1.0,2024-04-11,2024-09-16,2024-06-08,2026-06-13,ARCHIVED,True,Synthetic dataset generated for research/demo use,VALIDATED,,d1e8dcd552a3
ENG-000269,ENG-APIS-00225,ENG-000268,Rest Versioning — Global v2.0,"# Rest Versioning — Global v2.0

## Purpose
The standard exists to reduce inconsistent implementation, avoid repeated support effort, and provide an auditable source of truth.

## Scope
Archived versions remain available for audit purposes but must not be used for new decisions. This version is the global baseline; country-specific documents may impose additional requirements.

## Requirements
- Breaking changes require a new externally visible contract version. - Backward compatibility should be preserved where feasible. - Deprecated versions must publish a retirement schedule. - Breaking changes require a new externally visible contract version.

## Controls
Changes affecting production require peer review, traceable evidence, and rollback instructions.

## Procedure
1. Confirm that the request concerns REST versioning.
2. Verify the relevant owner, country, environment, and current version.
3. Follow the approved workflow and capture evidence.
4. Escalate unresolved or exceptional cases to Developer Experience.

## Validation
If the procedure does not resolve the issue, escalate to the listed owner team with timestamps, identifiers, and evidence.

## Version
Version 2.0. Status: ARCHIVED. This document is archived and retained only for historical reference.",Software Engineering,Digital Delivery,APIs,REST versioning,api_guide,Developer Experience,Developer Experience,GLOBAL,Global,en,"[""apis"", ""eng"", ""rest-versioning"", ""software-engineering""]","[""APIs"", ""REST versioning"", ""apis"", ""eng"", ""rest-versioning"", ""software-engineering""]",INTERNAL,"[""employee"", ""engineer"", ""tech_lead"", ""architect""]",[],servicenow,synthetic://software-engineering/ENG-000269,2.0,2023-08-01,2024-11-02,2023-08-26,2024-10-16,ARCHIVED,True,Synthetic dataset generated for research/demo use,VALIDATED,,e81016254265
ENG-000270,ENG-APIS-00225,ENG-000269,Rest Versioning — Global v3.3,"# Rest Versioning — Global v3.3

## Purpose
This document defines the approved operating model for REST versioning within Northstar Digital Services.

## Scope
Archived versions remain available for audit purposes but must not be used for new decisions. This version is the global baseline; country-specific documents may impose additional requirements.

## Requirements
- Breaking changes require a new externally visible contract version. - Backward compatibility should be preserved where feasible. - Deprecated versions must publish a retirement schedule. - Breaking changes require a new externally visible contract version.

## Controls
Sensitive information must follow the organisation's classification and least-privilege requirements.

## Procedure
1. Confirm that the request concerns REST versioning.
2. Verify the relevant owner, country, environment, and current version.
3. Follow the approved workflow and capture evidence.
4. Escalate unresolved or exceptional cases to Developer Experience.

## Validation
Verify the current document version before acting.

## Version
Version 3.3. Status: ACTIVE.",Software Engineering,Corporate Functions,APIs,REST versioning,api_guide,Developer Experience,Developer Experience,GLOBAL,Global,en,"[""apis"", ""eng"", ""rest-versioning"", ""software-engineering""]","[""APIs"", ""REST versioning"", ""apis"", ""eng"", ""rest-versioning"", ""software-engineering""]",INTERNAL,"[""employee"", ""engineer"", ""tech_lead"", ""architect""]",[],github,synthetic://software-engineering/ENG-000270,3.3,2026-01-24,2026-09-23,2026-03-06,,ACTIVE,True,Synthetic dataset generated for research/demo use,VALIDATED,,10cd37bd83d6
ENG-000271,ENG-DATABASE-00226,,Read Replicas — Global,"# Read Replicas — Global

## Purpose
Teams must apply this guidance when working with read replicas in production or employee-facing environments.

## Scope
It applies to employees, contractors, and managed service teams where the stated scope is relevant. This version is the global baseline; country-specific documents may impose additional requirements.

## Requirements
- Read Replicas must follow the current approved policy and ownership model. - Operational evidence for read replicas should be retained according to the applicable retention schedule. - Exceptions involving read replicas require documented approval from the responsible owner. - Teams should use standard tooling and published procedures when working with read replicas.

## Controls
Sensitive information must follow the organisation's classification and least-privilege requirements.

## Procedure
1. Confirm that the request concerns read replicas.
2. Verify the relevant owner, country, environment, and current version.
3. Follow the approved workflow and capture evidence.
4. Escalate unresolved or exceptional cases to Developer Experience.

## Validation
Do not bypass required controls simply to shorten resolution time.

## Version
Version 1.1. Status: ACTIVE.",Software Engineering,Shared Services,Databases,read replicas,migration_guide,Developer Experience,Developer Experience,GLOBAL,Global,en,"[""databases"", ""eng"", ""read-replicas"", ""software-engineering""]","[""Databases"", ""databases"", ""eng"", ""read replicas"", ""read-replicas"", ""software-engineering""]",EMPLOYEE,"[""employee"", ""engineer"", ""tech_lead"", ""architect""]",[],servicenow,synthetic://software-engineering/ENG-000271,1.1,2023-08-30,2024-12-10,2023-10-09,,ACTIVE,True,Synthetic dataset generated for research/demo use,VALIDATED,,6b242d3a34fb
ENG-000272,ENG-MESSAGIN-00227,,Dead-Letter Queues — Global,"# Dead-Letter Queues — Global

## Purpose
This document defines the approved operating model for dead-letter queues within Northstar Digital Services.

## Scope
Archived versions remain available for audit purposes but must not be used for new decisions. This version is the global baseline; country-specific documents may impose additional requirements.

## Requirements
- Dead-Letter Queues must follow the current approved policy and ownership model. - Operational evidence for dead-letter queues should be retained according to the applicable retention schedule. - Exceptions involving dead-letter queues require documented approval from the responsible owner. - Teams should use standard tooling and published procedures when working with dead-letter queues.

## Controls
Requests requiring elevated access must be approved by the designated owner and recorded in the enterprise service system.

## Procedure
1. Confirm that the request concerns dead-letter queues.
2. Verify the relevant owner, country, environment, and current version.
3. Follow the approved workflow and capture evidence.
4. Escalate unresolved or exceptional cases to Frontend Platform.

## Validation
Do not bypass required controls simply to shorten resolution time.

## Version
Version 1.2. Status: ACTIVE.",Software Engineering,Digital Delivery,Messaging,dead-letter queues,coding_standard,Frontend Platform,Frontend Platform,GLOBAL,Global,en,"[""dead-letter-queues"", ""eng"", ""messaging"", ""software-engineering""]","[""Messaging"", ""dead-letter queues"", ""dead-letter-queues"", ""eng"", ""messaging"", ""software-engineering""]",INTERNAL,"[""employee"", ""engineer"", ""tech_lead"", ""architect""]",[],confluence,synthetic://software-engineering/ENG-000272,1.2,2024-03-17,2024-12-27,2024-03-24,,ACTIVE,True,Synthetic dataset generated for research/demo use,VALIDATED,,6de4bfcabf0c
ENG-000273,ENG-PYTHON-B-00228,,Dependency Pinning — United States v1.2,"# Dependency Pinning — United States v1.2

## Purpose
This document defines the approved operating model for dependency pinning within Northstar Digital Services.

## Scope
Archived versions remain available for audit purposes but must not be used for new decisions. This version applies to United States.

## Requirements
- Dependency Pinning must follow the current approved policy and ownership model. - Operational evidence for dependency pinning should be retained according to the applicable retention schedule. - Exceptions involving dependency pinning require documented approval from the responsible owner. - Teams should use standard tooling and published procedures when working with dependency pinning.

## Controls
Changes affecting production require peer review, traceable evidence, and rollback instructions.

## Procedure
1. Confirm that the request concerns dependency pinning.
2. Verify the relevant owner, country, environment, and current version.
3. Follow the approved workflow and capture evidence.
4. Escalate unresolved or exceptional cases to Backend Platform.

## Validation
Do not bypass required controls simply to shorten resolution time.

## Version
Version 1.2. Status: ARCHIVED. This document is archived and retained only for historical reference.",Software Engineering,Digital Delivery,Python Backend,dependency pinning,api_guide,Backend Platform,Backend Platform,US,United States,en,"[""dependency-pinning"", ""eng"", ""python-backend"", ""software-engineering""]","[""Python Backend"", ""dependency pinning"", ""dependency-pinning"", ""eng"", ""python-backend"", ""software-engineering""]",INTERNAL,"[""employee"", ""engineer"", ""tech_lead"", ""architect""]",[],sharepoint,synthetic://software-engineering/ENG-000273,1.2,2026-02-17,2026-09-23,2026-03-28,2026-09-30,ARCHIVED,True,Synthetic dataset generated for research/demo use,VALIDATED,,cf31776b0e22
ENG-000274,ENG-PYTHON-B-00228,ENG-000273,Dependency Pinning — United States v2.1,"# Dependency Pinning — United States v2.1

## Purpose
The standard exists to reduce inconsistent implementation, avoid repeated support effort, and provide an auditable source of truth.

## Scope
Archived versions remain available for audit purposes but must not be used for new decisions. This version applies to United States.

## Requirements
- Dependency Pinning must follow the current approved policy and ownership model. - Operational evidence for dependency pinning should be retained according to the applicable retention schedule. - Exceptions involving dependency pinning require documented approval from the responsible owner. - Teams should use standard tooling and published procedures when working with dependency pinning.

## Controls
Requests requiring elevated access must be approved by the designated owner and recorded in the enterprise service system.

## Procedure
1. Confirm that the request concerns dependency pinning.
2. Verify the relevant owner, country, environment, and current version.
3. Follow the approved workflow and capture evidence.
4. Escalate unresolved or exceptional cases to Backend Platform.

## Validation
Verify the current document version before acting.

## Version
Version 2.1. Status: ARCHIVED. This document is archived and retained only for historical reference.",Software Engineering,Corporate Functions,Python Backend,dependency pinning,api_guide,Backend Platform,Backend Platform,US,United States,en,"[""dependency-pinning"", ""eng"", ""python-backend"", ""software-engineering""]","[""Python Backend"", ""dependency pinning"", ""dependency-pinning"", ""eng"", ""python-backend"", ""software-engineering""]",EMPLOYEE,"[""employee"", ""engineer"", ""tech_lead"", ""architect""]",[],confluence,synthetic://software-engineering/ENG-000274,2.1,2023-11-23,2025-01-11,2023-12-12,2025-07-06,ARCHIVED,True,Synthetic dataset generated for research/demo use,VALIDATED,,2247578fd687
ENG-000275,ENG-PYTHON-B-00228,ENG-000274,Dependency Pinning — United States v3.1,"# Dependency Pinning — United States v3.1

## Purpose
The standard exists to reduce inconsistent implementation, avoid repeated support effort, and provide an auditable source of truth.

## Scope
Archived versions remain available for audit purposes but must not be used for new decisions. This version applies to United States.

## Requirements
- Dependency Pinning must follow the current approved policy and ownership model. - Operational evidence for dependency pinning should be retained according to the applicable retention schedule. - Exceptions involving dependency pinning require documented approval from the responsible owner. - Teams should use standard tooling and published procedures when working with dependency pinning.

## Controls
Requests requiring elevated access must be approved by the designated owner and recorded in the enterprise service system.

## Procedure
1. Confirm that the request concerns dependency pinning.
2. Verify the relevant owner, country, environment, and current version.
3. Follow the approved workflow and capture evidence.
4. Escalate unresolved or exceptional cases to Backend Platform.

## Validation
Do not bypass required controls simply to shorten resolution time.

## Version
Version 3.1. Status: ACTIVE.",Software Engineering,Shared Services,Python Backend,dependency pinning,api_guide,Backend Platform,Backend Platform,US,United States,en,"[""dependency-pinning"", ""eng"", ""python-backend"", ""software-engineering""]","[""Python Backend"", ""dependency pinning"", ""dependency-pinning"", ""eng"", ""python-backend"", ""software-engineering""]",EMPLOYEE,"[""employee"", ""engineer"", ""tech_lead"", ""architect""]",[],github,synthetic://software-engineering/ENG-000275,3.1,2024-03-25,2025-10-08,2024-04-18,,ACTIVE,True,Synthetic dataset generated for research/demo use,VALIDATED,,89693fda009d
ENG-000276,ENG-PYTHON-B-00229,,Async I/O — United States,"# Async I/O — United States

## Purpose
This document defines the approved operating model for async I/O within Northstar Digital Services.

## Scope
Country-specific and role-specific exceptions override the global baseline only when explicitly documented. This version applies to United States.

## Requirements
- Async I/O must follow the current approved policy and ownership model. - Operational evidence for async I/O should be retained according to the applicable retention schedule. - Exceptions involving async I/O require documented approval from the responsible owner. - Teams should use standard tooling and published procedures when working with async I/O.

## Controls
Requests requiring elevated access must be approved by the designated owner and recorded in the enterprise service system.

## Procedure
1. Confirm that the request concerns async I/O.
2. Verify the relevant owner, country, environment, and current version.
3. Follow the approved workflow and capture evidence.
4. Escalate unresolved or exceptional cases to Backend Platform.

## Validation
If the procedure does not resolve the issue, escalate to the listed owner team with timestamps, identifiers, and evidence.

## Version
Version 1.0. Status: ACTIVE.",Software Engineering,Shared Services,Python Backend,async I/O,migration_guide,Backend Platform,Backend Platform,US,United States,en,"[""async-i-o"", ""eng"", ""python-backend"", ""software-engineering""]","[""Python Backend"", ""async I/O"", ""async-i-o"", ""eng"", ""python-backend"", ""software-engineering""]",INTERNAL,"[""employee"", ""engineer"", ""tech_lead"", ""architect""]",[],sharepoint,synthetic://software-engineering/ENG-000276,1.0,2025-01-12,2025-07-05,2025-01-16,,ACTIVE,True,Synthetic dataset generated for research/demo use,VALIDATED,,5e793eb974bf
ENG-000277,ENG-FRONTEND-00230,,Performance Budgets — Global v1.0,"# Performance Budgets — Global v1.0

## Purpose
Teams must apply this guidance when working with performance budgets in production or employee-facing environments.

## Scope
It applies to employees, contractors, and managed service teams where the stated scope is relevant. This version is the global baseline; country-specific documents may impose additional requirements.

## Requirements
- Performance Budgets must follow the current approved policy and ownership model. - Operational evidence for performance budgets should be retained according to the applicable retention schedule. - Exceptions involving performance budgets require documented approval from the responsible owner. - Teams should use standard tooling and published procedures when working with performance budgets.

## Controls
Changes affecting production require peer review, traceable evidence, and rollback instructions.

## Procedure
1. Confirm that the request concerns performance budgets.
2. Verify the relevant owner, country, environment, and current version.
3. Follow the approved workflow and capture evidence.
4. Escalate unresolved or exceptional cases to Frontend Platform.

## Validation
Do not bypass required controls simply to shorten resolution time.

## Version
Version 1.0. Status: ARCHIVED. This document is archived and retained only for historical reference.",Software Engineering,Enterprise Platforms,Frontend,performance budgets,api_guide,Frontend Platform,Frontend Platform,GLOBAL,Global,en,"[""eng"", ""frontend"", ""performance-budgets"", ""software-engineering""]","[""Frontend"", ""eng"", ""frontend"", ""performance budgets"", ""performance-budgets"", ""software-engineering""]",INTERNAL,"[""employee"", ""engineer"", ""tech_lead"", ""architect""]",[],sharepoint,synthetic://software-engineering/ENG-000277,1.0,2023-04-03,2023-08-22,2023-05-31,,ARCHIVED,True,Synthetic dataset generated for research/demo use,VALIDATED,,2ad6c47a8c43
ENG-000278,ENG-FRONTEND-00230,ENG-000277,Performance Budgets — Global v2.1,"# Performance Budgets — Global v2.1

## Purpose
This document defines the approved operating model for performance budgets within Northstar Digital Services.

## Scope
Archived versions remain available for audit purposes but must not be used for new decisions. This version is the global baseline; country-specific documents may impose additional requirements.

## Requirements
- Performance Budgets must follow the current approved policy and ownership model. - Operational evidence for performance budgets should be retained according to the applicable retention schedule. - Exceptions involving performance budgets require documented approval from the responsible owner. - Teams should use standard tooling and published procedures when working with performance budgets.

## Controls
Changes affecting production require peer review, traceable evidence, and rollback instructions.

## Procedure
1. Confirm that the request concerns performance budgets.
2. Verify the relevant owner, country, environment, and current version.
3. Follow the approved workflow and capture evidence.
4. Escalate unresolved or exceptional cases to Frontend Platform.

## Validation
Do not bypass required controls simply to shorten resolution time.

## Version
Version 2.1. Status: ARCHIVED. This document is archived and retained only for historical reference.",Software Engineering,Digital Delivery,Frontend,performance budgets,api_guide,Frontend Platform,Frontend Platform,GLOBAL,Global,en,"[""eng"", ""frontend"", ""performance-budgets"", ""software-engineering""]","[""Frontend"", ""eng"", ""frontend"", ""performance budgets"", ""performance-budgets"", ""software-engineering""]",INTERNAL,"[""employee"", ""engineer"", ""tech_lead"", ""architect""]",[],github,synthetic://software-engineering/ENG-000278,2.1,2024-04-12,2025-01-13,2024-06-09,2025-05-29,ARCHIVED,True,Synthetic dataset generated for research/demo use,VALIDATED,,436d9bbfb3ba
ENG-000279,ENG-FRONTEND-00230,ENG-000278,Performance Budgets — Global v3.3,"# Performance Budgets — Global v3.3

## Purpose
The standard exists to reduce inconsistent implementation, avoid repeated support effort, and provide an auditable source of truth.

## Scope
Country-specific and role-specific exceptions override the global baseline only when explicitly documented. This version is the global baseline; country-specific documents may impose additional requirements.

## Requirements
- Performance Budgets must follow the current approved policy and ownership model. - Operational evidence for performance budgets should be retained according to the applicable retention schedule. - Exceptions involving performance budgets require documented approval from the responsible owner. - Teams should use standard tooling and published procedures when working with performance budgets.

## Controls
Changes affecting production require peer review, traceable evidence, and rollback instructions.

## Procedure
1. Confirm that the request concerns performance budgets.
2. Verify the relevant owner, country, environment, and current version.
3. Follow the approved workflow and capture evidence.
4. Escalate unresolved or exceptional cases to Frontend Platform.

## Validation
Verify the current document version before acting.

## Version
Version 3.3. Status: ACTIVE.",Software Engineering,Digital Delivery,Frontend,performance budgets,api_guide,Frontend Platform,Frontend Platform,GLOBAL,Global,en,"[""eng"", ""frontend"", ""performance-budgets"", ""software-engineering""]","[""Frontend"", ""eng"", ""frontend"", ""performance budgets"", ""performance-budgets"", ""software-engineering""]",INTERNAL,"[""employee"", ""engineer"", ""tech_lead"", ""architect""]",[],google_drive,synthetic://software-engineering/ENG-000279,3.3,2025-08-23,2026-09-23,2025-09-24,,ACTIVE,True,Synthetic dataset generated for research/demo use,VALIDATED,,7ec43dab7929
ENG-000280,ENG-DATABASE-00231,,Transaction Boundaries — United States,"# Transaction Boundaries — United States

## Purpose
The standard exists to reduce inconsistent implementation, avoid repeated support effort, and provide an auditable source of truth.

## Scope
Archived versions remain available for audit purposes but must not be used for new decisions. This version applies to United States.

## Requirements
- Transaction Boundaries must follow the current approved policy and ownership model. - Operational evidence for transaction boundaries should be retained according to the applicable retention schedule. - Exceptions involving transaction boundaries require documented approval from the responsible owner. - Teams should use standard tooling and published procedures when working with transaction boundaries.

## Controls
Changes affecting production require peer review, traceable evidence, and rollback instructions.

## Procedure
1. Confirm that the request concerns transaction boundaries.
2. Verify the relevant owner, country, environment, and current version.
3. Follow the approved workflow and capture evidence.
4. Escalate unresolved or exceptional cases to Backend Platform.

## Validation
If the procedure does not resolve the issue, escalate to the listed owner team with timestamps, identifiers, and evidence.

## Version
Version 1.2. Status: ACTIVE.",Software Engineering,Cloud & Security,Databases,transaction boundaries,api_guide,Backend Platform,Backend Platform,US,United States,en,"[""databases"", ""eng"", ""software-engineering"", ""transaction-boundaries""]","[""Databases"", ""databases"", ""eng"", ""software-engineering"", ""transaction boundaries"", ""transaction-boundaries""]",EMPLOYEE,"[""employee"", ""engineer"", ""tech_lead"", ""architect""]",[],sharepoint,synthetic://software-engineering/ENG-000280,1.2,2025-06-06,2026-09-23,2025-07-29,,ACTIVE,True,Synthetic dataset generated for research/demo use,VALIDATED,,28ad53dc6d6b
ENG-000281,ENG-MESSAGIN-00232,,Kafka Event Design — Global v1.2,"# Kafka Event Design — Global v1.2

## Purpose
This document defines the approved operating model for Kafka event design within Northstar Digital Services.

## Scope
Country-specific and role-specific exceptions override the global baseline only when explicitly documented. This version is the global baseline; country-specific documents may impose additional requirements.

## Requirements
- Kafka Event Design must follow the current approved policy and ownership model. - Operational evidence for Kafka event design should be retained according to the applicable retention schedule. - Exceptions involving Kafka event design require documented approval from the responsible owner. - Teams should use standard tooling and published procedures when working with Kafka event design.

## Controls
Changes affecting production require peer review, traceable evidence, and rollback instructions.

## Procedure
1. Confirm that the request concerns Kafka event design.
2. Verify the relevant owner, country, environment, and current version.
3. Follow the approved workflow and capture evidence.
4. Escalate unresolved or exceptional cases to Backend Platform.

## Validation
Do not bypass required controls simply to shorten resolution time.

## Version
Version 1.2. Status: ARCHIVED. This document is archived and retained only for historical reference.",Software Engineering,Shared Services,Messaging,Kafka event design,design_note,Backend Platform,Backend Platform,GLOBAL,Global,en,"[""eng"", ""kafka-event-design"", ""messaging"", ""software-engineering""]","[""Kafka event design"", ""Messaging"", ""eng"", ""kafka-event-design"", ""messaging"", ""software-engineering""]",INTERNAL,"[""employee"", ""engineer"", ""tech_lead"", ""architect""]",[],sharepoint,synthetic://software-engineering/ENG-000281,1.2,2025-03-18,2026-09-23,2025-04-08,2026-06-17,ARCHIVED,True,Synthetic dataset generated for research/demo use,VALIDATED,,8958544a0be9
ENG-000282,ENG-MESSAGIN-00232,ENG-000281,Kafka Event Design — Global v2.2,"# Kafka Event Design — Global v2.2

## Purpose
This document defines the approved operating model for Kafka event design within Northstar Digital Services.

## Scope
It applies to employees, contractors, and managed service teams where the stated scope is relevant. This version is the global baseline; country-specific documents may impose additional requirements.

## Requirements
- Kafka Event Design must follow the current approved policy and ownership model. - Operational evidence for Kafka event design should be retained according to the applicable retention schedule. - Exceptions involving Kafka event design require documented approval from the responsible owner. - Teams should use standard tooling and published procedures when working with Kafka event design.

## Controls
Sensitive information must follow the organisation's classification and least-privilege requirements.

## Procedure
1. Confirm that the request concerns Kafka event design.
2. Verify the relevant owner, country, environment, and current version.
3. Follow the approved workflow and capture evidence.
4. Escalate unresolved or exceptional cases to Backend Platform.

## Validation
Verify the current document version before acting.

## Version
Version 2.2. Status: ARCHIVED. This document is archived and retained only for historical reference.",Software Engineering,Shared Services,Messaging,Kafka event design,design_note,Backend Platform,Backend Platform,GLOBAL,Global,en,"[""eng"", ""kafka-event-design"", ""messaging"", ""software-engineering""]","[""Kafka event design"", ""Messaging"", ""eng"", ""kafka-event-design"", ""messaging"", ""software-engineering""]",INTERNAL,"[""employee"", ""engineer"", ""tech_lead"", ""architect""]",[],sharepoint,synthetic://software-engineering/ENG-000282,2.2,2023-09-21,2024-11-04,2023-10-04,2026-01-01,ARCHIVED,True,Synthetic dataset generated for research/demo use,VALIDATED,,9c24af1dd528
ENG-000283,ENG-MESSAGIN-00232,ENG-000282,Kafka Event Design — Global v3.4,"# Kafka Event Design — Global v3.4

## Purpose
Teams must apply this guidance when working with Kafka event design in production or employee-facing environments.

## Scope
It applies to employees, contractors, and managed service teams where the stated scope is relevant. This version is the global baseline; country-specific documents may impose additional requirements.

## Requirements
- Kafka Event Design must follow the current approved policy and ownership model. - Operational evidence for Kafka event design should be retained according to the applicable retention schedule. - Exceptions involving Kafka event design require documented approval from the responsible owner. - Teams should use standard tooling and published procedures when working with Kafka event design.

## Controls
Sensitive information must follow the organisation's classification and least-privilege requirements.

## Procedure
1. Confirm that the request concerns Kafka event design.
2. Verify the relevant owner, country, environment, and current version.
3. Follow the approved workflow and capture evidence.
4. Escalate unresolved or exceptional cases to Backend Platform.

## Validation
Do not bypass required controls simply to shorten resolution time.

## Version
Version 3.4. Status: ACTIVE.",Software Engineering,Enterprise Platforms,Messaging,Kafka event design,design_note,Backend Platform,Backend Platform,GLOBAL,Global,en,"[""eng"", ""kafka-event-design"", ""messaging"", ""software-engineering""]","[""Kafka event design"", ""Messaging"", ""eng"", ""kafka-event-design"", ""messaging"", ""software-engineering""]",INTERNAL,"[""employee"", ""engineer"", ""tech_lead"", ""architect""]",[],github,synthetic://software-engineering/ENG-000283,3.4,2025-08-12,2026-06-20,2025-09-07,,ACTIVE,True,Synthetic dataset generated for research/demo use,VALIDATED,,ee33eb055c05
ENG-000284,ENG-MESSAGIN-00233,,Schema Evolution — Global,"# Schema Evolution — Global

## Purpose
This document defines the approved operating model for schema evolution within Northstar Digital Services.

## Scope
It applies to employees, contractors, and managed service teams where the stated scope is relevant. This version is the global baseline; country-specific documents may impose additional requirements.

## Requirements
- Schema Evolution must follow the current approved policy and ownership model. - Operational evidence for schema evolution should be retained according to the applicable retention schedule. - Exceptions involving schema evolution require documented approval from the responsible owner. - Teams should use standard tooling and published procedures when working with schema evolution.

## Controls
Changes affecting production require peer review, traceable evidence, and rollback instructions.

## Procedure
1. Confirm that the request concerns schema evolution.
2. Verify the relevant owner, country, environment, and current version.
3. Follow the approved workflow and capture evidence.
4. Escalate unresolved or exceptional cases to Architecture Guild.

## Validation
Do not bypass required controls simply to shorten resolution time.

## Version
Version 1.2. Status: ACTIVE.",Software Engineering,Corporate Functions,Messaging,schema evolution,design_note,Architecture Guild,Architecture Guild,GLOBAL,Global,en,"[""eng"", ""messaging"", ""schema-evolution"", ""software-engineering""]","[""Messaging"", ""eng"", ""messaging"", ""schema evolution"", ""schema-evolution"", ""software-engineering""]",INTERNAL,"[""employee"", ""engineer"", ""tech_lead"", ""architect""]",[],confluence,synthetic://software-engineering/ENG-000284,1.2,2024-11-11,2026-09-03,2024-11-30,,ACTIVE,True,Synthetic dataset generated for research/demo use,VALIDATED,,c60a457f4e3d
ENG-000285,ENG-TESTING-00234,,Coverage Policy — India,"# Coverage Policy — India

## Purpose
Teams must apply this guidance when working with coverage policy in production or employee-facing environments.

## Scope
Archived versions remain available for audit purposes but must not be used for new decisions. This version applies to India.

## Requirements
- Coverage Policy must follow the current approved policy and ownership model. - Operational evidence for coverage policy should be retained according to the applicable retention schedule. - Exceptions involving coverage policy require documented approval from the responsible owner. - Teams should use standard tooling and published procedures when working with coverage policy.

## Controls
Sensitive information must follow the organisation's classification and least-privilege requirements.

## Procedure
1. Confirm that the request concerns coverage policy.
2. Verify the relevant owner, country, environment, and current version.
3. Follow the approved workflow and capture evidence.
4. Escalate unresolved or exceptional cases to Data Platform.

## Validation
Verify the current document version before acting.

## Version
Version 1.2. Status: ACTIVE.",Software Engineering,Enterprise Platforms,Testing,coverage policy,known_issue,Data Platform,Data Platform,IN,India,en,"[""coverage-policy"", ""eng"", ""software-engineering"", ""testing""]","[""Testing"", ""coverage policy"", ""coverage-policy"", ""eng"", ""software-engineering"", ""testing""]",INTERNAL,"[""employee"", ""engineer"", ""tech_lead"", ""architect""]",[],sharepoint,synthetic://software-engineering/ENG-000285,1.2,2024-08-02,2026-01-26,2024-09-21,,ACTIVE,True,Synthetic dataset generated for research/demo use,VALIDATED,,27db18a46c3a
ENG-000286,ENG-ARCHITEC-00235,,Adr Process — United States,"# Adr Process — United States

## Purpose
Teams must apply this guidance when working with ADR process in production or employee-facing environments.

## Scope
Archived versions remain available for audit purposes but must not be used for new decisions. This version applies to United States.

## Requirements
- Adr Process must follow the current approved policy and ownership model. - Operational evidence for ADR process should be retained according to the applicable retention schedule. - Exceptions involving ADR process require documented approval from the responsible owner. - Teams should use standard tooling and published procedures when working with ADR process.

## Controls
Changes affecting production require peer review, traceable evidence, and rollback instructions.

## Procedure
1. Confirm that the request concerns ADR process.
2. Verify the relevant owner, country, environment, and current version.
3. Follow the approved workflow and capture evidence.
4. Escalate unresolved or exceptional cases to Data Platform.

## Validation
If the procedure does not resolve the issue, escalate to the listed owner team with timestamps, identifiers, and evidence.

## Version
Version 1.1. Status: ACTIVE.",Software Engineering,Digital Delivery,Architecture,ADR process,coding_standard,Data Platform,Data Platform,US,United States,en,"[""adr-process"", ""architecture"", ""eng"", ""software-engineering""]","[""ADR process"", ""Architecture"", ""adr-process"", ""architecture"", ""eng"", ""software-engineering""]",EMPLOYEE,"[""employee"", ""engineer"", ""tech_lead"", ""architect""]",[],servicenow,synthetic://software-engineering/ENG-000286,1.1,2026-01-04,2026-09-23,2026-02-11,,ACTIVE,True,Synthetic dataset generated for research/demo use,VALIDATED,,11a8efba29e9
ENG-000287,ENG-TESTING-00236,,Contract Testing — Singapore,"# Contract Testing — Singapore

## Purpose
The standard exists to reduce inconsistent implementation, avoid repeated support effort, and provide an auditable source of truth.

## Scope
Country-specific and role-specific exceptions override the global baseline only when explicitly documented. This version applies to Singapore.

## Requirements
- Contract Testing must follow the current approved policy and ownership model. - Operational evidence for contract testing should be retained according to the applicable retention schedule. - Exceptions involving contract testing require documented approval from the responsible owner. - Teams should use standard tooling and published procedures when working with contract testing.

## Controls
Requests requiring elevated access must be approved by the designated owner and recorded in the enterprise service system.

## Procedure
1. Confirm that the request concerns contract testing.
2. Verify the relevant owner, country, environment, and current version.
3. Follow the approved workflow and capture evidence.
4. Escalate unresolved or exceptional cases to Data Platform.

## Validation
Do not bypass required controls simply to shorten resolution time.

## Version
Version 1.1. Status: ACTIVE.",Software Engineering,Cloud & Security,Testing,contract testing,coding_standard,Data Platform,Data Platform,SG,Singapore,en,"[""contract-testing"", ""eng"", ""software-engineering"", ""testing""]","[""Testing"", ""contract testing"", ""contract-testing"", ""eng"", ""software-engineering"", ""testing""]",INTERNAL,"[""employee"", ""engineer"", ""tech_lead"", ""architect""]",[],github,synthetic://software-engineering/ENG-000287,1.1,2025-06-05,2026-03-04,2025-07-07,,ACTIVE,True,Synthetic dataset generated for research/demo use,VALIDATED,,2467c7e4eec6
ENG-000288,ENG-PYTHON-B-00237,,Python Runtime — Global,"# Python Runtime — Global

## Purpose
Teams must apply this guidance when working with Python runtime in production or employee-facing environments.

## Scope
Country-specific and role-specific exceptions override the global baseline only when explicitly documented. This version is the global baseline; country-specific documents may impose additional requirements.

## Requirements
- Supported runtime versions are centrally maintained. - Unsupported runtimes must not be introduced into new production services. - Upgrade plans are required before end-of-support. - Supported runtime versions are centrally maintained.

## Controls
Changes affecting production require peer review, traceable evidence, and rollback instructions.

## Procedure
1. Confirm that the request concerns Python runtime.
2. Verify the relevant owner, country, environment, and current version.
3. Follow the approved workflow and capture evidence.
4. Escalate unresolved or exceptional cases to Backend Platform.

## Validation
If the procedure does not resolve the issue, escalate to the listed owner team with timestamps, identifiers, and evidence.

## Version
Version 1.3. Status: DRAFT.  This document is a draft and must not be treated as an approved source of policy.",Software Engineering,Corporate Functions,Python Backend,Python runtime,migration_guide,Backend Platform,Backend Platform,GLOBAL,Global,en,"[""eng"", ""python-backend"", ""python-runtime"", ""software-engineering""]","[""Python Backend"", ""Python runtime"", ""eng"", ""python-backend"", ""python-runtime"", ""software-engineering""]",INTERNAL,"[""employee"", ""engineer"", ""tech_lead"", ""architect""]",[],google_drive,synthetic://software-engineering/ENG-000288,1.3,2025-04-01,2025-05-17,2025-05-04,2026-08-11,DRAFT,True,Synthetic dataset generated for research/demo use,VALIDATED,,d9223a7c1450
ENG-000289,ENG-APIS-00238,,Pagination — Australia,"# Pagination — Australia

## Purpose
This document defines the approved operating model for pagination within Northstar Digital Services.

## Scope
It applies to employees, contractors, and managed service teams where the stated scope is relevant. This version applies to Australia.

## Requirements
- Pagination must follow the current approved policy and ownership model. - Operational evidence for pagination should be retained according to the applicable retention schedule. - Exceptions involving pagination require documented approval from the responsible owner. - Teams should use standard tooling and published procedures when working with pagination.

## Controls
Sensitive information must follow the organisation's classification and least-privilege requirements.

## Procedure
1. Confirm that the request concerns pagination.
2. Verify the relevant owner, country, environment, and current version.
3. Follow the approved workflow and capture evidence.
4. Escalate unresolved or exceptional cases to Architecture Guild.

## Validation
Verify the current document version before acting.

## Version
Version 1.4. Status: ACTIVE.",Software Engineering,Enterprise Platforms,APIs,pagination,coding_standard,Architecture Guild,Architecture Guild,AU,Australia,en,"[""apis"", ""eng"", ""pagination"", ""software-engineering""]","[""APIs"", ""apis"", ""eng"", ""pagination"", ""software-engineering""]",EMPLOYEE,"[""employee"", ""engineer"", ""tech_lead"", ""architect""]",[],servicenow,synthetic://software-engineering/ENG-000289,1.4,2023-03-14,2023-07-28,2023-04-17,,ACTIVE,True,Synthetic dataset generated for research/demo use,VALIDATED,,0012c3c1d1d7
ENG-000290,ENG-APIS-00239,,Openapi Contracts — Global,"# Openapi Contracts — Global

## Purpose
This document defines the approved operating model for OpenAPI contracts within Northstar Digital Services.

## Scope
It applies to employees, contractors, and managed service teams where the stated scope is relevant. This version is the global baseline; country-specific documents may impose additional requirements.

## Requirements
- Openapi Contracts must follow the current approved policy and ownership model. - Operational evidence for OpenAPI contracts should be retained according to the applicable retention schedule. - Exceptions involving OpenAPI contracts require documented approval from the responsible owner. - Teams should use standard tooling and published procedures when working with OpenAPI contracts.

## Controls
Changes affecting production require peer review, traceable evidence, and rollback instructions.

## Procedure
1. Confirm that the request concerns OpenAPI contracts.
2. Verify the relevant owner, country, environment, and current version.
3. Follow the approved workflow and capture evidence.
4. Escalate unresolved or exceptional cases to Backend Platform.

## Validation
Do not bypass required controls simply to shorten resolution time.

## Version
Version 1.3. Status: ACTIVE.",Software Engineering,Shared Services,APIs,OpenAPI contracts,migration_guide,Backend Platform,Backend Platform,GLOBAL,Global,en,"[""apis"", ""eng"", ""openapi-contracts"", ""software-engineering""]","[""APIs"", ""OpenAPI contracts"", ""apis"", ""eng"", ""openapi-contracts"", ""software-engineering""]",INTERNAL,"[""employee"", ""engineer"", ""tech_lead"", ""architect""]",[],google_drive,synthetic://software-engineering/ENG-000290,1.3,2026-08-30,2026-09-23,2026-09-16,,ACTIVE,True,Synthetic dataset generated for research/demo use,VALIDATED,,1ae6a9c7de25
ENG-000291,ENG-ARCHITEC-00240,,Backpressure — India,"# Backpressure — India

## Purpose
Teams must apply this guidance when working with backpressure in production or employee-facing environments.

## Scope
It applies to employees, contractors, and managed service teams where the stated scope is relevant. This version applies to India.

## Requirements
- Backpressure must follow the current approved policy and ownership model. - Operational evidence for backpressure should be retained according to the applicable retention schedule. - Exceptions involving backpressure require documented approval from the responsible owner. - Teams should use standard tooling and published procedures when working with backpressure.

## Controls
Sensitive information must follow the organisation's classification and least-privilege requirements.

## Procedure
1. Confirm that the request concerns backpressure.
2. Verify the relevant owner, country, environment, and current version.
3. Follow the approved workflow and capture evidence.
4. Escalate unresolved or exceptional cases to Frontend Platform.

## Validation
If the procedure does not resolve the issue, escalate to the listed owner team with timestamps, identifiers, and evidence.

## Version
Version 1.2. Status: ACTIVE.",Software Engineering,Shared Services,Architecture,backpressure,architecture_decision_record,Frontend Platform,Frontend Platform,IN,India,en,"[""architecture"", ""backpressure"", ""eng"", ""software-engineering""]","[""Architecture"", ""architecture"", ""backpressure"", ""eng"", ""software-engineering""]",INTERNAL,"[""employee"", ""engineer"", ""tech_lead"", ""architect""]",[],confluence,synthetic://software-engineering/ENG-000291,1.2,2026-02-25,2026-09-23,2026-04-11,,ACTIVE,True,Synthetic dataset generated for research/demo use,VALIDATED,,16ca468cf004
ENG-000292,ENG-APIS-00241,,Error Envelopes — United Kingdom,"# Error Envelopes — United Kingdom

## Purpose
The standard exists to reduce inconsistent implementation, avoid repeated support effort, and provide an auditable source of truth.

## Scope
Country-specific and role-specific exceptions override the global baseline only when explicitly documented. This version applies to United Kingdom.

## Requirements
- Error Envelopes must follow the current approved policy and ownership model. - Operational evidence for error envelopes should be retained according to the applicable retention schedule. - Exceptions involving error envelopes require documented approval from the responsible owner. - Teams should use standard tooling and published procedures when working with error envelopes.

## Controls
Sensitive information must follow the organisation's classification and least-privilege requirements.

## Procedure
1. Confirm that the request concerns error envelopes.
2. Verify the relevant owner, country, environment, and current version.
3. Follow the approved workflow and capture evidence.
4. Escalate unresolved or exceptional cases to Backend Platform.

## Validation
Do not bypass required controls simply to shorten resolution time.

## Version
Version 1.4. Status: ACTIVE.",Software Engineering,Digital Delivery,APIs,error envelopes,coding_standard,Backend Platform,Backend Platform,UK,United Kingdom,en,"[""apis"", ""eng"", ""error-envelopes"", ""software-engineering""]","[""APIs"", ""apis"", ""eng"", ""error envelopes"", ""error-envelopes"", ""software-engineering""]",INTERNAL,"[""employee"", ""engineer"", ""tech_lead"", ""architect""]",[],confluence,synthetic://software-engineering/ENG-000292,1.4,2025-07-18,2026-09-23,2025-09-07,,ACTIVE,True,Synthetic dataset generated for research/demo use,VALIDATED,,9328b31b4a8a
ENG-000293,ENG-PYTHON-B-00242,,Python Runtime — Ireland v1.4,"# Python Runtime — Ireland v1.4

## Purpose
Teams must apply this guidance when working with Python runtime in production or employee-facing environments.

## Scope
Archived versions remain available for audit purposes but must not be used for new decisions. This version applies to Ireland.

## Requirements
- Supported runtime versions are centrally maintained. - Unsupported runtimes must not be introduced into new production services. - Upgrade plans are required before end-of-support. - Supported runtime versions are centrally maintained.

## Controls
Requests requiring elevated access must be approved by the designated owner and recorded in the enterprise service system.

## Procedure
1. Confirm that the request concerns Python runtime.
2. Verify the relevant owner, country, environment, and current version.
3. Follow the approved workflow and capture evidence.
4. Escalate unresolved or exceptional cases to Frontend Platform.

## Validation
Verify the current document version before acting.

## Version
Version 1.4. Status: ARCHIVED. This document is archived and retained only for historical reference.",Software Engineering,Shared Services,Python Backend,Python runtime,architecture_decision_record,Frontend Platform,Frontend Platform,IE,Ireland,en,"[""eng"", ""python-backend"", ""python-runtime"", ""software-engineering""]","[""Python Backend"", ""Python runtime"", ""eng"", ""python-backend"", ""python-runtime"", ""software-engineering""]",EMPLOYEE,"[""employee"", ""engineer"", ""tech_lead"", ""architect""]",[],sharepoint,synthetic://software-engineering/ENG-000293,1.4,2024-02-27,2024-04-28,2024-04-18,2026-06-09,ARCHIVED,True,Synthetic dataset generated for research/demo use,VALIDATED,,1a558bbfc39b
ENG-000294,ENG-PYTHON-B-00242,ENG-000293,Python Runtime — Ireland v2.1,"# Python Runtime — Ireland v2.1

## Purpose
Teams must apply this guidance when working with Python runtime in production or employee-facing environments.

## Scope
Country-specific and role-specific exceptions override the global baseline only when explicitly documented. This version applies to Ireland.

## Requirements
- Supported runtime versions are centrally maintained. - Unsupported runtimes must not be introduced into new production services. - Upgrade plans are required before end-of-support. - Supported runtime versions are centrally maintained.

## Controls
Requests requiring elevated access must be approved by the designated owner and recorded in the enterprise service system.

## Procedure
1. Confirm that the request concerns Python runtime.
2. Verify the relevant owner, country, environment, and current version.
3. Follow the approved workflow and capture evidence.
4. Escalate unresolved or exceptional cases to Frontend Platform.

## Validation
Verify the current document version before acting.

## Version
Version 2.1. Status: ARCHIVED. This document is archived and retained only for historical reference.",Software Engineering,Digital Delivery,Python Backend,Python runtime,architecture_decision_record,Frontend Platform,Frontend Platform,IE,Ireland,en,"[""eng"", ""python-backend"", ""python-runtime"", ""software-engineering""]","[""Python Backend"", ""Python runtime"", ""eng"", ""python-backend"", ""python-runtime"", ""software-engineering""]",EMPLOYEE,"[""employee"", ""engineer"", ""tech_lead"", ""architect""]",[],github,synthetic://software-engineering/ENG-000294,2.1,2025-11-06,2026-05-28,2025-12-20,,ARCHIVED,True,Synthetic dataset generated for research/demo use,VALIDATED,,49d98d75c80e
ENG-000295,ENG-PYTHON-B-00242,ENG-000294,Python Runtime — Ireland v3.2,"# Python Runtime — Ireland v3.2

## Purpose
This document defines the approved operating model for Python runtime within Northstar Digital Services.

## Scope
Country-specific and role-specific exceptions override the global baseline only when explicitly documented. This version applies to Ireland.

## Requirements
- Supported runtime versions are centrally maintained. - Unsupported runtimes must not be introduced into new production services. - Upgrade plans are required before end-of-support. - Supported runtime versions are centrally maintained.

## Controls
Requests requiring elevated access must be approved by the designated owner and recorded in the enterprise service system.

## Procedure
1. Confirm that the request concerns Python runtime.
2. Verify the relevant owner, country, environment, and current version.
3. Follow the approved workflow and capture evidence.
4. Escalate unresolved or exceptional cases to Frontend Platform.

## Validation
Do not bypass required controls simply to shorten resolution time.

## Version
Version 3.2. Status: ACTIVE.",Software Engineering,Digital Delivery,Python Backend,Python runtime,architecture_decision_record,Frontend Platform,Frontend Platform,IE,Ireland,en,"[""eng"", ""python-backend"", ""python-runtime"", ""software-engineering""]","[""Python Backend"", ""Python runtime"", ""eng"", ""python-backend"", ""python-runtime"", ""software-engineering""]",EMPLOYEE,"[""employee"", ""engineer"", ""tech_lead"", ""architect""]",[],google_drive,synthetic://software-engineering/ENG-000295,3.2,2025-06-26,2025-11-11,2025-08-16,,ACTIVE,True,Synthetic dataset generated for research/demo use,VALIDATED,,3fbde6309c6d
ENG-000296,ENG-TESTING-00243,,Integration Testing — Global,"# Integration Testing — Global

## Purpose
Teams must apply this guidance when working with integration testing in production or employee-facing environments.

## Scope
Archived versions remain available for audit purposes but must not be used for new decisions. This version is the global baseline; country-specific documents may impose additional requirements.

## Requirements
- Integration Testing must follow the current approved policy and ownership model. - Operational evidence for integration testing should be retained according to the applicable retention schedule. - Exceptions involving integration testing require documented approval from the responsible owner. - Teams should use standard tooling and published procedures when working with integration testing.

## Controls
Changes affecting production require peer review, traceable evidence, and rollback instructions.

## Procedure
1. Confirm that the request concerns integration testing.
2. Verify the relevant owner, country, environment, and current version.
3. Follow the approved workflow and capture evidence.
4. Escalate unresolved or exceptional cases to Frontend Platform.

## Validation
If the procedure does not resolve the issue, escalate to the listed owner team with timestamps, identifiers, and evidence.

## Version
Version 1.0. Status: ACTIVE.",Software Engineering,Corporate Functions,Testing,integration testing,coding_standard,Frontend Platform,Frontend Platform,GLOBAL,Global,en,"[""eng"", ""integration-testing"", ""software-engineering"", ""testing""]","[""Testing"", ""eng"", ""integration testing"", ""integration-testing"", ""software-engineering"", ""testing""]",INTERNAL,"[""employee"", ""engineer"", ""tech_lead"", ""architect""]",[],github,synthetic://software-engineering/ENG-000296,1.0,2025-01-09,2025-09-12,2025-02-16,,ACTIVE,True,Synthetic dataset generated for research/demo use,VALIDATED,,752c4ecf6193
ENG-000297,ENG-ARCHITEC-00244,,Event-Driven Design — United States,"# Event-Driven Design — United States

## Purpose
The standard exists to reduce inconsistent implementation, avoid repeated support effort, and provide an auditable source of truth.

## Scope
Country-specific and role-specific exceptions override the global baseline only when explicitly documented. This version applies to United States.

## Requirements
- Event-Driven Design must follow the current approved policy and ownership model. - Operational evidence for event-driven design should be retained according to the applicable retention schedule. - Exceptions involving event-driven design require documented approval from the responsible owner. - Teams should use standard tooling and published procedures when working with event-driven design.

## Controls
Sensitive information must follow the organisation's classification and least-privilege requirements.

## Procedure
1. Confirm that the request concerns event-driven design.
2. Verify the relevant owner, country, environment, and current version.
3. Follow the approved workflow and capture evidence.
4. Escalate unresolved or exceptional cases to Frontend Platform.

## Validation
Verify the current document version before acting.

## Version
Version 1.2. Status: ACTIVE.",Software Engineering,Corporate Functions,Architecture,event-driven design,architecture_decision_record,Frontend Platform,Frontend Platform,US,United States,en,"[""architecture"", ""eng"", ""event-driven-design"", ""software-engineering""]","[""Architecture"", ""architecture"", ""eng"", ""event-driven design"", ""event-driven-design"", ""software-engineering""]",INTERNAL,"[""employee"", ""engineer"", ""tech_lead"", ""architect""]",[],hr_portal,synthetic://software-engineering/ENG-000297,1.2,2024-03-23,2024-09-15,2024-05-21,,ACTIVE,True,Synthetic dataset generated for research/demo use,VALIDATED,,733f55efd2df
ENG-000298,ENG-TESTING-00245,,Coverage Policy — Global v1.1,"# Coverage Policy — Global v1.1

## Purpose
Teams must apply this guidance when working with coverage policy in production or employee-facing environments.

## Scope
It applies to employees, contractors, and managed service teams where the stated scope is relevant. This version is the global baseline; country-specific documents may impose additional requirements.

## Requirements
- Coverage Policy must follow the current approved policy and ownership model. - Operational evidence for coverage policy should be retained according to the applicable retention schedule. - Exceptions involving coverage policy require documented approval from the responsible owner. - Teams should use standard tooling and published procedures when working with coverage policy.

## Controls
Sensitive information must follow the organisation's classification and least-privilege requirements.

## Procedure
1. Confirm that the request concerns coverage policy.
2. Verify the relevant owner, country, environment, and current version.
3. Follow the approved workflow and capture evidence.
4. Escalate unresolved or exceptional cases to Architecture Guild.

## Validation
Verify the current document version before acting.

## Version
Version 1.1. Status: ARCHIVED. This document is archived and retained only for historical reference.",Software Engineering,Cloud & Security,Testing,coverage policy,migration_guide,Architecture Guild,Architecture Guild,GLOBAL,Global,en,"[""coverage-policy"", ""eng"", ""software-engineering"", ""testing""]","[""Testing"", ""coverage policy"", ""coverage-policy"", ""eng"", ""software-engineering"", ""testing""]",INTERNAL,"[""employee"", ""engineer"", ""tech_lead"", ""architect""]",[],confluence,synthetic://software-engineering/ENG-000298,1.1,2026-05-28,2026-09-23,2026-07-02,,ARCHIVED,True,Synthetic dataset generated for research/demo use,VALIDATED,,016aeb7b2dee
ENG-000299,ENG-TESTING-00245,ENG-000298,Coverage Policy — Global v2.4,"# Coverage Policy — Global v2.4

## Purpose
The standard exists to reduce inconsistent implementation, avoid repeated support effort, and provide an auditable source of truth.

## Scope
Archived versions remain available for audit purposes but must not be used for new decisions. This version is the global baseline; country-specific documents may impose additional requirements.

## Requirements
- Coverage Policy must follow the current approved policy and ownership model. - Operational evidence for coverage policy should be retained according to the applicable retention schedule. - Exceptions involving coverage policy require documented approval from the responsible owner. - Teams should use standard tooling and published procedures when working with coverage policy.

## Controls
Sensitive information must follow the organisation's classification and least-privilege requirements.

## Procedure
1. Confirm that the request concerns coverage policy.
2. Verify the relevant owner, country, environment, and current version.
3. Follow the approved workflow and capture evidence.
4. Escalate unresolved or exceptional cases to Architecture Guild.

## Validation
If the procedure does not resolve the issue, escalate to the listed owner team with timestamps, identifiers, and evidence.

## Version
Version 2.4. Status: ACTIVE.",Software Engineering,Cloud & Security,Testing,coverage policy,migration_guide,Architecture Guild,Architecture Guild,GLOBAL,Global,en,"[""coverage-policy"", ""eng"", ""software-engineering"", ""testing""]","[""Testing"", ""coverage policy"", ""coverage-policy"", ""eng"", ""software-engineering"", ""testing""]",EMPLOYEE,"[""employee"", ""engineer"", ""tech_lead"", ""architect""]",[],servicenow,synthetic://software-engineering/ENG-000299,2.4,2023-05-31,2025-04-24,2023-07-26,,ACTIVE,True,Synthetic dataset generated for research/demo use,VALIDATED,,692924555ff7
ENG-000300,ENG-FRONTEND-00246,,State Management — Singapore,"# State Management — Singapore

## Purpose
The standard exists to reduce inconsistent implementation, avoid repeated support effort, and provide an auditable source of truth.

## Scope
Country-specific and role-specific exceptions override the global baseline only when explicitly documented. This version applies to Singapore.

## Requirements
- State Management must follow the current approved policy and ownership model. - Operational evidence for state management should be retained according to the applicable retention schedule. - Exceptions involving state management require documented approval from the responsible owner. - Teams should use standard tooling and published procedures when working with state management.

## Controls
Changes affecting production require peer review, traceable evidence, and rollback instructions.

## Procedure
1. Confirm that the request concerns state management.
2. Verify the relevant owner, country, environment, and current version.
3. Follow the approved workflow and capture evidence.
4. Escalate unresolved or exceptional cases to Data Platform.

## Validation
If the procedure does not resolve the issue, escalate to the listed owner team with timestamps, identifiers, and evidence.

## Version
Version 1.2. Status: ACTIVE.",Software Engineering,Digital Delivery,Frontend,state management,known_issue,Data Platform,Data Platform,SG,Singapore,en,"[""eng"", ""frontend"", ""software-engineering"", ""state-management""]","[""Frontend"", ""eng"", ""frontend"", ""software-engineering"", ""state management"", ""state-management""]",EMPLOYEE,"[""employee"", ""engineer"", ""tech_lead"", ""architect""]",[],github,synthetic://software-engineering/ENG-000300,1.2,2025-11-27,2026-09-23,2026-01-18,,ACTIVE,True,Synthetic dataset generated for research/demo use,VALIDATED,,a5856486e0b7
ENG-000301,ENG-TESTING-00247,,Test Data — Global,"# Test Data — Global

## Purpose
This document defines the approved operating model for test data within Northstar Digital Services.

## Scope
Country-specific and role-specific exceptions override the global baseline only when explicitly documented. This version is the global baseline; country-specific documents may impose additional requirements.

## Requirements
- Test Data must follow the current approved policy and ownership model. - Operational evidence for test data should be retained according to the applicable retention schedule. - Exceptions involving test data require documented approval from the responsible owner. - Teams should use standard tooling and published procedures when working with test data.

## Controls
Changes affecting production require peer review, traceable evidence, and rollback instructions.

## Procedure
1. Confirm that the request concerns test data.
2. Verify the relevant owner, country, environment, and current version.
3. Follow the approved workflow and capture evidence.
4. Escalate unresolved or exceptional cases to Backend Platform.

## Validation
If the procedure does not resolve the issue, escalate to the listed owner team with timestamps, identifiers, and evidence.

## Version
Version 1.1. Status: ARCHIVED. This document is archived and retained only for historical reference.",Software Engineering,Enterprise Platforms,Testing,test data,architecture_decision_record,Backend Platform,Backend Platform,GLOBAL,Global,en,"[""eng"", ""software-engineering"", ""test-data"", ""testing""]","[""Testing"", ""eng"", ""software-engineering"", ""test data"", ""test-data"", ""testing""]",INTERNAL,"[""employee"", ""engineer"", ""tech_lead"", ""architect""]",[],github,synthetic://software-engineering/ENG-000301,1.1,2025-07-06,2026-03-17,2025-07-21,,ARCHIVED,True,Synthetic dataset generated for research/demo use,VALIDATED,,4b3cce210a14
ENG-000302,ENG-MESSAGIN-00248,,Schema Evolution — Global,"# Schema Evolution — Global

## Purpose
This document defines the approved operating model for schema evolution within Northstar Digital Services.

## Scope
It applies to employees, contractors, and managed service teams where the stated scope is relevant. This version is the global baseline; country-specific documents may impose additional requirements.

## Requirements
- Schema Evolution must follow the current approved policy and ownership model. - Operational evidence for schema evolution should be retained according to the applicable retention schedule. - Exceptions involving schema evolution require documented approval from the responsible owner. - Teams should use standard tooling and published procedures when working with schema evolution.

## Controls
Requests requiring elevated access must be approved by the designated owner and recorded in the enterprise service system.

## Procedure
1. Confirm that the request concerns schema evolution.
2. Verify the relevant owner, country, environment, and current version.
3. Follow the approved workflow and capture evidence.
4. Escalate unresolved or exceptional cases to Frontend Platform.

## Validation
Verify the current document version before acting.

## Version
Version 1.1. Status: ACTIVE.",Software Engineering,Cloud & Security,Messaging,schema evolution,technical_standard,Frontend Platform,Frontend Platform,GLOBAL,Global,en,"[""eng"", ""messaging"", ""schema-evolution"", ""software-engineering""]","[""Messaging"", ""eng"", ""messaging"", ""schema evolution"", ""schema-evolution"", ""software-engineering""]",INTERNAL,"[""employee"", ""engineer"", ""tech_lead"", ""architect""]",[],servicenow,synthetic://software-engineering/ENG-000302,1.1,2023-02-17,2024-01-17,2023-03-16,,ACTIVE,True,Synthetic dataset generated for research/demo use,VALIDATED,,d818f6d12bcb
ENG-000303,ENG-DATABASE-00249,,Migration Safety — Singapore,"# Migration Safety — Singapore

## Purpose
Teams must apply this guidance when working with migration safety in production or employee-facing environments.

## Scope
It applies to employees, contractors, and managed service teams where the stated scope is relevant. This version applies to Singapore.

## Requirements
- Migration Safety must follow the current approved policy and ownership model. - Operational evidence for migration safety should be retained according to the applicable retention schedule. - Exceptions involving migration safety require documented approval from the responsible owner. - Teams should use standard tooling and published procedures when working with migration safety.

## Controls
Requests requiring elevated access must be approved by the designated owner and recorded in the enterprise service system.

## Procedure
1. Confirm that the request concerns migration safety.
2. Verify the relevant owner, country, environment, and current version.
3. Follow the approved workflow and capture evidence.
4. Escalate unresolved or exceptional cases to Architecture Guild.

## Validation
Verify the current document version before acting.

## Version
Version 1.3. Status: ACTIVE.",Software Engineering,Shared Services,Databases,migration safety,architecture_decision_record,Architecture Guild,Architecture Guild,SG,Singapore,en,"[""databases"", ""eng"", ""migration-safety"", ""software-engineering""]","[""Databases"", ""databases"", ""eng"", ""migration safety"", ""migration-safety"", ""software-engineering""]",EMPLOYEE,"[""employee"", ""engineer"", ""tech_lead"", ""architect""]",[],servicenow,synthetic://software-engineering/ENG-000303,1.3,2025-03-25,2026-09-05,2025-04-15,,ACTIVE,True,Synthetic dataset generated for research/demo use,VALIDATED,,0ae569ddccd5
ENG-000304,ENG-APIS-00250,,Pagination — Australia,"# Pagination — Australia

## Purpose
Teams must apply this guidance when working with pagination in production or employee-facing environments.

## Scope
Archived versions remain available for audit purposes but must not be used for new decisions. This version applies to Australia.

## Requirements
- Pagination must follow the current approved policy and ownership model. - Operational evidence for pagination should be retained according to the applicable retention schedule. - Exceptions involving pagination require documented approval from the responsible owner. - Teams should use standard tooling and published procedures when working with pagination.

## Controls
Requests requiring elevated access must be approved by the designated owner and recorded in the enterprise service system.

## Procedure
1. Confirm that the request concerns pagination.
2. Verify the relevant owner, country, environment, and current version.
3. Follow the approved workflow and capture evidence.
4. Escalate unresolved or exceptional cases to Data Platform.

## Validation
Verify the current document version before acting.

## Version
Version 1.3. Status: ACTIVE.",Software Engineering,Cloud & Security,APIs,pagination,architecture_decision_record,Data Platform,Data Platform,AU,Australia,en,"[""apis"", ""eng"", ""pagination"", ""software-engineering""]","[""APIs"", ""apis"", ""eng"", ""pagination"", ""software-engineering""]",EMPLOYEE,"[""employee"", ""engineer"", ""tech_lead"", ""architect""]",[],confluence,synthetic://software-engineering/ENG-000304,1.3,2026-03-08,2026-03-16,2026-03-08,,ACTIVE,True,Synthetic dataset generated for research/demo use,VALIDATED,,fd2750071cf7
ENG-000305,ENG-MESSAGIN-00251,,Exactly-Once Semantics — Global,"# Exactly-Once Semantics — Global

## Purpose
The standard exists to reduce inconsistent implementation, avoid repeated support effort, and provide an auditable source of truth.

## Scope
Country-specific and role-specific exceptions override the global baseline only when explicitly documented. This version is the global baseline; country-specific documents may impose additional requirements.

## Requirements
- Exactly-Once Semantics must follow the current approved policy and ownership model. - Operational evidence for exactly-once semantics should be retained according to the applicable retention schedule. - Exceptions involving exactly-once semantics require documented approval from the responsible owner. - Teams should use standard tooling and published procedures when working with exactly-once semantics.

## Controls
Requests requiring elevated access must be approved by the designated owner and recorded in the enterprise service system.

## Procedure
1. Confirm that the request concerns exactly-once semantics.
2. Verify the relevant owner, country, environment, and current version.
3. Follow the approved workflow and capture evidence.
4. Escalate unresolved or exceptional cases to Architecture Guild.

## Validation
Verify the current document version before acting.

## Version
Version 1.0. Status: ACTIVE.",Software Engineering,Corporate Functions,Messaging,exactly-once semantics,migration_guide,Architecture Guild,Architecture Guild,GLOBAL,Global,en,"[""eng"", ""exactly-once-semantics"", ""messaging"", ""software-engineering""]","[""Messaging"", ""eng"", ""exactly-once semantics"", ""exactly-once-semantics"", ""messaging"", ""software-engineering""]",EMPLOYEE,"[""employee"", ""engineer"", ""tech_lead"", ""architect""]",[],confluence,synthetic://software-engineering/ENG-000305,1.0,2026-07-12,2026-09-23,2026-08-30,,ACTIVE,True,Synthetic dataset generated for research/demo use,VALIDATED,,edfd1b67da53
ENG-000306,ENG-ARCHITEC-00252,,Caching — Global v1.4,"# Caching — Global v1.4

## Purpose
This document defines the approved operating model for caching within Northstar Digital Services.

## Scope
It applies to employees, contractors, and managed service teams where the stated scope is relevant. This version is the global baseline; country-specific documents may impose additional requirements.

## Requirements
- Caching must follow the current approved policy and ownership model. - Operational evidence for caching should be retained according to the applicable retention schedule. - Exceptions involving caching require documented approval from the responsible owner. - Teams should use standard tooling and published procedures when working with caching.

## Controls
Requests requiring elevated access must be approved by the designated owner and recorded in the enterprise service system.

## Procedure
1. Confirm that the request concerns caching.
2. Verify the relevant owner, country, environment, and current version.
3. Follow the approved workflow and capture evidence.
4. Escalate unresolved or exceptional cases to Frontend Platform.

## Validation
Verify the current document version before acting.

## Version
Version 1.4. Status: ARCHIVED. This document is archived and retained only for historical reference.",Software Engineering,Digital Delivery,Architecture,caching,coding_standard,Frontend Platform,Frontend Platform,GLOBAL,Global,en,"[""architecture"", ""caching"", ""eng"", ""software-engineering""]","[""Architecture"", ""architecture"", ""caching"", ""eng"", ""software-engineering""]",INTERNAL,"[""employee"", ""engineer"", ""tech_lead"", ""architect""]",[],hr_portal,synthetic://software-engineering/ENG-000306,1.4,2026-02-14,2026-08-26,2026-02-19,2028-07-19,ARCHIVED,True,Synthetic dataset generated for research/demo use,VALIDATED,,b7429af4a54f
ENG-000307,ENG-ARCHITEC-00252,ENG-000306,Caching — Global v2.0,"# Caching — Global v2.0

## Purpose
The standard exists to reduce inconsistent implementation, avoid repeated support effort, and provide an auditable source of truth.

## Scope
It applies to employees, contractors, and managed service teams where the stated scope is relevant. This version is the global baseline; country-specific documents may impose additional requirements.

## Requirements
- Caching must follow the current approved policy and ownership model. - Operational evidence for caching should be retained according to the applicable retention schedule. - Exceptions involving caching require documented approval from the responsible owner. - Teams should use standard tooling and published procedures when working with caching.

## Controls
Changes affecting production require peer review, traceable evidence, and rollback instructions.

## Procedure
1. Confirm that the request concerns caching.
2. Verify the relevant owner, country, environment, and current version.
3. Follow the approved workflow and capture evidence.
4. Escalate unresolved or exceptional cases to Frontend Platform.

## Validation
Do not bypass required controls simply to shorten resolution time.

## Version
Version 2.0. Status: ACTIVE.",Software Engineering,Enterprise Platforms,Architecture,caching,coding_standard,Frontend Platform,Frontend Platform,GLOBAL,Global,en,"[""architecture"", ""caching"", ""eng"", ""software-engineering""]","[""Architecture"", ""architecture"", ""caching"", ""eng"", ""software-engineering""]",EMPLOYEE,"[""employee"", ""engineer"", ""tech_lead"", ""architect""]",[],github,synthetic://software-engineering/ENG-000307,2.0,2025-07-26,2026-09-23,2025-08-15,,ACTIVE,True,Synthetic dataset generated for research/demo use,VALIDATED,,7f13ebda86b8
ENG-000308,ENG-JAVA-SER-00253,,Jvm Tuning — United States v1.2,"# Jvm Tuning — United States v1.2

## Purpose
Teams must apply this guidance when working with JVM tuning in production or employee-facing environments.

## Scope
Country-specific and role-specific exceptions override the global baseline only when explicitly documented. This version applies to United States.

## Requirements
- Jvm Tuning must follow the current approved policy and ownership model. - Operational evidence for JVM tuning should be retained according to the applicable retention schedule. - Exceptions involving JVM tuning require documented approval from the responsible owner. - Teams should use standard tooling and published procedures when working with JVM tuning.

## Controls
Changes affecting production require peer review, traceable evidence, and rollback instructions.

## Procedure
1. Confirm that the request concerns JVM tuning.
2. Verify the relevant owner, country, environment, and current version.
3. Follow the approved workflow and capture evidence.
4. Escalate unresolved or exceptional cases to Developer Experience.

## Validation
If the procedure does not resolve the issue, escalate to the listed owner team with timestamps, identifiers, and evidence.

## Version
Version 1.2. Status: ARCHIVED. This document is archived and retained only for historical reference.",Software Engineering,Cloud & Security,Java Services,JVM tuning,architecture_decision_record,Developer Experience,Developer Experience,US,United States,en,"[""eng"", ""java-services"", ""jvm-tuning"", ""software-engineering""]","[""JVM tuning"", ""Java Services"", ""eng"", ""java-services"", ""jvm-tuning"", ""software-engineering""]",INTERNAL,"[""employee"", ""engineer"", ""tech_lead"", ""architect""]",[],servicenow,synthetic://software-engineering/ENG-000308,1.2,2023-09-22,2024-04-05,2023-10-22,2025-02-06,ARCHIVED,True,Synthetic dataset generated for research/demo use,VALIDATED,,8f9d055ea3d9
ENG-000309,ENG-JAVA-SER-00253,ENG-000308,Jvm Tuning — United States v2.4,"# Jvm Tuning — United States v2.4

## Purpose
Teams must apply this guidance when working with JVM tuning in production or employee-facing environments.

## Scope
It applies to employees, contractors, and managed service teams where the stated scope is relevant. This version applies to United States.

## Requirements
- Jvm Tuning must follow the current approved policy and ownership model. - Operational evidence for JVM tuning should be retained according to the applicable retention schedule. - Exceptions involving JVM tuning require documented approval from the responsible owner. - Teams should use standard tooling and published procedures when working with JVM tuning.

## Controls
Changes affecting production require peer review, traceable evidence, and rollback instructions.

## Procedure
1. Confirm that the request concerns JVM tuning.
2. Verify the relevant owner, country, environment, and current version.
3. Follow the approved workflow and capture evidence.
4. Escalate unresolved or exceptional cases to Developer Experience.

## Validation
If the procedure does not resolve the issue, escalate to the listed owner team with timestamps, identifiers, and evidence.

## Version
Version 2.4. Status: ARCHIVED. This document is archived and retained only for historical reference.",Software Engineering,Enterprise Platforms,Java Services,JVM tuning,architecture_decision_record,Developer Experience,Developer Experience,US,United States,en,"[""eng"", ""java-services"", ""jvm-tuning"", ""software-engineering""]","[""JVM tuning"", ""Java Services"", ""eng"", ""java-services"", ""jvm-tuning"", ""software-engineering""]",INTERNAL,"[""employee"", ""engineer"", ""tech_lead"", ""architect""]",[],github,synthetic://software-engineering/ENG-000309,2.4,2025-04-14,2026-06-28,2025-04-25,2027-05-29,ARCHIVED,True,Synthetic dataset generated for research/demo use,VALIDATED,,cd1724195958
ENG-000310,ENG-JAVA-SER-00253,ENG-000309,Jvm Tuning — United States v3.1,"# Jvm Tuning — United States v3.1

## Purpose
The standard exists to reduce inconsistent implementation, avoid repeated support effort, and provide an auditable source of truth.

## Scope
It applies to employees, contractors, and managed service teams where the stated scope is relevant. This version applies to United States.

## Requirements
- Jvm Tuning must follow the current approved policy and ownership model. - Operational evidence for JVM tuning should be retained according to the applicable retention schedule. - Exceptions involving JVM tuning require documented approval from the responsible owner. - Teams should use standard tooling and published procedures when working with JVM tuning.

## Controls
Requests requiring elevated access must be approved by the designated owner and recorded in the enterprise service system.

## Procedure
1. Confirm that the request concerns JVM tuning.
2. Verify the relevant owner, country, environment, and current version.
3. Follow the approved workflow and capture evidence.
4. Escalate unresolved or exceptional cases to Developer Experience.

## Validation
Verify the current document version before acting.

## Version
Version 3.1. Status: ACTIVE.",Software Engineering,Corporate Functions,Java Services,JVM tuning,architecture_decision_record,Developer Experience,Developer Experience,US,United States,en,"[""eng"", ""java-services"", ""jvm-tuning"", ""software-engineering""]","[""JVM tuning"", ""Java Services"", ""eng"", ""java-services"", ""jvm-tuning"", ""software-engineering""]",INTERNAL,"[""employee"", ""engineer"", ""tech_lead"", ""architect""]",[],confluence,synthetic://software-engineering/ENG-000310,3.1,2024-01-19,2025-12-14,2024-02-19,,ACTIVE,True,Synthetic dataset generated for research/demo use,VALIDATED,,83d6ce042ab7
ENG-000311,ENG-ARCHITEC-00254,,Event-Driven Design — Global,"# Event-Driven Design — Global

## Purpose
This document defines the approved operating model for event-driven design within Northstar Digital Services.

## Scope
It applies to employees, contractors, and managed service teams where the stated scope is relevant. This version is the global baseline; country-specific documents may impose additional requirements.

## Requirements
- Event-Driven Design must follow the current approved policy and ownership model. - Operational evidence for event-driven design should be retained according to the applicable retention schedule. - Exceptions involving event-driven design require documented approval from the responsible owner. - Teams should use standard tooling and published procedures when working with event-driven design.

## Controls
Sensitive information must follow the organisation's classification and least-privilege requirements.

## Procedure
1. Confirm that the request concerns event-driven design.
2. Verify the relevant owner, country, environment, and current version.
3. Follow the approved workflow and capture evidence.
4. Escalate unresolved or exceptional cases to Data Platform.

## Validation
Verify the current document version before acting.

## Version
Version 1.3. Status: ACTIVE.",Software Engineering,Corporate Functions,Architecture,event-driven design,known_issue,Data Platform,Data Platform,GLOBAL,Global,en,"[""architecture"", ""eng"", ""event-driven-design"", ""software-engineering""]","[""Architecture"", ""architecture"", ""eng"", ""event-driven design"", ""event-driven-design"", ""software-engineering""]",INTERNAL,"[""employee"", ""engineer"", ""tech_lead"", ""architect""]",[],servicenow,synthetic://software-engineering/ENG-000311,1.3,2026-05-18,2026-05-21,2026-06-03,,ACTIVE,True,Synthetic dataset generated for research/demo use,VALIDATED,,849adc57b300
ENG-000312,ENG-JAVA-SER-00255,,Service Templates — India,"# Service Templates — India

## Purpose
This document defines the approved operating model for service templates within Northstar Digital Services.

## Scope
It applies to employees, contractors, and managed service teams where the stated scope is relevant. This version applies to India.

## Requirements
- Service Templates must follow the current approved policy and ownership model. - Operational evidence for service templates should be retained according to the applicable retention schedule. - Exceptions involving service templates require documented approval from the responsible owner. - Teams should use standard tooling and published procedures when working with service templates.

## Controls
Changes affecting production require peer review, traceable evidence, and rollback instructions.

## Procedure
1. Confirm that the request concerns service templates.
2. Verify the relevant owner, country, environment, and current version.
3. Follow the approved workflow and capture evidence.
4. Escalate unresolved or exceptional cases to Backend Platform.

## Validation
Do not bypass required controls simply to shorten resolution time.

## Version
Version 1.3. Status: DRAFT.  This document is a draft and must not be treated as an approved source of policy.",Software Engineering,Shared Services,Java Services,service templates,migration_guide,Backend Platform,Backend Platform,IN,India,en,"[""eng"", ""java-services"", ""service-templates"", ""software-engineering""]","[""Java Services"", ""eng"", ""java-services"", ""service templates"", ""service-templates"", ""software-engineering""]",INTERNAL,"[""employee"", ""engineer"", ""tech_lead"", ""architect""]",[],sharepoint,synthetic://software-engineering/ENG-000312,1.3,2026-04-04,2026-09-23,2026-05-13,2028-03-09,DRAFT,True,Synthetic dataset generated for research/demo use,VALIDATED,,ab3000ae5e24
ENG-000313,ENG-DATABASE-00256,,Migration Safety — United States,"# Migration Safety — United States

## Purpose
Teams must apply this guidance when working with migration safety in production or employee-facing environments.

## Scope
Archived versions remain available for audit purposes but must not be used for new decisions. This version applies to United States.

## Requirements
- Migration Safety must follow the current approved policy and ownership model. - Operational evidence for migration safety should be retained according to the applicable retention schedule. - Exceptions involving migration safety require documented approval from the responsible owner. - Teams should use standard tooling and published procedures when working with migration safety.

## Controls
Sensitive information must follow the organisation's classification and least-privilege requirements.

## Procedure
1. Confirm that the request concerns migration safety.
2. Verify the relevant owner, country, environment, and current version.
3. Follow the approved workflow and capture evidence.
4. Escalate unresolved or exceptional cases to Backend Platform.

## Validation
If the procedure does not resolve the issue, escalate to the listed owner team with timestamps, identifiers, and evidence.

## Version
Version 1.2. Status: ACTIVE.",Software Engineering,Enterprise Platforms,Databases,migration safety,design_note,Backend Platform,Backend Platform,US,United States,en,"[""databases"", ""eng"", ""migration-safety"", ""software-engineering""]","[""Databases"", ""databases"", ""eng"", ""migration safety"", ""migration-safety"", ""software-engineering""]",EMPLOYEE,"[""employee"", ""engineer"", ""tech_lead"", ""architect""]",[],servicenow,synthetic://software-engineering/ENG-000313,1.2,2023-12-17,2025-04-21,2024-01-28,,ACTIVE,True,Synthetic dataset generated for research/demo use,VALIDATED,,e7eb536666cc
ENG-000314,ENG-TESTING-00257,,Test Data — Australia,"# Test Data — Australia

## Purpose
This document defines the approved operating model for test data within Northstar Digital Services.

## Scope
Country-specific and role-specific exceptions override the global baseline only when explicitly documented. This version applies to Australia.

## Requirements
- Test Data must follow the current approved policy and ownership model. - Operational evidence for test data should be retained according to the applicable retention schedule. - Exceptions involving test data require documented approval from the responsible owner. - Teams should use standard tooling and published procedures when working with test data.

## Controls
Sensitive information must follow the organisation's classification and least-privilege requirements.

## Procedure
1. Confirm that the request concerns test data.
2. Verify the relevant owner, country, environment, and current version.
3. Follow the approved workflow and capture evidence.
4. Escalate unresolved or exceptional cases to Frontend Platform.

## Validation
If the procedure does not resolve the issue, escalate to the listed owner team with timestamps, identifiers, and evidence.

## Version
Version 1.4. Status: ACTIVE.",Software Engineering,Digital Delivery,Testing,test data,migration_guide,Frontend Platform,Frontend Platform,AU,Australia,en,"[""eng"", ""software-engineering"", ""test-data"", ""testing""]","[""Testing"", ""eng"", ""software-engineering"", ""test data"", ""test-data"", ""testing""]",INTERNAL,"[""employee"", ""engineer"", ""tech_lead"", ""architect""]",[],hr_portal,synthetic://software-engineering/ENG-000314,1.4,2024-10-25,2026-02-05,2024-10-28,,ACTIVE,True,Synthetic dataset generated for research/demo use,VALIDATED,,0fc0266d7fb8
ENG-000315,ENG-FRONTEND-00258,,Design Tokens — Australia,"# Design Tokens — Australia

## Purpose
Teams must apply this guidance when working with design tokens in production or employee-facing environments.

## Scope
It applies to employees, contractors, and managed service teams where the stated scope is relevant. This version applies to Australia.

## Requirements
- Design Tokens must follow the current approved policy and ownership model. - Operational evidence for design tokens should be retained according to the applicable retention schedule. - Exceptions involving design tokens require documented approval from the responsible owner. - Teams should use standard tooling and published procedures when working with design tokens.

## Controls
Changes affecting production require peer review, traceable evidence, and rollback instructions.

## Procedure
1. Confirm that the request concerns design tokens.
2. Verify the relevant owner, country, environment, and current version.
3. Follow the approved workflow and capture evidence.
4. Escalate unresolved or exceptional cases to Architecture Guild.

## Validation
If the procedure does not resolve the issue, escalate to the listed owner team with timestamps, identifiers, and evidence.

## Version
Version 1.3. Status: DRAFT.  This document is a draft and must not be treated as an approved source of policy.",Software Engineering,Corporate Functions,Frontend,design tokens,design_note,Architecture Guild,Architecture Guild,AU,Australia,en,"[""design-tokens"", ""eng"", ""frontend"", ""software-engineering""]","[""Frontend"", ""design tokens"", ""design-tokens"", ""eng"", ""frontend"", ""software-engineering""]",INTERNAL,"[""employee"", ""engineer"", ""tech_lead"", ""architect""]",[],servicenow,synthetic://software-engineering/ENG-000315,1.3,2024-05-10,2025-04-18,2024-05-27,,DRAFT,True,Synthetic dataset generated for research/demo use,VALIDATED,,074a7088d118
ENG-000316,ENG-PYTHON-B-00259,,Async I/O — Global,"# Async I/O — Global

## Purpose
This document defines the approved operating model for async I/O within Northstar Digital Services.

## Scope
It applies to employees, contractors, and managed service teams where the stated scope is relevant. This version is the global baseline; country-specific documents may impose additional requirements.

## Requirements
- Async I/O must follow the current approved policy and ownership model. - Operational evidence for async I/O should be retained according to the applicable retention schedule. - Exceptions involving async I/O require documented approval from the responsible owner. - Teams should use standard tooling and published procedures when working with async I/O.

## Controls
Sensitive information must follow the organisation's classification and least-privilege requirements.

## Procedure
1. Confirm that the request concerns async I/O.
2. Verify the relevant owner, country, environment, and current version.
3. Follow the approved workflow and capture evidence.
4. Escalate unresolved or exceptional cases to Data Platform.

## Validation
If the procedure does not resolve the issue, escalate to the listed owner team with timestamps, identifiers, and evidence.

## Version
Version 1.1. Status: ACTIVE.",Software Engineering,Shared Services,Python Backend,async I/O,technical_standard,Data Platform,Data Platform,GLOBAL,Global,en,"[""async-i-o"", ""eng"", ""python-backend"", ""software-engineering""]","[""Python Backend"", ""async I/O"", ""async-i-o"", ""eng"", ""python-backend"", ""software-engineering""]",INTERNAL,"[""employee"", ""engineer"", ""tech_lead"", ""architect""]",[],google_drive,synthetic://software-engineering/ENG-000316,1.1,2025-04-16,2025-04-20,2025-05-27,,ACTIVE,True,Synthetic dataset generated for research/demo use,VALIDATED,,c687ca6d6c61
ENG-000317,ENG-PYTHON-B-00260,,Fastapi Service Standard — Global v1.2,"# Fastapi Service Standard — Global v1.2

## Purpose
The standard exists to reduce inconsistent implementation, avoid repeated support effort, and provide an auditable source of truth.

## Scope
It applies to employees, contractors, and managed service teams where the stated scope is relevant. This version is the global baseline; country-specific documents may impose additional requirements.

## Requirements
- Service contracts must use explicit schemas. - Health and readiness endpoints are required. - Timeouts, structured logging, and request IDs are mandatory in production. - Service contracts must use explicit schemas.

## Controls
Requests requiring elevated access must be approved by the designated owner and recorded in the enterprise service system.

## Procedure
1. Confirm that the request concerns FastAPI service standard.
2. Verify the relevant owner, country, environment, and current version.
3. Follow the approved workflow and capture evidence.
4. Escalate unresolved or exceptional cases to Data Platform.

## Validation
Verify the current document version before acting.

## Version
Version 1.2. Status: ARCHIVED. This document is archived and retained only for historical reference.",Software Engineering,Shared Services,Python Backend,FastAPI service standard,api_guide,Data Platform,Data Platform,GLOBAL,Global,en,"[""eng"", ""fastapi-service-standard"", ""python-backend"", ""software-engineering""]","[""FastAPI service standard"", ""Python Backend"", ""eng"", ""fastapi-service-standard"", ""python-backend"", ""software-engineering""]",INTERNAL,"[""employee"", ""engineer"", ""tech_lead"", ""architect""]",[],google_drive,synthetic://software-engineering/ENG-000317,1.2,2023-08-17,2023-10-26,2023-08-22,2025-08-28,ARCHIVED,True,Synthetic dataset generated for research/demo use,VALIDATED,,21197dddd57f
ENG-000318,ENG-PYTHON-B-00260,ENG-000317,Fastapi Service Standard — Global v2.2,"# Fastapi Service Standard — Global v2.2

## Purpose
Teams must apply this guidance when working with FastAPI service standard in production or employee-facing environments.

## Scope
Archived versions remain available for audit purposes but must not be used for new decisions. This version is the global baseline; country-specific documents may impose additional requirements.

## Requirements
- Service contracts must use explicit schemas. - Health and readiness endpoints are required. - Timeouts, structured logging, and request IDs are mandatory in production. - Service contracts must use explicit schemas.

## Controls
Requests requiring elevated access must be approved by the designated owner and recorded in the enterprise service system.

## Procedure
1. Confirm that the request concerns FastAPI service standard.
2. Verify the relevant owner, country, environment, and current version.
3. Follow the approved workflow and capture evidence.
4. Escalate unresolved or exceptional cases to Data Platform.

## Validation
Do not bypass required controls simply to shorten resolution time.

## Version
Version 2.2. Status: ACTIVE.",Software Engineering,Corporate Functions,Python Backend,FastAPI service standard,api_guide,Data Platform,Data Platform,GLOBAL,Global,en,"[""eng"", ""fastapi-service-standard"", ""python-backend"", ""software-engineering""]","[""FastAPI service standard"", ""Python Backend"", ""eng"", ""fastapi-service-standard"", ""python-backend"", ""software-engineering""]",EMPLOYEE,"[""employee"", ""engineer"", ""tech_lead"", ""architect""]",[],github,synthetic://software-engineering/ENG-000318,2.2,2026-05-22,2026-09-23,2026-06-03,,ACTIVE,True,Synthetic dataset generated for research/demo use,VALIDATED,,104d6d532e3c
ENG-000319,ENG-JAVA-SER-00261,,Gradle Builds — India v1.1,"# Gradle Builds — India v1.1

## Purpose
This document defines the approved operating model for Gradle builds within Northstar Digital Services.

## Scope
Archived versions remain available for audit purposes but must not be used for new decisions. This version applies to India.

## Requirements
- Gradle Builds must follow the current approved policy and ownership model. - Operational evidence for Gradle builds should be retained according to the applicable retention schedule. - Exceptions involving Gradle builds require documented approval from the responsible owner. - Teams should use standard tooling and published procedures when working with Gradle builds.

## Controls
Requests requiring elevated access must be approved by the designated owner and recorded in the enterprise service system.

## Procedure
1. Confirm that the request concerns Gradle builds.
2. Verify the relevant owner, country, environment, and current version.
3. Follow the approved workflow and capture evidence.
4. Escalate unresolved or exceptional cases to Architecture Guild.

## Validation
Verify the current document version before acting.

## Version
Version 1.1. Status: ARCHIVED. This document is archived and retained only for historical reference.",Software Engineering,Enterprise Platforms,Java Services,Gradle builds,coding_standard,Architecture Guild,Architecture Guild,IN,India,en,"[""eng"", ""gradle-builds"", ""java-services"", ""software-engineering""]","[""Gradle builds"", ""Java Services"", ""eng"", ""gradle-builds"", ""java-services"", ""software-engineering""]",INTERNAL,"[""employee"", ""engineer"", ""tech_lead"", ""architect""]",[],sharepoint,synthetic://software-engineering/ENG-000319,1.1,2024-09-02,2025-12-03,2024-10-14,,ARCHIVED,True,Synthetic dataset generated for research/demo use,VALIDATED,,43c303be0e41
ENG-000320,ENG-JAVA-SER-00261,ENG-000319,Gradle Builds — India v2.2,"# Gradle Builds — India v2.2

## Purpose
The standard exists to reduce inconsistent implementation, avoid repeated support effort, and provide an auditable source of truth.

## Scope
Country-specific and role-specific exceptions override the global baseline only when explicitly documented. This version applies to India.

## Requirements
- Gradle Builds must follow the current approved policy and ownership model. - Operational evidence for Gradle builds should be retained according to the applicable retention schedule. - Exceptions involving Gradle builds require documented approval from the responsible owner. - Teams should use standard tooling and published procedures when working with Gradle builds.

## Controls
Sensitive information must follow the organisation's classification and least-privilege requirements.

## Procedure
1. Confirm that the request concerns Gradle builds.
2. Verify the relevant owner, country, environment, and current version.
3. Follow the approved workflow and capture evidence.
4. Escalate unresolved or exceptional cases to Architecture Guild.

## Validation
Do not bypass required controls simply to shorten resolution time.

## Version
Version 2.2. Status: ARCHIVED. This document is archived and retained only for historical reference.",Software Engineering,Corporate Functions,Java Services,Gradle builds,coding_standard,Architecture Guild,Architecture Guild,IN,India,en,"[""eng"", ""gradle-builds"", ""java-services"", ""software-engineering""]","[""Gradle builds"", ""Java Services"", ""eng"", ""gradle-builds"", ""java-services"", ""software-engineering""]",INTERNAL,"[""employee"", ""engineer"", ""tech_lead"", ""architect""]",[],google_drive,synthetic://software-engineering/ENG-000320,2.2,2024-11-29,2025-08-29,2024-12-21,2026-01-01,ARCHIVED,True,Synthetic dataset generated for research/demo use,VALIDATED,,105c73e8aa48
ENG-000321,ENG-JAVA-SER-00261,ENG-000320,Gradle Builds — India v3.4,"# Gradle Builds — India v3.4

## Purpose
The standard exists to reduce inconsistent implementation, avoid repeated support effort, and provide an auditable source of truth.

## Scope
Archived versions remain available for audit purposes but must not be used for new decisions. This version applies to India.

## Requirements
- Gradle Builds must follow the current approved policy and ownership model. - Operational evidence for Gradle builds should be retained according to the applicable retention schedule. - Exceptions involving Gradle builds require documented approval from the responsible owner. - Teams should use standard tooling and published procedures when working with Gradle builds.

## Controls
Changes affecting production require peer review, traceable evidence, and rollback instructions.

## Procedure
1. Confirm that the request concerns Gradle builds.
2. Verify the relevant owner, country, environment, and current version.
3. Follow the approved workflow and capture evidence.
4. Escalate unresolved or exceptional cases to Architecture Guild.

## Validation
If the procedure does not resolve the issue, escalate to the listed owner team with timestamps, identifiers, and evidence.

## Version
Version 3.4. Status: ACTIVE.",Software Engineering,Cloud & Security,Java Services,Gradle builds,coding_standard,Architecture Guild,Architecture Guild,IN,India,en,"[""eng"", ""gradle-builds"", ""java-services"", ""software-engineering""]","[""Gradle builds"", ""Java Services"", ""eng"", ""gradle-builds"", ""java-services"", ""software-engineering""]",INTERNAL,"[""employee"", ""engineer"", ""tech_lead"", ""architect""]",[],sharepoint,synthetic://software-engineering/ENG-000321,3.4,2025-09-29,2025-10-12,2025-11-23,,ACTIVE,True,Synthetic dataset generated for research/demo use,VALIDATED,,ec3f892ca927
ENG-000322,ENG-PYTHON-B-00262,,Async I/O — India v1.2,"# Async I/O — India v1.2

## Purpose
This document defines the approved operating model for async I/O within Northstar Digital Services.

## Scope
Archived versions remain available for audit purposes but must not be used for new decisions. This version applies to India.

## Requirements
- Async I/O must follow the current approved policy and ownership model. - Operational evidence for async I/O should be retained according to the applicable retention schedule. - Exceptions involving async I/O require documented approval from the responsible owner. - Teams should use standard tooling and published procedures when working with async I/O.

## Controls
Sensitive information must follow the organisation's classification and least-privilege requirements.

## Procedure
1. Confirm that the request concerns async I/O.
2. Verify the relevant owner, country, environment, and current version.
3. Follow the approved workflow and capture evidence.
4. Escalate unresolved or exceptional cases to Backend Platform.

## Validation
Verify the current document version before acting.

## Version
Version 1.2. Status: ARCHIVED. This document is archived and retained only for historical reference.",Software Engineering,Enterprise Platforms,Python Backend,async I/O,technical_standard,Backend Platform,Backend Platform,IN,India,en,"[""async-i-o"", ""eng"", ""python-backend"", ""software-engineering""]","[""Python Backend"", ""async I/O"", ""async-i-o"", ""eng"", ""python-backend"", ""software-engineering""]",INTERNAL,"[""employee"", ""engineer"", ""tech_lead"", ""architect""]",[],hr_portal,synthetic://software-engineering/ENG-000322,1.2,2024-06-05,2025-01-02,2024-06-20,2025-10-02,ARCHIVED,True,Synthetic dataset generated for research/demo use,VALIDATED,,662fd50f2dac
ENG-000323,ENG-PYTHON-B-00262,ENG-000322,Async I/O — India v2.0,"# Async I/O — India v2.0

## Purpose
The standard exists to reduce inconsistent implementation, avoid repeated support effort, and provide an auditable source of truth.

## Scope
Archived versions remain available for audit purposes but must not be used for new decisions. This version applies to India.

## Requirements
- Async I/O must follow the current approved policy and ownership model. - Operational evidence for async I/O should be retained according to the applicable retention schedule. - Exceptions involving async I/O require documented approval from the responsible owner. - Teams should use standard tooling and published procedures when working with async I/O.

## Controls
Requests requiring elevated access must be approved by the designated owner and recorded in the enterprise service system.

## Procedure
1. Confirm that the request concerns async I/O.
2. Verify the relevant owner, country, environment, and current version.
3. Follow the approved workflow and capture evidence.
4. Escalate unresolved or exceptional cases to Backend Platform.

## Validation
If the procedure does not resolve the issue, escalate to the listed owner team with timestamps, identifiers, and evidence.

## Version
Version 2.0. Status: ACTIVE.",Software Engineering,Cloud & Security,Python Backend,async I/O,technical_standard,Backend Platform,Backend Platform,IN,India,en,"[""async-i-o"", ""eng"", ""python-backend"", ""software-engineering""]","[""Python Backend"", ""async I/O"", ""async-i-o"", ""eng"", ""python-backend"", ""software-engineering""]",INTERNAL,"[""employee"", ""engineer"", ""tech_lead"", ""architect""]",[],google_drive,synthetic://software-engineering/ENG-000323,2.0,2025-02-26,2025-12-25,2025-03-31,,ACTIVE,True,Synthetic dataset generated for research/demo use,VALIDATED,,2025634d26b4
ENG-000324,ENG-FRONTEND-00263,,Design Tokens — Global,"# Design Tokens — Global

## Purpose
Teams must apply this guidance when working with design tokens in production or employee-facing environments.

## Scope
Country-specific and role-specific exceptions override the global baseline only when explicitly documented. This version is the global baseline; country-specific documents may impose additional requirements.

## Requirements
- Design Tokens must follow the current approved policy and ownership model. - Operational evidence for design tokens should be retained according to the applicable retention schedule. - Exceptions involving design tokens require documented approval from the responsible owner. - Teams should use standard tooling and published procedures when working with design tokens.

## Controls
Changes affecting production require peer review, traceable evidence, and rollback instructions.

## Procedure
1. Confirm that the request concerns design tokens.
2. Verify the relevant owner, country, environment, and current version.
3. Follow the approved workflow and capture evidence.
4. Escalate unresolved or exceptional cases to Backend Platform.

## Validation
If the procedure does not resolve the issue, escalate to the listed owner team with timestamps, identifiers, and evidence.

## Version
Version 1.0. Status: ACTIVE.",Software Engineering,Cloud & Security,Frontend,design tokens,architecture_decision_record,Backend Platform,Backend Platform,GLOBAL,Global,en,"[""design-tokens"", ""eng"", ""frontend"", ""software-engineering""]","[""Frontend"", ""design tokens"", ""design-tokens"", ""eng"", ""frontend"", ""software-engineering""]",INTERNAL,"[""employee"", ""engineer"", ""tech_lead"", ""architect""]",[],servicenow,synthetic://software-engineering/ENG-000324,1.0,2023-12-02,2025-07-24,2023-12-20,,ACTIVE,True,Synthetic dataset generated for research/demo use,VALIDATED,,866b52b3e828
ENG-000325,ENG-FRONTEND-00264,,React Standards — Global,"# React Standards — Global

## Purpose
This document defines the approved operating model for React standards within Northstar Digital Services.

## Scope
It applies to employees, contractors, and managed service teams where the stated scope is relevant. This version is the global baseline; country-specific documents may impose additional requirements.

## Requirements
- React Standards must follow the current approved policy and ownership model. - Operational evidence for React standards should be retained according to the applicable retention schedule. - Exceptions involving React standards require documented approval from the responsible owner. - Teams should use standard tooling and published procedures when working with React standards.

## Controls
Requests requiring elevated access must be approved by the designated owner and recorded in the enterprise service system.

## Procedure
1. Confirm that the request concerns React standards.
2. Verify the relevant owner, country, environment, and current version.
3. Follow the approved workflow and capture evidence.
4. Escalate unresolved or exceptional cases to Frontend Platform.

## Validation
Verify the current document version before acting.

## Version
Version 1.4. Status: ARCHIVED. This document is archived and retained only for historical reference.",Software Engineering,Cloud & Security,Frontend,React standards,design_note,Frontend Platform,Frontend Platform,GLOBAL,Global,en,"[""eng"", ""frontend"", ""react-standards"", ""software-engineering""]","[""Frontend"", ""React standards"", ""eng"", ""frontend"", ""react-standards"", ""software-engineering""]",INTERNAL,"[""employee"", ""engineer"", ""tech_lead"", ""architect""]",[],hr_portal,synthetic://software-engineering/ENG-000325,1.4,2026-01-27,2026-09-23,2026-03-21,,ARCHIVED,True,Synthetic dataset generated for research/demo use,VALIDATED,,c71be09364c7
ENG-000326,ENG-APIS-00265,,Idempotency — Global v1.1,"# Idempotency — Global v1.1

## Purpose
Teams must apply this guidance when working with idempotency in production or employee-facing environments.

## Scope
Archived versions remain available for audit purposes but must not be used for new decisions. This version is the global baseline; country-specific documents may impose additional requirements.

## Requirements
- Idempotency must follow the current approved policy and ownership model. - Operational evidence for idempotency should be retained according to the applicable retention schedule. - Exceptions involving idempotency require documented approval from the responsible owner. - Teams should use standard tooling and published procedures when working with idempotency.

## Controls
Requests requiring elevated access must be approved by the designated owner and recorded in the enterprise service system.

## Procedure
1. Confirm that the request concerns idempotency.
2. Verify the relevant owner, country, environment, and current version.
3. Follow the approved workflow and capture evidence.
4. Escalate unresolved or exceptional cases to Frontend Platform.

## Validation
Verify the current document version before acting.

## Version
Version 1.1. Status: ARCHIVED. This document is archived and retained only for historical reference.",Software Engineering,Corporate Functions,APIs,idempotency,architecture_decision_record,Frontend Platform,Frontend Platform,GLOBAL,Global,en,"[""apis"", ""eng"", ""idempotency"", ""software-engineering""]","[""APIs"", ""apis"", ""eng"", ""idempotency"", ""software-engineering""]",INTERNAL,"[""employee"", ""engineer"", ""tech_lead"", ""architect""]",[],confluence,synthetic://software-engineering/ENG-000326,1.1,2024-05-11,2026-03-25,2024-06-05,,ARCHIVED,True,Synthetic dataset generated for research/demo use,VALIDATED,,8a3409bd0473
ENG-000327,ENG-APIS-00265,ENG-000326,Idempotency — Global v2.4,"# Idempotency — Global v2.4

## Purpose
The standard exists to reduce inconsistent implementation, avoid repeated support effort, and provide an auditable source of truth.

## Scope
Country-specific and role-specific exceptions override the global baseline only when explicitly documented. This version is the global baseline; country-specific documents may impose additional requirements.

## Requirements
- Idempotency must follow the current approved policy and ownership model. - Operational evidence for idempotency should be retained according to the applicable retention schedule. - Exceptions involving idempotency require documented approval from the responsible owner. - Teams should use standard tooling and published procedures when working with idempotency.

## Controls
Changes affecting production require peer review, traceable evidence, and rollback instructions.

## Procedure
1. Confirm that the request concerns idempotency.
2. Verify the relevant owner, country, environment, and current version.
3. Follow the approved workflow and capture evidence.
4. Escalate unresolved or exceptional cases to Frontend Platform.

## Validation
Do not bypass required controls simply to shorten resolution time.

## Version
Version 2.4. Status: ARCHIVED. This document is archived and retained only for historical reference.",Software Engineering,Digital Delivery,APIs,idempotency,architecture_decision_record,Frontend Platform,Frontend Platform,GLOBAL,Global,en,"[""apis"", ""eng"", ""idempotency"", ""software-engineering""]","[""APIs"", ""apis"", ""eng"", ""idempotency"", ""software-engineering""]",INTERNAL,"[""employee"", ""engineer"", ""tech_lead"", ""architect""]",[],confluence,synthetic://software-engineering/ENG-000327,2.4,2023-03-28,2024-03-05,2023-05-13,,ARCHIVED,True,Synthetic dataset generated for research/demo use,VALIDATED,,dd1b421399bb
ENG-000328,ENG-APIS-00265,ENG-000327,Idempotency — Global v3.2,"# Idempotency — Global v3.2

## Purpose
Teams must apply this guidance when working with idempotency in production or employee-facing environments.

## Scope
It applies to employees, contractors, and managed service teams where the stated scope is relevant. This version is the global baseline; country-specific documents may impose additional requirements.

## Requirements
- Idempotency must follow the current approved policy and ownership model. - Operational evidence for idempotency should be retained according to the applicable retention schedule. - Exceptions involving idempotency require documented approval from the responsible owner. - Teams should use standard tooling and published procedures when working with idempotency.

## Controls
Requests requiring elevated access must be approved by the designated owner and recorded in the enterprise service system.

## Procedure
1. Confirm that the request concerns idempotency.
2. Verify the relevant owner, country, environment, and current version.
3. Follow the approved workflow and capture evidence.
4. Escalate unresolved or exceptional cases to Frontend Platform.

## Validation
Do not bypass required controls simply to shorten resolution time.

## Version
Version 3.2. Status: ACTIVE.",Software Engineering,Digital Delivery,APIs,idempotency,architecture_decision_record,Frontend Platform,Frontend Platform,GLOBAL,Global,en,"[""apis"", ""eng"", ""idempotency"", ""software-engineering""]","[""APIs"", ""apis"", ""eng"", ""idempotency"", ""software-engineering""]",INTERNAL,"[""employee"", ""engineer"", ""tech_lead"", ""architect""]",[],sharepoint,synthetic://software-engineering/ENG-000328,3.2,2025-03-09,2026-01-20,2025-04-15,,ACTIVE,True,Synthetic dataset generated for research/demo use,VALIDATED,,dfd0574d5e19
ENG-000329,ENG-JAVA-SER-00266,,Dependency Management — Global,"# Dependency Management — Global

## Purpose
The standard exists to reduce inconsistent implementation, avoid repeated support effort, and provide an auditable source of truth.

## Scope
Country-specific and role-specific exceptions override the global baseline only when explicitly documented. This version is the global baseline; country-specific documents may impose additional requirements.

## Requirements
- Dependency Management must follow the current approved policy and ownership model. - Operational evidence for dependency management should be retained according to the applicable retention schedule. - Exceptions involving dependency management require documented approval from the responsible owner. - Teams should use standard tooling and published procedures when working with dependency management.

## Controls
Requests requiring elevated access must be approved by the designated owner and recorded in the enterprise service system.

## Procedure
1. Confirm that the request concerns dependency management.
2. Verify the relevant owner, country, environment, and current version.
3. Follow the approved workflow and capture evidence.
4. Escalate unresolved or exceptional cases to Backend Platform.

## Validation
If the procedure does not resolve the issue, escalate to the listed owner team with timestamps, identifiers, and evidence.

## Version
Version 1.3. Status: ACTIVE.",Software Engineering,Cloud & Security,Java Services,dependency management,known_issue,Backend Platform,Backend Platform,GLOBAL,Global,en,"[""dependency-management"", ""eng"", ""java-services"", ""software-engineering""]","[""Java Services"", ""dependency management"", ""dependency-management"", ""eng"", ""java-services"", ""software-engineering""]",INTERNAL,"[""employee"", ""engineer"", ""tech_lead"", ""architect""]",[],servicenow,synthetic://software-engineering/ENG-000329,1.3,2023-02-04,2024-10-18,2023-03-06,,ACTIVE,True,Synthetic dataset generated for research/demo use,VALIDATED,,42f2c6b3b9de
ENG-000330,ENG-APIS-00267,,Idempotency — Global,"# Idempotency — Global

## Purpose
The standard exists to reduce inconsistent implementation, avoid repeated support effort, and provide an auditable source of truth.

## Scope
Archived versions remain available for audit purposes but must not be used for new decisions. This version is the global baseline; country-specific documents may impose additional requirements.

## Requirements
- Idempotency must follow the current approved policy and ownership model. - Operational evidence for idempotency should be retained according to the applicable retention schedule. - Exceptions involving idempotency require documented approval from the responsible owner. - Teams should use standard tooling and published procedures when working with idempotency.

## Controls
Sensitive information must follow the organisation's classification and least-privilege requirements.

## Procedure
1. Confirm that the request concerns idempotency.
2. Verify the relevant owner, country, environment, and current version.
3. Follow the approved workflow and capture evidence.
4. Escalate unresolved or exceptional cases to Architecture Guild.

## Validation
Do not bypass required controls simply to shorten resolution time.

## Version
Version 1.4. Status: ACTIVE.",Software Engineering,Cloud & Security,APIs,idempotency,coding_standard,Architecture Guild,Architecture Guild,GLOBAL,Global,en,"[""apis"", ""eng"", ""idempotency"", ""software-engineering""]","[""APIs"", ""apis"", ""eng"", ""idempotency"", ""software-engineering""]",EMPLOYEE,"[""employee"", ""engineer"", ""tech_lead"", ""architect""]",[],google_drive,synthetic://software-engineering/ENG-000330,1.4,2023-03-14,2023-08-06,2023-03-25,,ACTIVE,True,Synthetic dataset generated for research/demo use,VALIDATED,,c91d6b037f94
ENG-000331,ENG-FRONTEND-00268,,Design Tokens — Global,"# Design Tokens — Global

## Purpose
This document defines the approved operating model for design tokens within Northstar Digital Services.

## Scope
Country-specific and role-specific exceptions override the global baseline only when explicitly documented. This version is the global baseline; country-specific documents may impose additional requirements.

## Requirements
- Design Tokens must follow the current approved policy and ownership model. - Operational evidence for design tokens should be retained according to the applicable retention schedule. - Exceptions involving design tokens require documented approval from the responsible owner. - Teams should use standard tooling and published procedures when working with design tokens.

## Controls
Sensitive information must follow the organisation's classification and least-privilege requirements.

## Procedure
1. Confirm that the request concerns design tokens.
2. Verify the relevant owner, country, environment, and current version.
3. Follow the approved workflow and capture evidence.
4. Escalate unresolved or exceptional cases to Frontend Platform.

## Validation
Verify the current document version before acting.

## Version
Version 1.0. Status: ACTIVE.",Software Engineering,Cloud & Security,Frontend,design tokens,coding_standard,Frontend Platform,Frontend Platform,GLOBAL,Global,en,"[""design-tokens"", ""eng"", ""frontend"", ""software-engineering""]","[""Frontend"", ""design tokens"", ""design-tokens"", ""eng"", ""frontend"", ""software-engineering""]",INTERNAL,"[""employee"", ""engineer"", ""tech_lead"", ""architect""]",[],sharepoint,synthetic://software-engineering/ENG-000331,1.0,2023-06-08,2024-05-24,2023-06-19,,ACTIVE,True,Synthetic dataset generated for research/demo use,VALIDATED,,66137cf2f1c3
ENG-000332,ENG-JAVA-SER-00269,,Java Runtime — United States,"# Java Runtime — United States

## Purpose
This document defines the approved operating model for Java runtime within Northstar Digital Services.

## Scope
It applies to employees, contractors, and managed service teams where the stated scope is relevant. This version applies to United States.

## Requirements
- Java Runtime must follow the current approved policy and ownership model. - Operational evidence for Java runtime should be retained according to the applicable retention schedule. - Exceptions involving Java runtime require documented approval from the responsible owner. - Teams should use standard tooling and published procedures when working with Java runtime.

## Controls
Requests requiring elevated access must be approved by the designated owner and recorded in the enterprise service system.

## Procedure
1. Confirm that the request concerns Java runtime.
2. Verify the relevant owner, country, environment, and current version.
3. Follow the approved workflow and capture evidence.
4. Escalate unresolved or exceptional cases to Data Platform.

## Validation
If the procedure does not resolve the issue, escalate to the listed owner team with timestamps, identifiers, and evidence.

## Version
Version 1.0. Status: ACTIVE.",Software Engineering,Cloud & Security,Java Services,Java runtime,known_issue,Data Platform,Data Platform,US,United States,en,"[""eng"", ""java-runtime"", ""java-services"", ""software-engineering""]","[""Java Services"", ""Java runtime"", ""eng"", ""java-runtime"", ""java-services"", ""software-engineering""]",INTERNAL,"[""employee"", ""engineer"", ""tech_lead"", ""architect""]",[],github,synthetic://software-engineering/ENG-000332,1.0,2025-08-08,2026-02-06,2025-09-05,,ACTIVE,True,Synthetic dataset generated for research/demo use,VALIDATED,,9b21de061587
ENG-000333,ENG-TESTING-00270,,Integration Testing — Global v1.1,"# Integration Testing — Global v1.1

## Purpose
The standard exists to reduce inconsistent implementation, avoid repeated support effort, and provide an auditable source of truth.

## Scope
It applies to employees, contractors, and managed service teams where the stated scope is relevant. This version is the global baseline; country-specific documents may impose additional requirements.

## Requirements
- Integration Testing must follow the current approved policy and ownership model. - Operational evidence for integration testing should be retained according to the applicable retention schedule. - Exceptions involving integration testing require documented approval from the responsible owner. - Teams should use standard tooling and published procedures when working with integration testing.

## Controls
Changes affecting production require peer review, traceable evidence, and rollback instructions.

## Procedure
1. Confirm that the request concerns integration testing.
2. Verify the relevant owner, country, environment, and current version.
3. Follow the approved workflow and capture evidence.
4. Escalate unresolved or exceptional cases to Frontend Platform.

## Validation
If the procedure does not resolve the issue, escalate to the listed owner team with timestamps, identifiers, and evidence.

## Version
Version 1.1. Status: ARCHIVED. This document is archived and retained only for historical reference.",Software Engineering,Shared Services,Testing,integration testing,api_guide,Frontend Platform,Frontend Platform,GLOBAL,Global,en,"[""eng"", ""integration-testing"", ""software-engineering"", ""testing""]","[""Testing"", ""eng"", ""integration testing"", ""integration-testing"", ""software-engineering"", ""testing""]",INTERNAL,"[""employee"", ""engineer"", ""tech_lead"", ""architect""]",[],hr_portal,synthetic://software-engineering/ENG-000333,1.1,2025-05-27,2026-05-27,2025-06-16,2027-08-03,ARCHIVED,True,Synthetic dataset generated for research/demo use,VALIDATED,,0176165497cd
ENG-000334,ENG-TESTING-00270,ENG-000333,Integration Testing — Global v2.4,"# Integration Testing — Global v2.4

## Purpose
This document defines the approved operating model for integration testing within Northstar Digital Services.

## Scope
Country-specific and role-specific exceptions override the global baseline only when explicitly documented. This version is the global baseline; country-specific documents may impose additional requirements.

## Requirements
- Integration Testing must follow the current approved policy and ownership model. - Operational evidence for integration testing should be retained according to the applicable retention schedule. - Exceptions involving integration testing require documented approval from the responsible owner. - Teams should use standard tooling and published procedures when working with integration testing.

## Controls
Sensitive information must follow the organisation's classification and least-privilege requirements.

## Procedure
1. Confirm that the request concerns integration testing.
2. Verify the relevant owner, country, environment, and current version.
3. Follow the approved workflow and capture evidence.
4. Escalate unresolved or exceptional cases to Frontend Platform.

## Validation
Do not bypass required controls simply to shorten resolution time.

## Version
Version 2.4. Status: ACTIVE.",Software Engineering,Corporate Functions,Testing,integration testing,api_guide,Frontend Platform,Frontend Platform,GLOBAL,Global,en,"[""eng"", ""integration-testing"", ""software-engineering"", ""testing""]","[""Testing"", ""eng"", ""integration testing"", ""integration-testing"", ""software-engineering"", ""testing""]",INTERNAL,"[""employee"", ""engineer"", ""tech_lead"", ""architect""]",[],servicenow,synthetic://software-engineering/ENG-000334,2.4,2026-08-10,2026-09-23,2026-08-17,,ACTIVE,True,Synthetic dataset generated for research/demo use,VALIDATED,,3d2b00b9e7d3
ENG-000335,ENG-MESSAGIN-00271,,Exactly-Once Semantics — Global,"# Exactly-Once Semantics — Global

## Purpose
This document defines the approved operating model for exactly-once semantics within Northstar Digital Services.

## Scope
Archived versions remain available for audit purposes but must not be used for new decisions. This version is the global baseline; country-specific documents may impose additional requirements.

## Requirements
- Exactly-Once Semantics must follow the current approved policy and ownership model. - Operational evidence for exactly-once semantics should be retained according to the applicable retention schedule. - Exceptions involving exactly-once semantics require documented approval from the responsible owner. - Teams should use standard tooling and published procedures when working with exactly-once semantics.

## Controls
Requests requiring elevated access must be approved by the designated owner and recorded in the enterprise service system.

## Procedure
1. Confirm that the request concerns exactly-once semantics.
2. Verify the relevant owner, country, environment, and current version.
3. Follow the approved workflow and capture evidence.
4. Escalate unresolved or exceptional cases to Backend Platform.

## Validation
Do not bypass required controls simply to shorten resolution time.

## Version
Version 1.3. Status: ACTIVE.",Software Engineering,Shared Services,Messaging,exactly-once semantics,known_issue,Backend Platform,Backend Platform,GLOBAL,Global,en,"[""eng"", ""exactly-once-semantics"", ""messaging"", ""software-engineering""]","[""Messaging"", ""eng"", ""exactly-once semantics"", ""exactly-once-semantics"", ""messaging"", ""software-engineering""]",INTERNAL,"[""employee"", ""engineer"", ""tech_lead"", ""architect""]",[],servicenow,synthetic://software-engineering/ENG-000335,1.3,2025-08-15,2026-03-17,2025-08-30,,ACTIVE,True,Synthetic dataset generated for research/demo use,VALIDATED,,c9475c3f5802
ENG-000336,ENG-APIS-00272,,Rate Limiting — United Kingdom,"# Rate Limiting — United Kingdom

## Purpose
Teams must apply this guidance when working with rate limiting in production or employee-facing environments.

## Scope
Country-specific and role-specific exceptions override the global baseline only when explicitly documented. This version applies to United Kingdom.

## Requirements
- Rate Limiting must follow the current approved policy and ownership model. - Operational evidence for rate limiting should be retained according to the applicable retention schedule. - Exceptions involving rate limiting require documented approval from the responsible owner. - Teams should use standard tooling and published procedures when working with rate limiting.

## Controls
Sensitive information must follow the organisation's classification and least-privilege requirements.

## Procedure
1. Confirm that the request concerns rate limiting.
2. Verify the relevant owner, country, environment, and current version.
3. Follow the approved workflow and capture evidence.
4. Escalate unresolved or exceptional cases to Backend Platform.

## Validation
Verify the current document version before acting.

## Version
Version 1.2. Status: ACTIVE.",Software Engineering,Corporate Functions,APIs,rate limiting,api_guide,Backend Platform,Backend Platform,UK,United Kingdom,en,"[""apis"", ""eng"", ""rate-limiting"", ""software-engineering""]","[""APIs"", ""apis"", ""eng"", ""rate limiting"", ""rate-limiting"", ""software-engineering""]",INTERNAL,"[""employee"", ""engineer"", ""tech_lead"", ""architect""]",[],confluence,synthetic://software-engineering/ENG-000336,1.2,2024-05-11,2025-10-23,2024-06-28,,ACTIVE,True,Synthetic dataset generated for research/demo use,VALIDATED,,d92ced4c28f2
ENG-000337,ENG-DATABASE-00273,,Indexing — Global,"# Indexing — Global

## Purpose
This document defines the approved operating model for indexing within Northstar Digital Services.

## Scope
Country-specific and role-specific exceptions override the global baseline only when explicitly documented. This version is the global baseline; country-specific documents may impose additional requirements.

## Requirements
- Indexing must follow the current approved policy and ownership model. - Operational evidence for indexing should be retained according to the applicable retention schedule. - Exceptions involving indexing require documented approval from the responsible owner. - Teams should use standard tooling and published procedures when working with indexing.

## Controls
Sensitive information must follow the organisation's classification and least-privilege requirements.

## Procedure
1. Confirm that the request concerns indexing.
2. Verify the relevant owner, country, environment, and current version.
3. Follow the approved workflow and capture evidence.
4. Escalate unresolved or exceptional cases to Data Platform.

## Validation
Do not bypass required controls simply to shorten resolution time.

## Version
Version 1.1. Status: ACTIVE.",Software Engineering,Corporate Functions,Databases,indexing,api_guide,Data Platform,Data Platform,GLOBAL,Global,en,"[""databases"", ""eng"", ""indexing"", ""software-engineering""]","[""Databases"", ""databases"", ""eng"", ""indexing"", ""software-engineering""]",INTERNAL,"[""employee"", ""engineer"", ""tech_lead"", ""architect""]",[],github,synthetic://software-engineering/ENG-000337,1.1,2023-11-16,2024-02-28,2023-11-27,,ACTIVE,True,Synthetic dataset generated for research/demo use,VALIDATED,,37d80dcb0279
ENG-000338,ENG-MESSAGIN-00274,,Exactly-Once Semantics — United Kingdom,"# Exactly-Once Semantics — United Kingdom

## Purpose
This document defines the approved operating model for exactly-once semantics within Northstar Digital Services.

## Scope
Archived versions remain available for audit purposes but must not be used for new decisions. This version applies to United Kingdom.

## Requirements
- Exactly-Once Semantics must follow the current approved policy and ownership model. - Operational evidence for exactly-once semantics should be retained according to the applicable retention schedule. - Exceptions involving exactly-once semantics require documented approval from the responsible owner. - Teams should use standard tooling and published procedures when working with exactly-once semantics.

## Controls
Changes affecting production require peer review, traceable evidence, and rollback instructions.

## Procedure
1. Confirm that the request concerns exactly-once semantics.
2. Verify the relevant owner, country, environment, and current version.
3. Follow the approved workflow and capture evidence.
4. Escalate unresolved or exceptional cases to Frontend Platform.

## Validation
Verify the current document version before acting.

## Version
Version 1.0. Status: ACTIVE.",Software Engineering,Shared Services,Messaging,exactly-once semantics,design_note,Frontend Platform,Frontend Platform,UK,United Kingdom,en,"[""eng"", ""exactly-once-semantics"", ""messaging"", ""software-engineering""]","[""Messaging"", ""eng"", ""exactly-once semantics"", ""exactly-once-semantics"", ""messaging"", ""software-engineering""]",INTERNAL,"[""employee"", ""engineer"", ""tech_lead"", ""architect""]",[],confluence,synthetic://software-engineering/ENG-000338,1.0,2026-03-25,2026-09-23,2026-05-24,,ACTIVE,True,Synthetic dataset generated for research/demo use,VALIDATED,,849862d84dca
ENG-000339,ENG-TESTING-00275,,Contract Testing — Australia,"# Contract Testing — Australia

## Purpose
This document defines the approved operating model for contract testing within Northstar Digital Services.

## Scope
Country-specific and role-specific exceptions override the global baseline only when explicitly documented. This version applies to Australia.

## Requirements
- Contract Testing must follow the current approved policy and ownership model. - Operational evidence for contract testing should be retained according to the applicable retention schedule. - Exceptions involving contract testing require documented approval from the responsible owner. - Teams should use standard tooling and published procedures when working with contract testing.

## Controls
Sensitive information must follow the organisation's classification and least-privilege requirements.

## Procedure
1. Confirm that the request concerns contract testing.
2. Verify the relevant owner, country, environment, and current version.
3. Follow the approved workflow and capture evidence.
4. Escalate unresolved or exceptional cases to Data Platform.

## Validation
If the procedure does not resolve the issue, escalate to the listed owner team with timestamps, identifiers, and evidence.

## Version
Version 1.2. Status: ACTIVE.",Software Engineering,Corporate Functions,Testing,contract testing,api_guide,Data Platform,Data Platform,AU,Australia,en,"[""contract-testing"", ""eng"", ""software-engineering"", ""testing""]","[""Testing"", ""contract testing"", ""contract-testing"", ""eng"", ""software-engineering"", ""testing""]",INTERNAL,"[""employee"", ""engineer"", ""tech_lead"", ""architect""]",[],servicenow,synthetic://software-engineering/ENG-000339,1.2,2023-03-22,2023-11-29,2023-04-14,,ACTIVE,True,Synthetic dataset generated for research/demo use,VALIDATED,,dab586cccae8
ENG-000340,ENG-APIS-00276,,Idempotency — Australia,"# Idempotency — Australia

## Purpose
The standard exists to reduce inconsistent implementation, avoid repeated support effort, and provide an auditable source of truth.

## Scope
Country-specific and role-specific exceptions override the global baseline only when explicitly documented. This version applies to Australia.

## Requirements
- Idempotency must follow the current approved policy and ownership model. - Operational evidence for idempotency should be retained according to the applicable retention schedule. - Exceptions involving idempotency require documented approval from the responsible owner. - Teams should use standard tooling and published procedures when working with idempotency.

## Controls
Requests requiring elevated access must be approved by the designated owner and recorded in the enterprise service system.

## Procedure
1. Confirm that the request concerns idempotency.
2. Verify the relevant owner, country, environment, and current version.
3. Follow the approved workflow and capture evidence.
4. Escalate unresolved or exceptional cases to Developer Experience.

## Validation
Do not bypass required controls simply to shorten resolution time.

## Version
Version 1.3. Status: ACTIVE.",Software Engineering,Shared Services,APIs,idempotency,api_guide,Developer Experience,Developer Experience,AU,Australia,en,"[""apis"", ""eng"", ""idempotency"", ""software-engineering""]","[""APIs"", ""apis"", ""eng"", ""idempotency"", ""software-engineering""]",EMPLOYEE,"[""employee"", ""engineer"", ""tech_lead"", ""architect""]",[],servicenow,synthetic://software-engineering/ENG-000340,1.3,2024-06-28,2025-03-14,2024-08-05,,ACTIVE,True,Synthetic dataset generated for research/demo use,VALIDATED,,49fda8cfab81
ENG-000341,ENG-ARCHITEC-00277,,Event-Driven Design — United States,"# Event-Driven Design — United States

## Purpose
This document defines the approved operating model for event-driven design within Northstar Digital Services.

## Scope
It applies to employees, contractors, and managed service teams where the stated scope is relevant. This version applies to United States.

## Requirements
- Event-Driven Design must follow the current approved policy and ownership model. - Operational evidence for event-driven design should be retained according to the applicable retention schedule. - Exceptions involving event-driven design require documented approval from the responsible owner. - Teams should use standard tooling and published procedures when working with event-driven design.

## Controls
Changes affecting production require peer review, traceable evidence, and rollback instructions.

## Procedure
1. Confirm that the request concerns event-driven design.
2. Verify the relevant owner, country, environment, and current version.
3. Follow the approved workflow and capture evidence.
4. Escalate unresolved or exceptional cases to Backend Platform.

## Validation
Verify the current document version before acting.

## Version
Version 1.3. Status: ACTIVE.",Software Engineering,Corporate Functions,Architecture,event-driven design,migration_guide,Backend Platform,Backend Platform,US,United States,en,"[""architecture"", ""eng"", ""event-driven-design"", ""software-engineering""]","[""Architecture"", ""architecture"", ""eng"", ""event-driven design"", ""event-driven-design"", ""software-engineering""]",INTERNAL,"[""employee"", ""engineer"", ""tech_lead"", ""architect""]",[],hr_portal,synthetic://software-engineering/ENG-000341,1.3,2024-02-21,2024-03-27,2024-04-07,,ACTIVE,True,Synthetic dataset generated for research/demo use,VALIDATED,,b0a4328522a7
ENG-000342,ENG-JAVA-SER-00278,,Service Templates — United States,"# Service Templates — United States

## Purpose
Teams must apply this guidance when working with service templates in production or employee-facing environments.

## Scope
It applies to employees, contractors, and managed service teams where the stated scope is relevant. This version applies to United States.

## Requirements
- Service Templates must follow the current approved policy and ownership model. - Operational evidence for service templates should be retained according to the applicable retention schedule. - Exceptions involving service templates require documented approval from the responsible owner. - Teams should use standard tooling and published procedures when working with service templates.

## Controls
Changes affecting production require peer review, traceable evidence, and rollback instructions.

## Procedure
1. Confirm that the request concerns service templates.
2. Verify the relevant owner, country, environment, and current version.
3. Follow the approved workflow and capture evidence.
4. Escalate unresolved or exceptional cases to Developer Experience.

## Validation
Verify the current document version before acting.

## Version
Version 1.4. Status: ACTIVE.",Software Engineering,Enterprise Platforms,Java Services,service templates,design_note,Developer Experience,Developer Experience,US,United States,en,"[""eng"", ""java-services"", ""service-templates"", ""software-engineering""]","[""Java Services"", ""eng"", ""java-services"", ""service templates"", ""service-templates"", ""software-engineering""]",INTERNAL,"[""employee"", ""engineer"", ""tech_lead"", ""architect""]",[],google_drive,synthetic://software-engineering/ENG-000342,1.4,2025-12-21,2026-09-23,2026-02-18,,ACTIVE,True,Synthetic dataset generated for research/demo use,VALIDATED,,3ae62a3a574e
ENG-000343,ENG-JAVA-SER-00279,,Spring Boot Standard — Global,"# Spring Boot Standard — Global

## Purpose
This document defines the approved operating model for Spring Boot standard within Northstar Digital Services.

## Scope
It applies to employees, contractors, and managed service teams where the stated scope is relevant. This version is the global baseline; country-specific documents may impose additional requirements.

## Requirements
- Spring Boot Standard must follow the current approved policy and ownership model. - Operational evidence for Spring Boot standard should be retained according to the applicable retention schedule. - Exceptions involving Spring Boot standard require documented approval from the responsible owner. - Teams should use standard tooling and published procedures when working with Spring Boot standard.

## Controls
Changes affecting production require peer review, traceable evidence, and rollback instructions.

## Procedure
1. Confirm that the request concerns Spring Boot standard.
2. Verify the relevant owner, country, environment, and current version.
3. Follow the approved workflow and capture evidence.
4. Escalate unresolved or exceptional cases to Data Platform.

## Validation
If the procedure does not resolve the issue, escalate to the listed owner team with timestamps, identifiers, and evidence.

## Version
Version 1.1. Status: DRAFT.  This document is a draft and must not be treated as an approved source of policy.",Software Engineering,Cloud & Security,Java Services,Spring Boot standard,technical_standard,Data Platform,Data Platform,GLOBAL,Global,en,"[""eng"", ""java-services"", ""software-engineering"", ""spring-boot-standard""]","[""Java Services"", ""Spring Boot standard"", ""eng"", ""java-services"", ""software-engineering"", ""spring-boot-standard""]",INTERNAL,"[""employee"", ""engineer"", ""tech_lead"", ""architect""]",[],github,synthetic://software-engineering/ENG-000343,1.1,2023-02-27,2024-10-12,2023-04-08,2024-01-15,DRAFT,True,Synthetic dataset generated for research/demo use,VALIDATED,,b9921c7c683b
ENG-000344,ENG-ARCHITEC-00280,,Monolith Decomposition — Global,"# Monolith Decomposition — Global

## Purpose
This document defines the approved operating model for monolith decomposition within Northstar Digital Services.

## Scope
It applies to employees, contractors, and managed service teams where the stated scope is relevant. This version is the global baseline; country-specific documents may impose additional requirements.

## Requirements
- Monolith Decomposition must follow the current approved policy and ownership model. - Operational evidence for monolith decomposition should be retained according to the applicable retention schedule. - Exceptions involving monolith decomposition require documented approval from the responsible owner. - Teams should use standard tooling and published procedures when working with monolith decomposition.

## Controls
Requests requiring elevated access must be approved by the designated owner and recorded in the enterprise service system.

## Procedure
1. Confirm that the request concerns monolith decomposition.
2. Verify the relevant owner, country, environment, and current version.
3. Follow the approved workflow and capture evidence.
4. Escalate unresolved or exceptional cases to Architecture Guild.

## Validation
Verify the current document version before acting.

## Version
Version 1.3. Status: ACTIVE.",Software Engineering,Shared Services,Architecture,monolith decomposition,api_guide,Architecture Guild,Architecture Guild,GLOBAL,Global,en,"[""architecture"", ""eng"", ""monolith-decomposition"", ""software-engineering""]","[""Architecture"", ""architecture"", ""eng"", ""monolith decomposition"", ""monolith-decomposition"", ""software-engineering""]",INTERNAL,"[""employee"", ""engineer"", ""tech_lead"", ""architect""]",[],hr_portal,synthetic://software-engineering/ENG-000344,1.3,2025-05-16,2026-07-04,2025-06-30,,ACTIVE,True,Synthetic dataset generated for research/demo use,VALIDATED,,94f979479e7f
ENG-000345,ENG-APIS-00281,,Openapi Contracts — United States,"# Openapi Contracts — United States

## Purpose
The standard exists to reduce inconsistent implementation, avoid repeated support effort, and provide an auditable source of truth.

## Scope
It applies to employees, contractors, and managed service teams where the stated scope is relevant. This version applies to United States.

## Requirements
- Openapi Contracts must follow the current approved policy and ownership model. - Operational evidence for OpenAPI contracts should be retained according to the applicable retention schedule. - Exceptions involving OpenAPI contracts require documented approval from the responsible owner. - Teams should use standard tooling and published procedures when working with OpenAPI contracts.

## Controls
Sensitive information must follow the organisation's classification and least-privilege requirements.

## Procedure
1. Confirm that the request concerns OpenAPI contracts.
2. Verify the relevant owner, country, environment, and current version.
3. Follow the approved workflow and capture evidence.
4. Escalate unresolved or exceptional cases to Frontend Platform.

## Validation
Verify the current document version before acting.

## Version
Version 1.3. Status: ARCHIVED. This document is archived and retained only for historical reference.",Software Engineering,Shared Services,APIs,OpenAPI contracts,architecture_decision_record,Frontend Platform,Frontend Platform,US,United States,en,"[""apis"", ""eng"", ""openapi-contracts"", ""software-engineering""]","[""APIs"", ""OpenAPI contracts"", ""apis"", ""eng"", ""openapi-contracts"", ""software-engineering""]",INTERNAL,"[""employee"", ""engineer"", ""tech_lead"", ""architect""]",[],confluence,synthetic://software-engineering/ENG-000345,1.3,2024-03-19,2025-05-21,2024-05-16,,ARCHIVED,True,Synthetic dataset generated for research/demo use,VALIDATED,,94b05d0c7fba
ENG-000346,ENG-APIS-00282,,Openapi Contracts — Global v1.1,"# Openapi Contracts — Global v1.1

## Purpose
Teams must apply this guidance when working with OpenAPI contracts in production or employee-facing environments.

## Scope
Country-specific and role-specific exceptions override the global baseline only when explicitly documented. This version is the global baseline; country-specific documents may impose additional requirements.

## Requirements
- Openapi Contracts must follow the current approved policy and ownership model. - Operational evidence for OpenAPI contracts should be retained according to the applicable retention schedule. - Exceptions involving OpenAPI contracts require documented approval from the responsible owner. - Teams should use standard tooling and published procedures when working with OpenAPI contracts.

## Controls
Sensitive information must follow the organisation's classification and least-privilege requirements.

## Procedure
1. Confirm that the request concerns OpenAPI contracts.
2. Verify the relevant owner, country, environment, and current version.
3. Follow the approved workflow and capture evidence.
4. Escalate unresolved or exceptional cases to Backend Platform.

## Validation
Do not bypass required controls simply to shorten resolution time.

## Version
Version 1.1. Status: ARCHIVED. This document is archived and retained only for historical reference.",Software Engineering,Shared Services,APIs,OpenAPI contracts,coding_standard,Backend Platform,Backend Platform,GLOBAL,Global,en,"[""apis"", ""eng"", ""openapi-contracts"", ""software-engineering""]","[""APIs"", ""OpenAPI contracts"", ""apis"", ""eng"", ""openapi-contracts"", ""software-engineering""]",INTERNAL,"[""employee"", ""engineer"", ""tech_lead"", ""architect""]",[],hr_portal,synthetic://software-engineering/ENG-000346,1.1,2025-07-28,2026-03-30,2025-07-31,,ARCHIVED,True,Synthetic dataset generated for research/demo use,VALIDATED,,16d33850a89a
ENG-000347,ENG-APIS-00282,ENG-000346,Openapi Contracts — Global v2.3,"# Openapi Contracts — Global v2.3

## Purpose
Teams must apply this guidance when working with OpenAPI contracts in production or employee-facing environments.

## Scope
Country-specific and role-specific exceptions override the global baseline only when explicitly documented. This version is the global baseline; country-specific documents may impose additional requirements.

## Requirements
- Openapi Contracts must follow the current approved policy and ownership model. - Operational evidence for OpenAPI contracts should be retained according to the applicable retention schedule. - Exceptions involving OpenAPI contracts require documented approval from the responsible owner. - Teams should use standard tooling and published procedures when working with OpenAPI contracts.

## Controls
Requests requiring elevated access must be approved by the designated owner and recorded in the enterprise service system.

## Procedure
1. Confirm that the request concerns OpenAPI contracts.
2. Verify the relevant owner, country, environment, and current version.
3. Follow the approved workflow and capture evidence.
4. Escalate unresolved or exceptional cases to Backend Platform.

## Validation
Verify the current document version before acting.

## Version
Version 2.3. Status: ARCHIVED. This document is archived and retained only for historical reference.",Software Engineering,Digital Delivery,APIs,OpenAPI contracts,coding_standard,Backend Platform,Backend Platform,GLOBAL,Global,en,"[""apis"", ""eng"", ""openapi-contracts"", ""software-engineering""]","[""APIs"", ""OpenAPI contracts"", ""apis"", ""eng"", ""openapi-contracts"", ""software-engineering""]",EMPLOYEE,"[""employee"", ""engineer"", ""tech_lead"", ""architect""]",[],hr_portal,synthetic://software-engineering/ENG-000347,2.3,2025-04-09,2025-05-08,2025-05-14,2027-09-15,ARCHIVED,True,Synthetic dataset generated for research/demo use,VALIDATED,,deac536ecc14
ENG-000348,ENG-APIS-00282,ENG-000347,Openapi Contracts — Global v3.2,"# Openapi Contracts — Global v3.2

## Purpose
The standard exists to reduce inconsistent implementation, avoid repeated support effort, and provide an auditable source of truth.

## Scope
It applies to employees, contractors, and managed service teams where the stated scope is relevant. This version is the global baseline; country-specific documents may impose additional requirements.

## Requirements
- Openapi Contracts must follow the current approved policy and ownership model. - Operational evidence for OpenAPI contracts should be retained according to the applicable retention schedule. - Exceptions involving OpenAPI contracts require documented approval from the responsible owner. - Teams should use standard tooling and published procedures when working with OpenAPI contracts.

## Controls
Requests requiring elevated access must be approved by the designated owner and recorded in the enterprise service system.

## Procedure
1. Confirm that the request concerns OpenAPI contracts.
2. Verify the relevant owner, country, environment, and current version.
3. Follow the approved workflow and capture evidence.
4. Escalate unresolved or exceptional cases to Backend Platform.

## Validation
Verify the current document version before acting.

## Version
Version 3.2. Status: ACTIVE.",Software Engineering,Corporate Functions,APIs,OpenAPI contracts,coding_standard,Backend Platform,Backend Platform,GLOBAL,Global,en,"[""apis"", ""eng"", ""openapi-contracts"", ""software-engineering""]","[""APIs"", ""OpenAPI contracts"", ""apis"", ""eng"", ""openapi-contracts"", ""software-engineering""]",INTERNAL,"[""employee"", ""engineer"", ""tech_lead"", ""architect""]",[],confluence,synthetic://software-engineering/ENG-000348,3.2,2026-02-28,2026-09-23,2026-03-14,,ACTIVE,True,Synthetic dataset generated for research/demo use,VALIDATED,,c97fccb0d6ea
ENG-000349,ENG-PYTHON-B-00283,,Async I/O — United Kingdom,"# Async I/O — United Kingdom

## Purpose
This document defines the approved operating model for async I/O within Northstar Digital Services.

## Scope
Country-specific and role-specific exceptions override the global baseline only when explicitly documented. This version applies to United Kingdom.

## Requirements
- Async I/O must follow the current approved policy and ownership model. - Operational evidence for async I/O should be retained according to the applicable retention schedule. - Exceptions involving async I/O require documented approval from the responsible owner. - Teams should use standard tooling and published procedures when working with async I/O.

## Controls
Sensitive information must follow the organisation's classification and least-privilege requirements.

## Procedure
1. Confirm that the request concerns async I/O.
2. Verify the relevant owner, country, environment, and current version.
3. Follow the approved workflow and capture evidence.
4. Escalate unresolved or exceptional cases to Data Platform.

## Validation
Verify the current document version before acting.

## Version
Version 1.1. Status: ACTIVE.",Software Engineering,Cloud & Security,Python Backend,async I/O,migration_guide,Data Platform,Data Platform,UK,United Kingdom,en,"[""async-i-o"", ""eng"", ""python-backend"", ""software-engineering""]","[""Python Backend"", ""async I/O"", ""async-i-o"", ""eng"", ""python-backend"", ""software-engineering""]",INTERNAL,"[""employee"", ""engineer"", ""tech_lead"", ""architect""]",[],confluence,synthetic://software-engineering/ENG-000349,1.1,2023-10-24,2025-05-13,2023-10-30,,ACTIVE,True,Synthetic dataset generated for research/demo use,VALIDATED,,5fde2b59a7cc
ENG-000350,ENG-JAVA-SER-00284,,Jvm Tuning — Global,"# Jvm Tuning — Global

## Purpose
The standard exists to reduce inconsistent implementation, avoid repeated support effort, and provide an auditable source of truth.

## Scope
Archived versions remain available for audit purposes but must not be used for new decisions. This version is the global baseline; country-specific documents may impose additional requirements.

## Requirements
- Jvm Tuning must follow the current approved policy and ownership model. - Operational evidence for JVM tuning should be retained according to the applicable retention schedule. - Exceptions involving JVM tuning require documented approval from the responsible owner. - Teams should use standard tooling and published procedures when working with JVM tuning.

## Controls
Sensitive information must follow the organisation's classification and least-privilege requirements.

## Procedure
1. Confirm that the request concerns JVM tuning.
2. Verify the relevant owner, country, environment, and current version.
3. Follow the approved workflow and capture evidence.
4. Escalate unresolved or exceptional cases to Data Platform.

## Validation
If the procedure does not resolve the issue, escalate to the listed owner team with timestamps, identifiers, and evidence.

## Version
Version 1.4. Status: ACTIVE.",Software Engineering,Enterprise Platforms,Java Services,JVM tuning,known_issue,Data Platform,Data Platform,GLOBAL,Global,en,"[""eng"", ""java-services"", ""jvm-tuning"", ""software-engineering""]","[""JVM tuning"", ""Java Services"", ""eng"", ""java-services"", ""jvm-tuning"", ""software-engineering""]",INTERNAL,"[""employee"", ""engineer"", ""tech_lead"", ""architect""]",[],confluence,synthetic://software-engineering/ENG-000350,1.4,2025-07-22,2025-08-11,2025-07-26,,ACTIVE,True,Synthetic dataset generated for research/demo use,VALIDATED,,a48fb2fe817c
ENG-000351,ENG-JAVA-SER-00285,,Spring Boot Standard — Global,"# Spring Boot Standard — Global

## Purpose
The standard exists to reduce inconsistent implementation, avoid repeated support effort, and provide an auditable source of truth.

## Scope
Archived versions remain available for audit purposes but must not be used for new decisions. This version is the global baseline; country-specific documents may impose additional requirements.

## Requirements
- Spring Boot Standard must follow the current approved policy and ownership model. - Operational evidence for Spring Boot standard should be retained according to the applicable retention schedule. - Exceptions involving Spring Boot standard require documented approval from the responsible owner. - Teams should use standard tooling and published procedures when working with Spring Boot standard.

## Controls
Changes affecting production require peer review, traceable evidence, and rollback instructions.

## Procedure
1. Confirm that the request concerns Spring Boot standard.
2. Verify the relevant owner, country, environment, and current version.
3. Follow the approved workflow and capture evidence.
4. Escalate unresolved or exceptional cases to Developer Experience.

## Validation
Verify the current document version before acting.

## Version
Version 1.3. Status: ACTIVE.",Software Engineering,Digital Delivery,Java Services,Spring Boot standard,technical_standard,Developer Experience,Developer Experience,GLOBAL,Global,en,"[""eng"", ""java-services"", ""software-engineering"", ""spring-boot-standard""]","[""Java Services"", ""Spring Boot standard"", ""eng"", ""java-services"", ""software-engineering"", ""spring-boot-standard""]",INTERNAL,"[""employee"", ""engineer"", ""tech_lead"", ""architect""]",[],github,synthetic://software-engineering/ENG-000351,1.3,2023-12-17,2024-01-03,2024-02-10,,ACTIVE,True,Synthetic dataset generated for research/demo use,VALIDATED,,209bff9a5833
ENG-000352,ENG-JAVA-SER-00286,,Gradle Builds — United States,"# Gradle Builds — United States

## Purpose
This document defines the approved operating model for Gradle builds within Northstar Digital Services.

## Scope
Country-specific and role-specific exceptions override the global baseline only when explicitly documented. This version applies to United States.

## Requirements
- Gradle Builds must follow the current approved policy and ownership model. - Operational evidence for Gradle builds should be retained according to the applicable retention schedule. - Exceptions involving Gradle builds require documented approval from the responsible owner. - Teams should use standard tooling and published procedures when working with Gradle builds.

## Controls
Sensitive information must follow the organisation's classification and least-privilege requirements.

## Procedure
1. Confirm that the request concerns Gradle builds.
2. Verify the relevant owner, country, environment, and current version.
3. Follow the approved workflow and capture evidence.
4. Escalate unresolved or exceptional cases to Architecture Guild.

## Validation
Do not bypass required controls simply to shorten resolution time.

## Version
Version 1.1. Status: ACTIVE.",Software Engineering,Enterprise Platforms,Java Services,Gradle builds,design_note,Architecture Guild,Architecture Guild,US,United States,en,"[""eng"", ""gradle-builds"", ""java-services"", ""software-engineering""]","[""Gradle builds"", ""Java Services"", ""eng"", ""gradle-builds"", ""java-services"", ""software-engineering""]",INTERNAL,"[""employee"", ""engineer"", ""tech_lead"", ""architect""]",[],servicenow,synthetic://software-engineering/ENG-000352,1.1,2025-10-12,2026-06-06,2025-12-05,,ACTIVE,True,Synthetic dataset generated for research/demo use,VALIDATED,,a3c9a375321d
ENG-000353,ENG-ARCHITEC-00287,,Service Boundaries — Global,"# Service Boundaries — Global

## Purpose
The standard exists to reduce inconsistent implementation, avoid repeated support effort, and provide an auditable source of truth.

## Scope
It applies to employees, contractors, and managed service teams where the stated scope is relevant. This version is the global baseline; country-specific documents may impose additional requirements.

## Requirements
- Service Boundaries must follow the current approved policy and ownership model. - Operational evidence for service boundaries should be retained according to the applicable retention schedule. - Exceptions involving service boundaries require documented approval from the responsible owner. - Teams should use standard tooling and published procedures when working with service boundaries.

## Controls
Changes affecting production require peer review, traceable evidence, and rollback instructions.

## Procedure
1. Confirm that the request concerns service boundaries.
2. Verify the relevant owner, country, environment, and current version.
3. Follow the approved workflow and capture evidence.
4. Escalate unresolved or exceptional cases to Data Platform.

## Validation
Verify the current document version before acting.

## Version
Version 1.0. Status: ACTIVE.",Software Engineering,Digital Delivery,Architecture,service boundaries,migration_guide,Data Platform,Data Platform,GLOBAL,Global,en,"[""architecture"", ""eng"", ""service-boundaries"", ""software-engineering""]","[""Architecture"", ""architecture"", ""eng"", ""service boundaries"", ""service-boundaries"", ""software-engineering""]",INTERNAL,"[""employee"", ""engineer"", ""tech_lead"", ""architect""]",[],sharepoint,synthetic://software-engineering/ENG-000353,1.0,2024-02-10,2025-04-09,2024-04-09,,ACTIVE,True,Synthetic dataset generated for research/demo use,VALIDATED,,43670f53c773
ENG-000354,ENG-DATABASE-00288,,Migration Safety — India,"# Migration Safety — India

## Purpose
This document defines the approved operating model for migration safety within Northstar Digital Services.

## Scope
Archived versions remain available for audit purposes but must not be used for new decisions. This version applies to India.

## Requirements
- Migration Safety must follow the current approved policy and ownership model. - Operational evidence for migration safety should be retained according to the applicable retention schedule. - Exceptions involving migration safety require documented approval from the responsible owner. - Teams should use standard tooling and published procedures when working with migration safety.

## Controls
Changes affecting production require peer review, traceable evidence, and rollback instructions.

## Procedure
1. Confirm that the request concerns migration safety.
2. Verify the relevant owner, country, environment, and current version.
3. Follow the approved workflow and capture evidence.
4. Escalate unresolved or exceptional cases to Backend Platform.

## Validation
If the procedure does not resolve the issue, escalate to the listed owner team with timestamps, identifiers, and evidence.

## Version
Version 1.1. Status: ACTIVE.",Software Engineering,Digital Delivery,Databases,migration safety,architecture_decision_record,Backend Platform,Backend Platform,IN,India,en,"[""databases"", ""eng"", ""migration-safety"", ""software-engineering""]","[""Databases"", ""databases"", ""eng"", ""migration safety"", ""migration-safety"", ""software-engineering""]",INTERNAL,"[""employee"", ""engineer"", ""tech_lead"", ""architect""]",[],servicenow,synthetic://software-engineering/ENG-000354,1.1,2024-08-21,2024-09-10,2024-08-25,,ACTIVE,True,Synthetic dataset generated for research/demo use,VALIDATED,,68104f07fe0f
ENG-000355,ENG-APIS-00289,,Rest Versioning — India,"# Rest Versioning — India

## Purpose
Teams must apply this guidance when working with REST versioning in production or employee-facing environments.

## Scope
Archived versions remain available for audit purposes but must not be used for new decisions. This version applies to India.

## Requirements
- Breaking changes require a new externally visible contract version. - Backward compatibility should be preserved where feasible. - Deprecated versions must publish a retirement schedule. - Breaking changes require a new externally visible contract version.

## Controls
Requests requiring elevated access must be approved by the designated owner and recorded in the enterprise service system.

## Procedure
1. Confirm that the request concerns REST versioning.
2. Verify the relevant owner, country, environment, and current version.
3. Follow the approved workflow and capture evidence.
4. Escalate unresolved or exceptional cases to Frontend Platform.

## Validation
Do not bypass required controls simply to shorten resolution time.

## Version
Version 1.3. Status: ACTIVE.",Software Engineering,Enterprise Platforms,APIs,REST versioning,architecture_decision_record,Frontend Platform,Frontend Platform,IN,India,en,"[""apis"", ""eng"", ""rest-versioning"", ""software-engineering""]","[""APIs"", ""REST versioning"", ""apis"", ""eng"", ""rest-versioning"", ""software-engineering""]",INTERNAL,"[""employee"", ""engineer"", ""tech_lead"", ""architect""]",[],servicenow,synthetic://software-engineering/ENG-000355,1.3,2023-06-26,2023-12-07,2023-08-24,,ACTIVE,True,Synthetic dataset generated for research/demo use,VALIDATED,,eddeff11d35e
ENG-000356,ENG-DATABASE-00290,,Transaction Boundaries — Australia,"# Transaction Boundaries — Australia

## Purpose
Teams must apply this guidance when working with transaction boundaries in production or employee-facing environments.

## Scope
Country-specific and role-specific exceptions override the global baseline only when explicitly documented. This version applies to Australia.

## Requirements
- Transaction Boundaries must follow the current approved policy and ownership model. - Operational evidence for transaction boundaries should be retained according to the applicable retention schedule. - Exceptions involving transaction boundaries require documented approval from the responsible owner. - Teams should use standard tooling and published procedures when working with transaction boundaries.

## Controls
Requests requiring elevated access must be approved by the designated owner and recorded in the enterprise service system.

## Procedure
1. Confirm that the request concerns transaction boundaries.
2. Verify the relevant owner, country, environment, and current version.
3. Follow the approved workflow and capture evidence.
4. Escalate unresolved or exceptional cases to Backend Platform.

## Validation
If the procedure does not resolve the issue, escalate to the listed owner team with timestamps, identifiers, and evidence.

## Version
Version 1.1. Status: ACTIVE.",Software Engineering,Digital Delivery,Databases,transaction boundaries,architecture_decision_record,Backend Platform,Backend Platform,AU,Australia,en,"[""databases"", ""eng"", ""software-engineering"", ""transaction-boundaries""]","[""Databases"", ""databases"", ""eng"", ""software-engineering"", ""transaction boundaries"", ""transaction-boundaries""]",INTERNAL,"[""employee"", ""engineer"", ""tech_lead"", ""architect""]",[],hr_portal,synthetic://software-engineering/ENG-000356,1.1,2024-02-01,2025-07-04,2024-03-07,,ACTIVE,True,Synthetic dataset generated for research/demo use,VALIDATED,,c05685e0369a
ENG-000357,ENG-APIS-00291,,Idempotency — United States,"# Idempotency — United States

## Purpose
Teams must apply this guidance when working with idempotency in production or employee-facing environments.

## Scope
Archived versions remain available for audit purposes but must not be used for new decisions. This version applies to United States.

## Requirements
- Idempotency must follow the current approved policy and ownership model. - Operational evidence for idempotency should be retained according to the applicable retention schedule. - Exceptions involving idempotency require documented approval from the responsible owner. - Teams should use standard tooling and published procedures when working with idempotency.

## Controls
Changes affecting production require peer review, traceable evidence, and rollback instructions.

## Procedure
1. Confirm that the request concerns idempotency.
2. Verify the relevant owner, country, environment, and current version.
3. Follow the approved workflow and capture evidence.
4. Escalate unresolved or exceptional cases to Developer Experience.

## Validation
If the procedure does not resolve the issue, escalate to the listed owner team with timestamps, identifiers, and evidence.

## Version
Version 1.3. Status: ACTIVE.",Software Engineering,Cloud & Security,APIs,idempotency,design_note,Developer Experience,Developer Experience,US,United States,en,"[""apis"", ""eng"", ""idempotency"", ""software-engineering""]","[""APIs"", ""apis"", ""eng"", ""idempotency"", ""software-engineering""]",INTERNAL,"[""employee"", ""engineer"", ""tech_lead"", ""architect""]",[],google_drive,synthetic://software-engineering/ENG-000357,1.3,2023-02-23,2023-12-02,2023-03-23,,ACTIVE,True,Synthetic dataset generated for research/demo use,VALIDATED,,a330a2559b72
ENG-000358,ENG-APIS-00292,,Openapi Contracts — Global,"# Openapi Contracts — Global

## Purpose
Teams must apply this guidance when working with OpenAPI contracts in production or employee-facing environments.

## Scope
It applies to employees, contractors, and managed service teams where the stated scope is relevant. This version is the global baseline; country-specific documents may impose additional requirements.

## Requirements
- Openapi Contracts must follow the current approved policy and ownership model. - Operational evidence for OpenAPI contracts should be retained according to the applicable retention schedule. - Exceptions involving OpenAPI contracts require documented approval from the responsible owner. - Teams should use standard tooling and published procedures when working with OpenAPI contracts.

## Controls
Sensitive information must follow the organisation's classification and least-privilege requirements.

## Procedure
1. Confirm that the request concerns OpenAPI contracts.
2. Verify the relevant owner, country, environment, and current version.
3. Follow the approved workflow and capture evidence.
4. Escalate unresolved or exceptional cases to Frontend Platform.

## Validation
If the procedure does not resolve the issue, escalate to the listed owner team with timestamps, identifiers, and evidence.

## Version
Version 1.1. Status: ACTIVE.",Software Engineering,Corporate Functions,APIs,OpenAPI contracts,api_guide,Frontend Platform,Frontend Platform,GLOBAL,Global,en,"[""apis"", ""eng"", ""openapi-contracts"", ""software-engineering""]","[""APIs"", ""OpenAPI contracts"", ""apis"", ""eng"", ""openapi-contracts"", ""software-engineering""]",INTERNAL,"[""employee"", ""engineer"", ""tech_lead"", ""architect""]",[],google_drive,synthetic://software-engineering/ENG-000358,1.1,2024-05-15,2026-03-20,2024-05-23,,ACTIVE,True,Synthetic dataset generated for research/demo use,VALIDATED,,d5acf1f37baf
ENG-000359,ENG-APIS-00293,,Pagination — Global,"# Pagination — Global

## Purpose
Teams must apply this guidance when working with pagination in production or employee-facing environments.

## Scope
Archived versions remain available for audit purposes but must not be used for new decisions. This version is the global baseline; country-specific documents may impose additional requirements.

## Requirements
- Pagination must follow the current approved policy and ownership model. - Operational evidence for pagination should be retained according to the applicable retention schedule. - Exceptions involving pagination require documented approval from the responsible owner. - Teams should use standard tooling and published procedures when working with pagination.

## Controls
Requests requiring elevated access must be approved by the designated owner and recorded in the enterprise service system.

## Procedure
1. Confirm that the request concerns pagination.
2. Verify the relevant owner, country, environment, and current version.
3. Follow the approved workflow and capture evidence.
4. Escalate unresolved or exceptional cases to Data Platform.

## Validation
Do not bypass required controls simply to shorten resolution time.

## Version
Version 1.1. Status: ACTIVE.",Software Engineering,Shared Services,APIs,pagination,design_note,Data Platform,Data Platform,GLOBAL,Global,en,"[""apis"", ""eng"", ""pagination"", ""software-engineering""]","[""APIs"", ""apis"", ""eng"", ""pagination"", ""software-engineering""]",EMPLOYEE,"[""employee"", ""engineer"", ""tech_lead"", ""architect""]",[],sharepoint,synthetic://software-engineering/ENG-000359,1.1,2023-11-28,2025-05-26,2024-01-20,,ACTIVE,True,Synthetic dataset generated for research/demo use,VALIDATED,,dd332528ea5d
ENG-000360,ENG-JAVA-SER-00294,,Spring Boot Standard — Global,"# Spring Boot Standard — Global

## Purpose
The standard exists to reduce inconsistent implementation, avoid repeated support effort, and provide an auditable source of truth.

## Scope
It applies to employees, contractors, and managed service teams where the stated scope is relevant. This version is the global baseline; country-specific documents may impose additional requirements.

## Requirements
- Spring Boot Standard must follow the current approved policy and ownership model. - Operational evidence for Spring Boot standard should be retained according to the applicable retention schedule. - Exceptions involving Spring Boot standard require documented approval from the responsible owner. - Teams should use standard tooling and published procedures when working with Spring Boot standard.

## Controls
Sensitive information must follow the organisation's classification and least-privilege requirements.

## Procedure
1. Confirm that the request concerns Spring Boot standard.
2. Verify the relevant owner, country, environment, and current version.
3. Follow the approved workflow and capture evidence.
4. Escalate unresolved or exceptional cases to Frontend Platform.

## Validation
If the procedure does not resolve the issue, escalate to the listed owner team with timestamps, identifiers, and evidence.

## Version
Version 1.0. Status: ACTIVE.",Software Engineering,Digital Delivery,Java Services,Spring Boot standard,technical_standard,Frontend Platform,Frontend Platform,GLOBAL,Global,en,"[""eng"", ""java-services"", ""software-engineering"", ""spring-boot-standard""]","[""Java Services"", ""Spring Boot standard"", ""eng"", ""java-services"", ""software-engineering"", ""spring-boot-standard""]",EMPLOYEE,"[""employee"", ""engineer"", ""tech_lead"", ""architect""]",[],github,synthetic://software-engineering/ENG-000360,1.0,2026-02-18,2026-09-23,2026-02-22,,ACTIVE,True,Synthetic dataset generated for research/demo use,VALIDATED,,7521b6037a91
ENG-000361,ENG-PYTHON-B-00295,,Async I/O — United Kingdom,"# Async I/O — United Kingdom

## Purpose
The standard exists to reduce inconsistent implementation, avoid repeated support effort, and provide an auditable source of truth.

## Scope
It applies to employees, contractors, and managed service teams where the stated scope is relevant. This version applies to United Kingdom.

## Requirements
- Async I/O must follow the current approved policy and ownership model. - Operational evidence for async I/O should be retained according to the applicable retention schedule. - Exceptions involving async I/O require documented approval from the responsible owner. - Teams should use standard tooling and published procedures when working with async I/O.

## Controls
Sensitive information must follow the organisation's classification and least-privilege requirements.

## Procedure
1. Confirm that the request concerns async I/O.
2. Verify the relevant owner, country, environment, and current version.
3. Follow the approved workflow and capture evidence.
4. Escalate unresolved or exceptional cases to Frontend Platform.

## Validation
If the procedure does not resolve the issue, escalate to the listed owner team with timestamps, identifiers, and evidence.

## Version
Version 1.1. Status: ACTIVE.",Software Engineering,Shared Services,Python Backend,async I/O,design_note,Frontend Platform,Frontend Platform,UK,United Kingdom,en,"[""async-i-o"", ""eng"", ""python-backend"", ""software-engineering""]","[""Python Backend"", ""async I/O"", ""async-i-o"", ""eng"", ""python-backend"", ""software-engineering""]",INTERNAL,"[""employee"", ""engineer"", ""tech_lead"", ""architect""]",[],google_drive,synthetic://software-engineering/ENG-000361,1.1,2023-07-16,2025-01-02,2023-09-08,,ACTIVE,True,Synthetic dataset generated for research/demo use,VALIDATED,,8eeffd5c4551
ENG-000362,ENG-APIS-00296,,Rest Versioning — Global,"# Rest Versioning — Global

## Purpose
This document defines the approved operating model for REST versioning within Northstar Digital Services.

## Scope
It applies to employees, contractors, and managed service teams where the stated scope is relevant. This version is the global baseline; country-specific documents may impose additional requirements.

## Requirements
- Breaking changes require a new externally visible contract version. - Backward compatibility should be preserved where feasible. - Deprecated versions must publish a retirement schedule. - Breaking changes require a new externally visible contract version.

## Controls
Requests requiring elevated access must be approved by the designated owner and recorded in the enterprise service system.

## Procedure
1. Confirm that the request concerns REST versioning.
2. Verify the relevant owner, country, environment, and current version.
3. Follow the approved workflow and capture evidence.
4. Escalate unresolved or exceptional cases to Developer Experience.

## Validation
Verify the current document version before acting.

## Version
Version 1.1. Status: ARCHIVED. This document is archived and retained only for historical reference.",Software Engineering,Cloud & Security,APIs,REST versioning,design_note,Developer Experience,Developer Experience,GLOBAL,Global,en,"[""apis"", ""eng"", ""rest-versioning"", ""software-engineering""]","[""APIs"", ""REST versioning"", ""apis"", ""eng"", ""rest-versioning"", ""software-engineering""]",INTERNAL,"[""employee"", ""engineer"", ""tech_lead"", ""architect""]",[],servicenow,synthetic://software-engineering/ENG-000362,1.1,2023-04-07,2024-10-14,2023-04-30,,ARCHIVED,True,Synthetic dataset generated for research/demo use,VALIDATED,,98f26232c2d6
ENG-000363,ENG-JAVA-SER-00297,,Spring Boot Standard — Singapore,"# Spring Boot Standard — Singapore

## Purpose
This document defines the approved operating model for Spring Boot standard within Northstar Digital Services.

## Scope
Archived versions remain available for audit purposes but must not be used for new decisions. This version applies to Singapore.

## Requirements
- Spring Boot Standard must follow the current approved policy and ownership model. - Operational evidence for Spring Boot standard should be retained according to the applicable retention schedule. - Exceptions involving Spring Boot standard require documented approval from the responsible owner. - Teams should use standard tooling and published procedures when working with Spring Boot standard.

## Controls
Sensitive information must follow the organisation's classification and least-privilege requirements.

## Procedure
1. Confirm that the request concerns Spring Boot standard.
2. Verify the relevant owner, country, environment, and current version.
3. Follow the approved workflow and capture evidence.
4. Escalate unresolved or exceptional cases to Data Platform.

## Validation
If the procedure does not resolve the issue, escalate to the listed owner team with timestamps, identifiers, and evidence.

## Version
Version 1.4. Status: ACTIVE.",Software Engineering,Digital Delivery,Java Services,Spring Boot standard,known_issue,Data Platform,Data Platform,SG,Singapore,en,"[""eng"", ""java-services"", ""software-engineering"", ""spring-boot-standard""]","[""Java Services"", ""Spring Boot standard"", ""eng"", ""java-services"", ""software-engineering"", ""spring-boot-standard""]",INTERNAL,"[""employee"", ""engineer"", ""tech_lead"", ""architect""]",[],sharepoint,synthetic://software-engineering/ENG-000363,1.4,2024-09-30,2025-12-18,2024-10-18,,ACTIVE,True,Synthetic dataset generated for research/demo use,VALIDATED,,ca542cc174cb
ENG-000364,ENG-PYTHON-B-00298,,Fastapi Service Standard — Ireland,"# Fastapi Service Standard — Ireland

## Purpose
This document defines the approved operating model for FastAPI service standard within Northstar Digital Services.

## Scope
Country-specific and role-specific exceptions override the global baseline only when explicitly documented. This version applies to Ireland.

## Requirements
- Service contracts must use explicit schemas. - Health and readiness endpoints are required. - Timeouts, structured logging, and request IDs are mandatory in production. - Service contracts must use explicit schemas.

## Controls
Changes affecting production require peer review, traceable evidence, and rollback instructions.

## Procedure
1. Confirm that the request concerns FastAPI service standard.
2. Verify the relevant owner, country, environment, and current version.
3. Follow the approved workflow and capture evidence.
4. Escalate unresolved or exceptional cases to Data Platform.

## Validation
Verify the current document version before acting.

## Version
Version 1.0. Status: ACTIVE.",Software Engineering,Enterprise Platforms,Python Backend,FastAPI service standard,technical_standard,Data Platform,Data Platform,IE,Ireland,en,"[""eng"", ""fastapi-service-standard"", ""python-backend"", ""software-engineering""]","[""FastAPI service standard"", ""Python Backend"", ""eng"", ""fastapi-service-standard"", ""python-backend"", ""software-engineering""]",EMPLOYEE,"[""employee"", ""engineer"", ""tech_lead"", ""architect""]",[],servicenow,synthetic://software-engineering/ENG-000364,1.0,2026-08-02,2026-09-23,2026-08-08,,ACTIVE,True,Synthetic dataset generated for research/demo use,VALIDATED,,54bca85fb8a2
ENG-000365,ENG-ARCHITEC-00299,,Backpressure — United Kingdom,"# Backpressure — United Kingdom

## Purpose
Teams must apply this guidance when working with backpressure in production or employee-facing environments.

## Scope
Country-specific and role-specific exceptions override the global baseline only when explicitly documented. This version applies to United Kingdom.

## Requirements
- Backpressure must follow the current approved policy and ownership model. - Operational evidence for backpressure should be retained according to the applicable retention schedule. - Exceptions involving backpressure require documented approval from the responsible owner. - Teams should use standard tooling and published procedures when working with backpressure.

## Controls
Changes affecting production require peer review, traceable evidence, and rollback instructions.

## Procedure
1. Confirm that the request concerns backpressure.
2. Verify the relevant owner, country, environment, and current version.
3. Follow the approved workflow and capture evidence.
4. Escalate unresolved or exceptional cases to Developer Experience.

## Validation
Do not bypass required controls simply to shorten resolution time.

## Version
Version 1.3. Status: ACTIVE.",Software Engineering,Enterprise Platforms,Architecture,backpressure,known_issue,Developer Experience,Developer Experience,UK,United Kingdom,en,"[""architecture"", ""backpressure"", ""eng"", ""software-engineering""]","[""Architecture"", ""architecture"", ""backpressure"", ""eng"", ""software-engineering""]",INTERNAL,"[""employee"", ""engineer"", ""tech_lead"", ""architect""]",[],servicenow,synthetic://software-engineering/ENG-000365,1.3,2026-04-18,2026-09-23,2026-06-11,,ACTIVE,True,Synthetic dataset generated for research/demo use,VALIDATED,,cb6f6323bc9f
ENG-000366,ENG-FRONTEND-00300,,State Management — Singapore,"# State Management — Singapore

## Purpose
This document defines the approved operating model for state management within Northstar Digital Services.

## Scope
Archived versions remain available for audit purposes but must not be used for new decisions. This version applies to Singapore.

## Requirements
- State Management must follow the current approved policy and ownership model. - Operational evidence for state management should be retained according to the applicable retention schedule. - Exceptions involving state management require documented approval from the responsible owner. - Teams should use standard tooling and published procedures when working with state management.

## Controls
Changes affecting production require peer review, traceable evidence, and rollback instructions.

## Procedure
1. Confirm that the request concerns state management.
2. Verify the relevant owner, country, environment, and current version.
3. Follow the approved workflow and capture evidence.
4. Escalate unresolved or exceptional cases to Frontend Platform.

## Validation
If the procedure does not resolve the issue, escalate to the listed owner team with timestamps, identifiers, and evidence.

## Version
Version 1.2. Status: DRAFT.  This document is a draft and must not be treated as an approved source of policy.",Software Engineering,Cloud & Security,Frontend,state management,api_guide,Frontend Platform,Frontend Platform,SG,Singapore,en,"[""eng"", ""frontend"", ""software-engineering"", ""state-management""]","[""Frontend"", ""eng"", ""frontend"", ""software-engineering"", ""state management"", ""state-management""]",INTERNAL,"[""employee"", ""engineer"", ""tech_lead"", ""architect""]",[],confluence,synthetic://software-engineering/ENG-000366,1.2,2024-03-18,2024-08-01,2024-04-16,,DRAFT,True,Synthetic dataset generated for research/demo use,VALIDATED,,94b8653aa3e7
ENG-000367,ENG-TESTING-00301,,Coverage Policy — Global,"# Coverage Policy — Global

## Purpose
The standard exists to reduce inconsistent implementation, avoid repeated support effort, and provide an auditable source of truth.

## Scope
Archived versions remain available for audit purposes but must not be used for new decisions. This version is the global baseline; country-specific documents may impose additional requirements.

## Requirements
- Coverage Policy must follow the current approved policy and ownership model. - Operational evidence for coverage policy should be retained according to the applicable retention schedule. - Exceptions involving coverage policy require documented approval from the responsible owner. - Teams should use standard tooling and published procedures when working with coverage policy.

## Controls
Changes affecting production require peer review, traceable evidence, and rollback instructions.

## Procedure
1. Confirm that the request concerns coverage policy.
2. Verify the relevant owner, country, environment, and current version.
3. Follow the approved workflow and capture evidence.
4. Escalate unresolved or exceptional cases to Frontend Platform.

## Validation
If the procedure does not resolve the issue, escalate to the listed owner team with timestamps, identifiers, and evidence.

## Version
Version 1.1. Status: ACTIVE.",Software Engineering,Enterprise Platforms,Testing,coverage policy,architecture_decision_record,Frontend Platform,Frontend Platform,GLOBAL,Global,en,"[""coverage-policy"", ""eng"", ""software-engineering"", ""testing""]","[""Testing"", ""coverage policy"", ""coverage-policy"", ""eng"", ""software-engineering"", ""testing""]",INTERNAL,"[""employee"", ""engineer"", ""tech_lead"", ""architect""]",[],google_drive,synthetic://software-engineering/ENG-000367,1.1,2023-04-16,2023-04-29,2023-06-15,,ACTIVE,True,Synthetic dataset generated for research/demo use,VALIDATED,,afbc08ec820a
ENG-000368,ENG-DATABASE-00302,,Migration Safety — United Kingdom,"# Migration Safety — United Kingdom

## Purpose
This document defines the approved operating model for migration safety within Northstar Digital Services.

## Scope
Archived versions remain available for audit purposes but must not be used for new decisions. This version applies to United Kingdom.

## Requirements
- Migration Safety must follow the current approved policy and ownership model. - Operational evidence for migration safety should be retained according to the applicable retention schedule. - Exceptions involving migration safety require documented approval from the responsible owner. - Teams should use standard tooling and published procedures when working with migration safety.

## Controls
Sensitive information must follow the organisation's classification and least-privilege requirements.

## Procedure
1. Confirm that the request concerns migration safety.
2. Verify the relevant owner, country, environment, and current version.
3. Follow the approved workflow and capture evidence.
4. Escalate unresolved or exceptional cases to Data Platform.

## Validation
Verify the current document version before acting.

## Version
Version 1.2. Status: ACTIVE.",Software Engineering,Cloud & Security,Databases,migration safety,migration_guide,Data Platform,Data Platform,UK,United Kingdom,en,"[""databases"", ""eng"", ""migration-safety"", ""software-engineering""]","[""Databases"", ""databases"", ""eng"", ""migration safety"", ""migration-safety"", ""software-engineering""]",INTERNAL,"[""employee"", ""engineer"", ""tech_lead"", ""architect""]",[],google_drive,synthetic://software-engineering/ENG-000368,1.2,2023-04-06,2023-09-09,2023-04-28,,ACTIVE,True,Synthetic dataset generated for research/demo use,VALIDATED,,359a4031c936
ENG-000369,ENG-FRONTEND-00303,,State Management — Global v1.3,"# State Management — Global v1.3

## Purpose
The standard exists to reduce inconsistent implementation, avoid repeated support effort, and provide an auditable source of truth.

## Scope
Archived versions remain available for audit purposes but must not be used for new decisions. This version is the global baseline; country-specific documents may impose additional requirements.

## Requirements
- State Management must follow the current approved policy and ownership model. - Operational evidence for state management should be retained according to the applicable retention schedule. - Exceptions involving state management require documented approval from the responsible owner. - Teams should use standard tooling and published procedures when working with state management.

## Controls
Requests requiring elevated access must be approved by the designated owner and recorded in the enterprise service system.

## Procedure
1. Confirm that the request concerns state management.
2. Verify the relevant owner, country, environment, and current version.
3. Follow the approved workflow and capture evidence.
4. Escalate unresolved or exceptional cases to Developer Experience.

## Validation
Do not bypass required controls simply to shorten resolution time.

## Version
Version 1.3. Status: ARCHIVED. This document is archived and retained only for historical reference.",Software Engineering,Digital Delivery,Frontend,state management,technical_standard,Developer Experience,Developer Experience,GLOBAL,Global,en,"[""eng"", ""frontend"", ""software-engineering"", ""state-management""]","[""Frontend"", ""eng"", ""frontend"", ""software-engineering"", ""state management"", ""state-management""]",INTERNAL,"[""employee"", ""engineer"", ""tech_lead"", ""architect""]",[],confluence,synthetic://software-engineering/ENG-000369,1.3,2023-05-02,2024-01-05,2023-05-25,2024-12-25,ARCHIVED,True,Synthetic dataset generated for research/demo use,VALIDATED,,ab6cbcb3f4b3
ENG-000370,ENG-FRONTEND-00303,ENG-000369,State Management — Global v2.2,"# State Management — Global v2.2

## Purpose
This document defines the approved operating model for state management within Northstar Digital Services.

## Scope
Country-specific and role-specific exceptions override the global baseline only when explicitly documented. This version is the global baseline; country-specific documents may impose additional requirements.

## Requirements
- State Management must follow the current approved policy and ownership model. - Operational evidence for state management should be retained according to the applicable retention schedule. - Exceptions involving state management require documented approval from the responsible owner. - Teams should use standard tooling and published procedures when working with state management.

## Controls
Changes affecting production require peer review, traceable evidence, and rollback instructions.

## Procedure
1. Confirm that the request concerns state management.
2. Verify the relevant owner, country, environment, and current version.
3. Follow the approved workflow and capture evidence.
4. Escalate unresolved or exceptional cases to Developer Experience.

## Validation
Verify the current document version before acting.

## Version
Version 2.2. Status: ACTIVE.",Software Engineering,Digital Delivery,Frontend,state management,technical_standard,Developer Experience,Developer Experience,GLOBAL,Global,en,"[""eng"", ""frontend"", ""software-engineering"", ""state-management""]","[""Frontend"", ""eng"", ""frontend"", ""software-engineering"", ""state management"", ""state-management""]",CONFIDENTIAL,"[""tech_lead"", ""architect""]","[""Software Engineering""]",hr_portal,synthetic://software-engineering/ENG-000370,2.2,2024-10-07,2025-12-02,2024-10-08,,ACTIVE,True,Synthetic dataset generated for research/demo use,VALIDATED,,a92f37d8d252
ENG-000371,ENG-TESTING-00304,,End-To-End Testing — Singapore,"# End-To-End Testing — Singapore

## Purpose
The standard exists to reduce inconsistent implementation, avoid repeated support effort, and provide an auditable source of truth.

## Scope
Country-specific and role-specific exceptions override the global baseline only when explicitly documented. This version applies to Singapore.

## Requirements
- End-To-End Testing must follow the current approved policy and ownership model. - Operational evidence for end-to-end testing should be retained according to the applicable retention schedule. - Exceptions involving end-to-end testing require documented approval from the responsible owner. - Teams should use standard tooling and published procedures when working with end-to-end testing.

## Controls
Requests requiring elevated access must be approved by the designated owner and recorded in the enterprise service system.

## Procedure
1. Confirm that the request concerns end-to-end testing.
2. Verify the relevant owner, country, environment, and current version.
3. Follow the approved workflow and capture evidence.
4. Escalate unresolved or exceptional cases to Developer Experience.

## Validation
Verify the current document version before acting.

## Version
Version 1.1. Status: ARCHIVED. This document is archived and retained only for historical reference.",Software Engineering,Cloud & Security,Testing,end-to-end testing,known_issue,Developer Experience,Developer Experience,SG,Singapore,en,"[""end-to-end-testing"", ""eng"", ""software-engineering"", ""testing""]","[""Testing"", ""end-to-end testing"", ""end-to-end-testing"", ""eng"", ""software-engineering"", ""testing""]",EMPLOYEE,"[""employee"", ""engineer"", ""tech_lead"", ""architect""]",[],sharepoint,synthetic://software-engineering/ENG-000371,1.1,2023-11-30,2024-02-20,2023-12-01,,ARCHIVED,True,Synthetic dataset generated for research/demo use,VALIDATED,,891014f29308
ENG-000372,ENG-DATABASE-00305,,Connection Pooling — Global,"# Connection Pooling — Global

## Purpose
Teams must apply this guidance when working with connection pooling in production or employee-facing environments.

## Scope
It applies to employees, contractors, and managed service teams where the stated scope is relevant. This version is the global baseline; country-specific documents may impose additional requirements.

## Requirements
- Connection Pooling must follow the current approved policy and ownership model. - Operational evidence for connection pooling should be retained according to the applicable retention schedule. - Exceptions involving connection pooling require documented approval from the responsible owner. - Teams should use standard tooling and published procedures when working with connection pooling.

## Controls
Changes affecting production require peer review, traceable evidence, and rollback instructions.

## Procedure
1. Confirm that the request concerns connection pooling.
2. Verify the relevant owner, country, environment, and current version.
3. Follow the approved workflow and capture evidence.
4. Escalate unresolved or exceptional cases to Architecture Guild.

## Validation
Do not bypass required controls simply to shorten resolution time.

## Version
Version 1.1. Status: ACTIVE.",Software Engineering,Enterprise Platforms,Databases,connection pooling,design_note,Architecture Guild,Architecture Guild,GLOBAL,Global,en,"[""connection-pooling"", ""databases"", ""eng"", ""software-engineering""]","[""Databases"", ""connection pooling"", ""connection-pooling"", ""databases"", ""eng"", ""software-engineering""]",INTERNAL,"[""employee"", ""engineer"", ""tech_lead"", ""architect""]",[],sharepoint,synthetic://software-engineering/ENG-000372,1.1,2023-09-14,2024-09-10,2023-10-10,,ACTIVE,True,Synthetic dataset generated for research/demo use,VALIDATED,,74eb578cf98e
ENG-000373,ENG-APIS-00306,,Idempotency — United States v1.0,"# Idempotency — United States v1.0

## Purpose
Teams must apply this guidance when working with idempotency in production or employee-facing environments.

## Scope
Archived versions remain available for audit purposes but must not be used for new decisions. This version applies to United States.

## Requirements
- Idempotency must follow the current approved policy and ownership model. - Operational evidence for idempotency should be retained according to the applicable retention schedule. - Exceptions involving idempotency require documented approval from the responsible owner. - Teams should use standard tooling and published procedures when working with idempotency.

## Controls
Requests requiring elevated access must be approved by the designated owner and recorded in the enterprise service system.

## Procedure
1. Confirm that the request concerns idempotency.
2. Verify the relevant owner, country, environment, and current version.
3. Follow the approved workflow and capture evidence.
4. Escalate unresolved or exceptional cases to Developer Experience.

## Validation
Verify the current document version before acting.

## Version
Version 1.0. Status: ARCHIVED. This document is archived and retained only for historical reference.",Software Engineering,Cloud & Security,APIs,idempotency,migration_guide,Developer Experience,Developer Experience,US,United States,en,"[""apis"", ""eng"", ""idempotency"", ""software-engineering""]","[""APIs"", ""apis"", ""eng"", ""idempotency"", ""software-engineering""]",INTERNAL,"[""employee"", ""engineer"", ""tech_lead"", ""architect""]",[],confluence,synthetic://software-engineering/ENG-000373,1.0,2025-01-12,2025-02-16,2025-03-09,2027-06-15,ARCHIVED,True,Synthetic dataset generated for research/demo use,VALIDATED,,348753efaaf3
ENG-000374,ENG-APIS-00306,ENG-000373,Idempotency — United States v2.1,"# Idempotency — United States v2.1

## Purpose
This document defines the approved operating model for idempotency within Northstar Digital Services.

## Scope
It applies to employees, contractors, and managed service teams where the stated scope is relevant. This version applies to United States.

## Requirements
- Idempotency must follow the current approved policy and ownership model. - Operational evidence for idempotency should be retained according to the applicable retention schedule. - Exceptions involving idempotency require documented approval from the responsible owner. - Teams should use standard tooling and published procedures when working with idempotency.

## Controls
Requests requiring elevated access must be approved by the designated owner and recorded in the enterprise service system.

## Procedure
1. Confirm that the request concerns idempotency.
2. Verify the relevant owner, country, environment, and current version.
3. Follow the approved workflow and capture evidence.
4. Escalate unresolved or exceptional cases to Developer Experience.

## Validation
If the procedure does not resolve the issue, escalate to the listed owner team with timestamps, identifiers, and evidence.

## Version
Version 2.1. Status: ARCHIVED. This document is archived and retained only for historical reference.",Software Engineering,Enterprise Platforms,APIs,idempotency,migration_guide,Developer Experience,Developer Experience,US,United States,en,"[""apis"", ""eng"", ""idempotency"", ""software-engineering""]","[""APIs"", ""apis"", ""eng"", ""idempotency"", ""software-engineering""]",EMPLOYEE,"[""employee"", ""engineer"", ""tech_lead"", ""architect""]",[],confluence,synthetic://software-engineering/ENG-000374,2.1,2023-03-11,2023-10-04,2023-05-10,2024-04-16,ARCHIVED,True,Synthetic dataset generated for research/demo use,VALIDATED,,46dbe6cfadcb
ENG-000375,ENG-APIS-00306,ENG-000374,Idempotency — United States v3.3,"# Idempotency — United States v3.3

## Purpose
Teams must apply this guidance when working with idempotency in production or employee-facing environments.

## Scope
Country-specific and role-specific exceptions override the global baseline only when explicitly documented. This version applies to United States.

## Requirements
- Idempotency must follow the current approved policy and ownership model. - Operational evidence for idempotency should be retained according to the applicable retention schedule. - Exceptions involving idempotency require documented approval from the responsible owner. - Teams should use standard tooling and published procedures when working with idempotency.

## Controls
Changes affecting production require peer review, traceable evidence, and rollback instructions.

## Procedure
1. Confirm that the request concerns idempotency.
2. Verify the relevant owner, country, environment, and current version.
3. Follow the approved workflow and capture evidence.
4. Escalate unresolved or exceptional cases to Developer Experience.

## Validation
If the procedure does not resolve the issue, escalate to the listed owner team with timestamps, identifiers, and evidence.

## Version
Version 3.3. Status: ACTIVE.",Software Engineering,Digital Delivery,APIs,idempotency,migration_guide,Developer Experience,Developer Experience,US,United States,en,"[""apis"", ""eng"", ""idempotency"", ""software-engineering""]","[""APIs"", ""apis"", ""eng"", ""idempotency"", ""software-engineering""]",EMPLOYEE,"[""employee"", ""engineer"", ""tech_lead"", ""architect""]",[],google_drive,synthetic://software-engineering/ENG-000375,3.3,2025-07-07,2026-09-23,2025-08-11,,ACTIVE,True,Synthetic dataset generated for research/demo use,VALIDATED,,dabb591c3674
ENG-000376,ENG-APIS-00307,,Openapi Contracts — Global,"# Openapi Contracts — Global

## Purpose
Teams must apply this guidance when working with OpenAPI contracts in production or employee-facing environments.

## Scope
Archived versions remain available for audit purposes but must not be used for new decisions. This version is the global baseline; country-specific documents may impose additional requirements.

## Requirements
- Openapi Contracts must follow the current approved policy and ownership model. - Operational evidence for OpenAPI contracts should be retained according to the applicable retention schedule. - Exceptions involving OpenAPI contracts require documented approval from the responsible owner. - Teams should use standard tooling and published procedures when working with OpenAPI contracts.

## Controls
Requests requiring elevated access must be approved by the designated owner and recorded in the enterprise service system.

## Procedure
1. Confirm that the request concerns OpenAPI contracts.
2. Verify the relevant owner, country, environment, and current version.
3. Follow the approved workflow and capture evidence.
4. Escalate unresolved or exceptional cases to Data Platform.

## Validation
Do not bypass required controls simply to shorten resolution time.

## Version
Version 1.3. Status: ACTIVE.",Software Engineering,Corporate Functions,APIs,OpenAPI contracts,design_note,Data Platform,Data Platform,GLOBAL,Global,en,"[""apis"", ""eng"", ""openapi-contracts"", ""software-engineering""]","[""APIs"", ""OpenAPI contracts"", ""apis"", ""eng"", ""openapi-contracts"", ""software-engineering""]",INTERNAL,"[""employee"", ""engineer"", ""tech_lead"", ""architect""]",[],hr_portal,synthetic://software-engineering/ENG-000376,1.3,2024-05-13,2025-07-14,2024-05-15,,ACTIVE,True,Synthetic dataset generated for research/demo use,VALIDATED,,d8e69b935a99
ENG-000377,ENG-FRONTEND-00308,,Accessibility — Singapore,"# Accessibility — Singapore

## Purpose
The standard exists to reduce inconsistent implementation, avoid repeated support effort, and provide an auditable source of truth.

## Scope
It applies to employees, contractors, and managed service teams where the stated scope is relevant. This version applies to Singapore.

## Requirements
- Accessibility must follow the current approved policy and ownership model. - Operational evidence for accessibility should be retained according to the applicable retention schedule. - Exceptions involving accessibility require documented approval from the responsible owner. - Teams should use standard tooling and published procedures when working with accessibility.

## Controls
Changes affecting production require peer review, traceable evidence, and rollback instructions.

## Procedure
1. Confirm that the request concerns accessibility.
2. Verify the relevant owner, country, environment, and current version.
3. Follow the approved workflow and capture evidence.
4. Escalate unresolved or exceptional cases to Frontend Platform.

## Validation
If the procedure does not resolve the issue, escalate to the listed owner team with timestamps, identifiers, and evidence.

## Version
Version 1.0. Status: ACTIVE.",Software Engineering,Digital Delivery,Frontend,accessibility,coding_standard,Frontend Platform,Frontend Platform,SG,Singapore,en,"[""accessibility"", ""eng"", ""frontend"", ""software-engineering""]","[""Frontend"", ""accessibility"", ""eng"", ""frontend"", ""software-engineering""]",INTERNAL,"[""employee"", ""engineer"", ""tech_lead"", ""architect""]",[],github,synthetic://software-engineering/ENG-000377,1.0,2025-12-22,2026-09-23,2026-02-06,,ACTIVE,True,Synthetic dataset generated for research/demo use,VALIDATED,,00ea70ea5d3a
ENG-000378,ENG-TESTING-00309,,Integration Testing — Ireland,"# Integration Testing — Ireland

## Purpose
Teams must apply this guidance when working with integration testing in production or employee-facing environments.

## Scope
It applies to employees, contractors, and managed service teams where the stated scope is relevant. This version applies to Ireland.

## Requirements
- Integration Testing must follow the current approved policy and ownership model. - Operational evidence for integration testing should be retained according to the applicable retention schedule. - Exceptions involving integration testing require documented approval from the responsible owner. - Teams should use standard tooling and published procedures when working with integration testing.

## Controls
Changes affecting production require peer review, traceable evidence, and rollback instructions.

## Procedure
1. Confirm that the request concerns integration testing.
2. Verify the relevant owner, country, environment, and current version.
3. Follow the approved workflow and capture evidence.
4. Escalate unresolved or exceptional cases to Backend Platform.

## Validation
If the procedure does not resolve the issue, escalate to the listed owner team with timestamps, identifiers, and evidence.

## Version
Version 1.1. Status: ACTIVE.",Software Engineering,Cloud & Security,Testing,integration testing,known_issue,Backend Platform,Backend Platform,IE,Ireland,en,"[""eng"", ""integration-testing"", ""software-engineering"", ""testing""]","[""Testing"", ""eng"", ""integration testing"", ""integration-testing"", ""software-engineering"", ""testing""]",INTERNAL,"[""employee"", ""engineer"", ""tech_lead"", ""architect""]",[],hr_portal,synthetic://software-engineering/ENG-000378,1.1,2026-08-14,2026-09-23,2026-09-23,,ACTIVE,True,Synthetic dataset generated for research/demo use,VALIDATED,,f199e0f921ca
ENG-000379,ENG-TESTING-00310,,End-To-End Testing — United Kingdom,"# End-To-End Testing — United Kingdom

## Purpose
The standard exists to reduce inconsistent implementation, avoid repeated support effort, and provide an auditable source of truth.

## Scope
Archived versions remain available for audit purposes but must not be used for new decisions. This version applies to United Kingdom.

## Requirements
- End-To-End Testing must follow the current approved policy and ownership model. - Operational evidence for end-to-end testing should be retained according to the applicable retention schedule. - Exceptions involving end-to-end testing require documented approval from the responsible owner. - Teams should use standard tooling and published procedures when working with end-to-end testing.

## Controls
Changes affecting production require peer review, traceable evidence, and rollback instructions.

## Procedure
1. Confirm that the request concerns end-to-end testing.
2. Verify the relevant owner, country, environment, and current version.
3. Follow the approved workflow and capture evidence.
4. Escalate unresolved or exceptional cases to Developer Experience.

## Validation
Verify the current document version before acting.

## Version
Version 1.3. Status: ACTIVE.",Software Engineering,Corporate Functions,Testing,end-to-end testing,coding_standard,Developer Experience,Developer Experience,UK,United Kingdom,en,"[""end-to-end-testing"", ""eng"", ""software-engineering"", ""testing""]","[""Testing"", ""end-to-end testing"", ""end-to-end-testing"", ""eng"", ""software-engineering"", ""testing""]",EMPLOYEE,"[""employee"", ""engineer"", ""tech_lead"", ""architect""]",[],github,synthetic://software-engineering/ENG-000379,1.3,2023-10-17,2025-02-18,2023-11-18,,ACTIVE,True,Synthetic dataset generated for research/demo use,VALIDATED,,9e0964edae96
ENG-000380,ENG-MESSAGIN-00311,,Schema Evolution — United States,"# Schema Evolution — United States

## Purpose
This document defines the approved operating model for schema evolution within Northstar Digital Services.

## Scope
It applies to employees, contractors, and managed service teams where the stated scope is relevant. This version applies to United States.

## Requirements
- Schema Evolution must follow the current approved policy and ownership model. - Operational evidence for schema evolution should be retained according to the applicable retention schedule. - Exceptions involving schema evolution require documented approval from the responsible owner. - Teams should use standard tooling and published procedures when working with schema evolution.

## Controls
Requests requiring elevated access must be approved by the designated owner and recorded in the enterprise service system.

## Procedure
1. Confirm that the request concerns schema evolution.
2. Verify the relevant owner, country, environment, and current version.
3. Follow the approved workflow and capture evidence.
4. Escalate unresolved or exceptional cases to Architecture Guild.

## Validation
Do not bypass required controls simply to shorten resolution time.

## Version
Version 1.2. Status: ACTIVE.",Software Engineering,Corporate Functions,Messaging,schema evolution,migration_guide,Architecture Guild,Architecture Guild,US,United States,en,"[""eng"", ""messaging"", ""schema-evolution"", ""software-engineering""]","[""Messaging"", ""eng"", ""messaging"", ""schema evolution"", ""schema-evolution"", ""software-engineering""]",INTERNAL,"[""employee"", ""engineer"", ""tech_lead"", ""architect""]",[],sharepoint,synthetic://software-engineering/ENG-000380,1.2,2025-10-12,2025-10-31,2025-10-30,,ACTIVE,True,Synthetic dataset generated for research/demo use,VALIDATED,,f36620041098
ENG-000381,ENG-PYTHON-B-00312,,Pytest Strategy — United States,"# Pytest Strategy — United States

## Purpose
This document defines the approved operating model for pytest strategy within Northstar Digital Services.

## Scope
Country-specific and role-specific exceptions override the global baseline only when explicitly documented. This version applies to United States.

## Requirements
- Pytest Strategy must follow the current approved policy and ownership model. - Operational evidence for pytest strategy should be retained according to the applicable retention schedule. - Exceptions involving pytest strategy require documented approval from the responsible owner. - Teams should use standard tooling and published procedures when working with pytest strategy.

## Controls
Requests requiring elevated access must be approved by the designated owner and recorded in the enterprise service system.

## Procedure
1. Confirm that the request concerns pytest strategy.
2. Verify the relevant owner, country, environment, and current version.
3. Follow the approved workflow and capture evidence.
4. Escalate unresolved or exceptional cases to Backend Platform.

## Validation
Verify the current document version before acting.

## Version
Version 1.3. Status: ACTIVE.",Software Engineering,Digital Delivery,Python Backend,pytest strategy,known_issue,Backend Platform,Backend Platform,US,United States,en,"[""eng"", ""pytest-strategy"", ""python-backend"", ""software-engineering""]","[""Python Backend"", ""eng"", ""pytest strategy"", ""pytest-strategy"", ""python-backend"", ""software-engineering""]",INTERNAL,"[""employee"", ""engineer"", ""tech_lead"", ""architect""]",[],servicenow,synthetic://software-engineering/ENG-000381,1.3,2023-07-23,2024-08-14,2023-09-18,,ACTIVE,True,Synthetic dataset generated for research/demo use,VALIDATED,,800638389df9
ENG-000382,ENG-JAVA-SER-00313,,Java Runtime — Ireland,"# Java Runtime — Ireland

## Purpose
Teams must apply this guidance when working with Java runtime in production or employee-facing environments.

## Scope
Archived versions remain available for audit purposes but must not be used for new decisions. This version applies to Ireland.

## Requirements
- Java Runtime must follow the current approved policy and ownership model. - Operational evidence for Java runtime should be retained according to the applicable retention schedule. - Exceptions involving Java runtime require documented approval from the responsible owner. - Teams should use standard tooling and published procedures when working with Java runtime.

## Controls
Sensitive information must follow the organisation's classification and least-privilege requirements.

## Procedure
1. Confirm that the request concerns Java runtime.
2. Verify the relevant owner, country, environment, and current version.
3. Follow the approved workflow and capture evidence.
4. Escalate unresolved or exceptional cases to Backend Platform.

## Validation
Do not bypass required controls simply to shorten resolution time.

## Version
Version 1.1. Status: ARCHIVED. This document is archived and retained only for historical reference.",Software Engineering,Shared Services,Java Services,Java runtime,api_guide,Backend Platform,Backend Platform,IE,Ireland,en,"[""eng"", ""java-runtime"", ""java-services"", ""software-engineering""]","[""Java Services"", ""Java runtime"", ""eng"", ""java-runtime"", ""java-services"", ""software-engineering""]",EMPLOYEE,"[""employee"", ""engineer"", ""tech_lead"", ""architect""]",[],servicenow,synthetic://software-engineering/ENG-000382,1.1,2023-01-19,2024-07-11,2023-01-24,,ARCHIVED,True,Synthetic dataset generated for research/demo use,VALIDATED,,b35935ae7bf7
ENG-000383,ENG-TESTING-00314,,End-To-End Testing — Global v1.2,"# End-To-End Testing — Global v1.2

## Purpose
Teams must apply this guidance when working with end-to-end testing in production or employee-facing environments.

## Scope
Country-specific and role-specific exceptions override the global baseline only when explicitly documented. This version is the global baseline; country-specific documents may impose additional requirements.

## Requirements
- End-To-End Testing must follow the current approved policy and ownership model. - Operational evidence for end-to-end testing should be retained according to the applicable retention schedule. - Exceptions involving end-to-end testing require documented approval from the responsible owner. - Teams should use standard tooling and published procedures when working with end-to-end testing.

## Controls
Sensitive information must follow the organisation's classification and least-privilege requirements.

## Procedure
1. Confirm that the request concerns end-to-end testing.
2. Verify the relevant owner, country, environment, and current version.
3. Follow the approved workflow and capture evidence.
4. Escalate unresolved or exceptional cases to Data Platform.

## Validation
Do not bypass required controls simply to shorten resolution time.

## Version
Version 1.2. Status: ARCHIVED. This document is archived and retained only for historical reference.",Software Engineering,Digital Delivery,Testing,end-to-end testing,architecture_decision_record,Data Platform,Data Platform,GLOBAL,Global,en,"[""end-to-end-testing"", ""eng"", ""software-engineering"", ""testing""]","[""Testing"", ""end-to-end testing"", ""end-to-end-testing"", ""eng"", ""software-engineering"", ""testing""]",INTERNAL,"[""employee"", ""engineer"", ""tech_lead"", ""architect""]",[],github,synthetic://software-engineering/ENG-000383,1.2,2025-10-29,2026-09-23,2025-12-27,,ARCHIVED,True,Synthetic dataset generated for research/demo use,VALIDATED,,5e871032d14f
ENG-000384,ENG-TESTING-00314,ENG-000383,End-To-End Testing — Global v2.1,"# End-To-End Testing — Global v2.1

## Purpose
The standard exists to reduce inconsistent implementation, avoid repeated support effort, and provide an auditable source of truth.

## Scope
It applies to employees, contractors, and managed service teams where the stated scope is relevant. This version is the global baseline; country-specific documents may impose additional requirements.

## Requirements
- End-To-End Testing must follow the current approved policy and ownership model. - Operational evidence for end-to-end testing should be retained according to the applicable retention schedule. - Exceptions involving end-to-end testing require documented approval from the responsible owner. - Teams should use standard tooling and published procedures when working with end-to-end testing.

## Controls
Changes affecting production require peer review, traceable evidence, and rollback instructions.

## Procedure
1. Confirm that the request concerns end-to-end testing.
2. Verify the relevant owner, country, environment, and current version.
3. Follow the approved workflow and capture evidence.
4. Escalate unresolved or exceptional cases to Data Platform.

## Validation
Do not bypass required controls simply to shorten resolution time.

## Version
Version 2.1. Status: ACTIVE.",Software Engineering,Cloud & Security,Testing,end-to-end testing,architecture_decision_record,Data Platform,Data Platform,GLOBAL,Global,en,"[""end-to-end-testing"", ""eng"", ""software-engineering"", ""testing""]","[""Testing"", ""end-to-end testing"", ""end-to-end-testing"", ""eng"", ""software-engineering"", ""testing""]",INTERNAL,"[""employee"", ""engineer"", ""tech_lead"", ""architect""]",[],hr_portal,synthetic://software-engineering/ENG-000384,2.1,2023-03-20,2024-02-16,2023-05-18,,ACTIVE,True,Synthetic dataset generated for research/demo use,VALIDATED,,21c913dd59a6
ENG-000385,ENG-FRONTEND-00315,,React Standards — Ireland,"# React Standards — Ireland

## Purpose
The standard exists to reduce inconsistent implementation, avoid repeated support effort, and provide an auditable source of truth.

## Scope
Country-specific and role-specific exceptions override the global baseline only when explicitly documented. This version applies to Ireland.

## Requirements
- React Standards must follow the current approved policy and ownership model. - Operational evidence for React standards should be retained according to the applicable retention schedule. - Exceptions involving React standards require documented approval from the responsible owner. - Teams should use standard tooling and published procedures when working with React standards.

## Controls
Sensitive information must follow the organisation's classification and least-privilege requirements.

## Procedure
1. Confirm that the request concerns React standards.
2. Verify the relevant owner, country, environment, and current version.
3. Follow the approved workflow and capture evidence.
4. Escalate unresolved or exceptional cases to Backend Platform.

## Validation
If the procedure does not resolve the issue, escalate to the listed owner team with timestamps, identifiers, and evidence.

## Version
Version 1.0. Status: ACTIVE.",Software Engineering,Enterprise Platforms,Frontend,React standards,design_note,Backend Platform,Backend Platform,IE,Ireland,en,"[""eng"", ""frontend"", ""react-standards"", ""software-engineering""]","[""Frontend"", ""React standards"", ""eng"", ""frontend"", ""react-standards"", ""software-engineering""]",CONFIDENTIAL,"[""tech_lead"", ""architect""]","[""Software Engineering""]",servicenow,synthetic://software-engineering/ENG-000385,1.0,2023-07-24,2025-06-22,2023-08-07,,ACTIVE,True,Synthetic dataset generated for research/demo use,VALIDATED,,657ad07c0ca3
ENG-000386,ENG-TESTING-00316,,Unit Testing — Global,"# Unit Testing — Global

## Purpose
The standard exists to reduce inconsistent implementation, avoid repeated support effort, and provide an auditable source of truth.

## Scope
Archived versions remain available for audit purposes but must not be used for new decisions. This version is the global baseline; country-specific documents may impose additional requirements.

## Requirements
- Unit Testing must follow the current approved policy and ownership model. - Operational evidence for unit testing should be retained according to the applicable retention schedule. - Exceptions involving unit testing require documented approval from the responsible owner. - Teams should use standard tooling and published procedures when working with unit testing.

## Controls
Requests requiring elevated access must be approved by the designated owner and recorded in the enterprise service system.

## Procedure
1. Confirm that the request concerns unit testing.
2. Verify the relevant owner, country, environment, and current version.
3. Follow the approved workflow and capture evidence.
4. Escalate unresolved or exceptional cases to Developer Experience.

## Validation
If the procedure does not resolve the issue, escalate to the listed owner team with timestamps, identifiers, and evidence.

## Version
Version 1.4. Status: ACTIVE.",Software Engineering,Corporate Functions,Testing,unit testing,technical_standard,Developer Experience,Developer Experience,GLOBAL,Global,en,"[""eng"", ""software-engineering"", ""testing"", ""unit-testing""]","[""Testing"", ""eng"", ""software-engineering"", ""testing"", ""unit testing"", ""unit-testing""]",EMPLOYEE,"[""employee"", ""engineer"", ""tech_lead"", ""architect""]",[],github,synthetic://software-engineering/ENG-000386,1.4,2025-02-26,2026-05-31,2025-03-20,,ACTIVE,True,Synthetic dataset generated for research/demo use,VALIDATED,,301c55653baa
ENG-000387,ENG-ARCHITEC-00317,,Monolith Decomposition — Ireland,"# Monolith Decomposition — Ireland

## Purpose
The standard exists to reduce inconsistent implementation, avoid repeated support effort, and provide an auditable source of truth.

## Scope
Country-specific and role-specific exceptions override the global baseline only when explicitly documented. This version applies to Ireland.

## Requirements
- Monolith Decomposition must follow the current approved policy and ownership model. - Operational evidence for monolith decomposition should be retained according to the applicable retention schedule. - Exceptions involving monolith decomposition require documented approval from the responsible owner. - Teams should use standard tooling and published procedures when working with monolith decomposition.

## Controls
Sensitive information must follow the organisation's classification and least-privilege requirements.

## Procedure
1. Confirm that the request concerns monolith decomposition.
2. Verify the relevant owner, country, environment, and current version.
3. Follow the approved workflow and capture evidence.
4. Escalate unresolved or exceptional cases to Architecture Guild.

## Validation
Do not bypass required controls simply to shorten resolution time.

## Version
Version 1.3. Status: ACTIVE.",Software Engineering,Shared Services,Architecture,monolith decomposition,coding_standard,Architecture Guild,Architecture Guild,IE,Ireland,en,"[""architecture"", ""eng"", ""monolith-decomposition"", ""software-engineering""]","[""Architecture"", ""architecture"", ""eng"", ""monolith decomposition"", ""monolith-decomposition"", ""software-engineering""]",INTERNAL,"[""employee"", ""engineer"", ""tech_lead"", ""architect""]",[],sharepoint,synthetic://software-engineering/ENG-000387,1.3,2025-06-28,2025-07-13,2025-07-11,,ACTIVE,True,Synthetic dataset generated for research/demo use,VALIDATED,,42454ff80f8d
ENG-000388,ENG-DATABASE-00318,,Connection Pooling — Global,"# Connection Pooling — Global

## Purpose
This document defines the approved operating model for connection pooling within Northstar Digital Services.

## Scope
Country-specific and role-specific exceptions override the global baseline only when explicitly documented. This version is the global baseline; country-specific documents may impose additional requirements.

## Requirements
- Connection Pooling must follow the current approved policy and ownership model. - Operational evidence for connection pooling should be retained according to the applicable retention schedule. - Exceptions involving connection pooling require documented approval from the responsible owner. - Teams should use standard tooling and published procedures when working with connection pooling.

## Controls
Sensitive information must follow the organisation's classification and least-privilege requirements.

## Procedure
1. Confirm that the request concerns connection pooling.
2. Verify the relevant owner, country, environment, and current version.
3. Follow the approved workflow and capture evidence.
4. Escalate unresolved or exceptional cases to Architecture Guild.

## Validation
If the procedure does not resolve the issue, escalate to the listed owner team with timestamps, identifiers, and evidence.

## Version
Version 1.0. Status: ACTIVE.",Software Engineering,Digital Delivery,Databases,connection pooling,migration_guide,Architecture Guild,Architecture Guild,GLOBAL,Global,en,"[""connection-pooling"", ""databases"", ""eng"", ""software-engineering""]","[""Databases"", ""connection pooling"", ""connection-pooling"", ""databases"", ""eng"", ""software-engineering""]",INTERNAL,"[""employee"", ""engineer"", ""tech_lead"", ""architect""]",[],google_drive,synthetic://software-engineering/ENG-000388,1.0,2026-02-23,2026-09-23,2026-04-24,,ACTIVE,True,Synthetic dataset generated for research/demo use,VALIDATED,,3a217419bab5
ENG-000389,ENG-PYTHON-B-00319,,Fastapi Service Standard — Singapore,"# Fastapi Service Standard — Singapore

## Purpose
Teams must apply this guidance when working with FastAPI service standard in production or employee-facing environments.

## Scope
It applies to employees, contractors, and managed service teams where the stated scope is relevant. This version applies to Singapore.

## Requirements
- Service contracts must use explicit schemas. - Health and readiness endpoints are required. - Timeouts, structured logging, and request IDs are mandatory in production. - Service contracts must use explicit schemas.

## Controls
Requests requiring elevated access must be approved by the designated owner and recorded in the enterprise service system.

## Procedure
1. Confirm that the request concerns FastAPI service standard.
2. Verify the relevant owner, country, environment, and current version.
3. Follow the approved workflow and capture evidence.
4. Escalate unresolved or exceptional cases to Architecture Guild.

## Validation
Verify the current document version before acting.

## Version
Version 1.4. Status: ARCHIVED. This document is archived and retained only for historical reference.",Software Engineering,Corporate Functions,Python Backend,FastAPI service standard,design_note,Architecture Guild,Architecture Guild,SG,Singapore,en,"[""eng"", ""fastapi-service-standard"", ""python-backend"", ""software-engineering""]","[""FastAPI service standard"", ""Python Backend"", ""eng"", ""fastapi-service-standard"", ""python-backend"", ""software-engineering""]",EMPLOYEE,"[""employee"", ""engineer"", ""tech_lead"", ""architect""]",[],confluence,synthetic://software-engineering/ENG-000389,1.4,2024-10-21,2026-08-21,2024-11-05,2026-07-07,ARCHIVED,True,Synthetic dataset generated for research/demo use,VALIDATED,,4b59a966b3f1
ENG-000390,ENG-TESTING-00320,,Integration Testing — Global,"# Integration Testing — Global

## Purpose
This document defines the approved operating model for integration testing within Northstar Digital Services.

## Scope
It applies to employees, contractors, and managed service teams where the stated scope is relevant. This version is the global baseline; country-specific documents may impose additional requirements.

## Requirements
- Integration Testing must follow the current approved policy and ownership model. - Operational evidence for integration testing should be retained according to the applicable retention schedule. - Exceptions involving integration testing require documented approval from the responsible owner. - Teams should use standard tooling and published procedures when working with integration testing.

## Controls
Requests requiring elevated access must be approved by the designated owner and recorded in the enterprise service system.

## Procedure
1. Confirm that the request concerns integration testing.
2. Verify the relevant owner, country, environment, and current version.
3. Follow the approved workflow and capture evidence.
4. Escalate unresolved or exceptional cases to Developer Experience.

## Validation
Verify the current document version before acting.

## Version
Version 1.1. Status: ACTIVE.",Software Engineering,Enterprise Platforms,Testing,integration testing,api_guide,Developer Experience,Developer Experience,GLOBAL,Global,en,"[""eng"", ""integration-testing"", ""software-engineering"", ""testing""]","[""Testing"", ""eng"", ""integration testing"", ""integration-testing"", ""software-engineering"", ""testing""]",INTERNAL,"[""employee"", ""engineer"", ""tech_lead"", ""architect""]",[],servicenow,synthetic://software-engineering/ENG-000390,1.1,2025-01-05,2026-07-04,2025-01-30,,ACTIVE,True,Synthetic dataset generated for research/demo use,VALIDATED,,a99d2fa66437
ENG-000391,ENG-MESSAGIN-00321,,Schema Evolution — United States v1.2,"# Schema Evolution — United States v1.2

## Purpose
Teams must apply this guidance when working with schema evolution in production or employee-facing environments.

## Scope
Country-specific and role-specific exceptions override the global baseline only when explicitly documented. This version applies to United States.

## Requirements
- Schema Evolution must follow the current approved policy and ownership model. - Operational evidence for schema evolution should be retained according to the applicable retention schedule. - Exceptions involving schema evolution require documented approval from the responsible owner. - Teams should use standard tooling and published procedures when working with schema evolution.

## Controls
Changes affecting production require peer review, traceable evidence, and rollback instructions.

## Procedure
1. Confirm that the request concerns schema evolution.
2. Verify the relevant owner, country, environment, and current version.
3. Follow the approved workflow and capture evidence.
4. Escalate unresolved or exceptional cases to Frontend Platform.

## Validation
Verify the current document version before acting.

## Version
Version 1.2. Status: ARCHIVED. This document is archived and retained only for historical reference.",Software Engineering,Corporate Functions,Messaging,schema evolution,known_issue,Frontend Platform,Frontend Platform,US,United States,en,"[""eng"", ""messaging"", ""schema-evolution"", ""software-engineering""]","[""Messaging"", ""eng"", ""messaging"", ""schema evolution"", ""schema-evolution"", ""software-engineering""]",INTERNAL,"[""employee"", ""engineer"", ""tech_lead"", ""architect""]",[],sharepoint,synthetic://software-engineering/ENG-000391,1.2,2026-08-31,2026-09-12,2026-09-09,,ARCHIVED,True,Synthetic dataset generated for research/demo use,VALIDATED,,ebdbb149e08d
ENG-000392,ENG-MESSAGIN-00321,ENG-000391,Schema Evolution — United States v2.0,"# Schema Evolution — United States v2.0

## Purpose
This document defines the approved operating model for schema evolution within Northstar Digital Services.

## Scope
Archived versions remain available for audit purposes but must not be used for new decisions. This version applies to United States.

## Requirements
- Schema Evolution must follow the current approved policy and ownership model. - Operational evidence for schema evolution should be retained according to the applicable retention schedule. - Exceptions involving schema evolution require documented approval from the responsible owner. - Teams should use standard tooling and published procedures when working with schema evolution.

## Controls
Requests requiring elevated access must be approved by the designated owner and recorded in the enterprise service system.

## Procedure
1. Confirm that the request concerns schema evolution.
2. Verify the relevant owner, country, environment, and current version.
3. Follow the approved workflow and capture evidence.
4. Escalate unresolved or exceptional cases to Frontend Platform.

## Validation
Verify the current document version before acting.

## Version
Version 2.0. Status: ARCHIVED. This document is archived and retained only for historical reference.",Software Engineering,Shared Services,Messaging,schema evolution,known_issue,Frontend Platform,Frontend Platform,US,United States,en,"[""eng"", ""messaging"", ""schema-evolution"", ""software-engineering""]","[""Messaging"", ""eng"", ""messaging"", ""schema evolution"", ""schema-evolution"", ""software-engineering""]",EMPLOYEE,"[""employee"", ""engineer"", ""tech_lead"", ""architect""]",[],google_drive,synthetic://software-engineering/ENG-000392,2.0,2025-03-02,2026-03-30,2025-03-22,,ARCHIVED,True,Synthetic dataset generated for research/demo use,VALIDATED,,13366c4f618e
ENG-000393,ENG-MESSAGIN-00321,ENG-000392,Schema Evolution — United States v3.2,"# Schema Evolution — United States v3.2

## Purpose
The standard exists to reduce inconsistent implementation, avoid repeated support effort, and provide an auditable source of truth.

## Scope
It applies to employees, contractors, and managed service teams where the stated scope is relevant. This version applies to United States.

## Requirements
- Schema Evolution must follow the current approved policy and ownership model. - Operational evidence for schema evolution should be retained according to the applicable retention schedule. - Exceptions involving schema evolution require documented approval from the responsible owner. - Teams should use standard tooling and published procedures when working with schema evolution.

## Controls
Requests requiring elevated access must be approved by the designated owner and recorded in the enterprise service system.

## Procedure
1. Confirm that the request concerns schema evolution.
2. Verify the relevant owner, country, environment, and current version.
3. Follow the approved workflow and capture evidence.
4. Escalate unresolved or exceptional cases to Frontend Platform.

## Validation
Verify the current document version before acting.

## Version
Version 3.2. Status: ACTIVE.",Software Engineering,Enterprise Platforms,Messaging,schema evolution,known_issue,Frontend Platform,Frontend Platform,US,United States,en,"[""eng"", ""messaging"", ""schema-evolution"", ""software-engineering""]","[""Messaging"", ""eng"", ""messaging"", ""schema evolution"", ""schema-evolution"", ""software-engineering""]",INTERNAL,"[""employee"", ""engineer"", ""tech_lead"", ""architect""]",[],github,synthetic://software-engineering/ENG-000393,3.2,2025-03-29,2026-09-23,2025-05-10,,ACTIVE,True,Synthetic dataset generated for research/demo use,VALIDATED,,2475ec727691
ENG-000394,ENG-JAVA-SER-00322,,Gradle Builds — Australia v1.0,"# Gradle Builds — Australia v1.0

## Purpose
Teams must apply this guidance when working with Gradle builds in production or employee-facing environments.

## Scope
It applies to employees, contractors, and managed service teams where the stated scope is relevant. This version applies to Australia.

## Requirements
- Gradle Builds must follow the current approved policy and ownership model. - Operational evidence for Gradle builds should be retained according to the applicable retention schedule. - Exceptions involving Gradle builds require documented approval from the responsible owner. - Teams should use standard tooling and published procedures when working with Gradle builds.

## Controls
Requests requiring elevated access must be approved by the designated owner and recorded in the enterprise service system.

## Procedure
1. Confirm that the request concerns Gradle builds.
2. Verify the relevant owner, country, environment, and current version.
3. Follow the approved workflow and capture evidence.
4. Escalate unresolved or exceptional cases to Architecture Guild.

## Validation
If the procedure does not resolve the issue, escalate to the listed owner team with timestamps, identifiers, and evidence.

## Version
Version 1.0. Status: ARCHIVED. This document is archived and retained only for historical reference.",Software Engineering,Cloud & Security,Java Services,Gradle builds,api_guide,Architecture Guild,Architecture Guild,AU,Australia,en,"[""eng"", ""gradle-builds"", ""java-services"", ""software-engineering""]","[""Gradle builds"", ""Java Services"", ""eng"", ""gradle-builds"", ""java-services"", ""software-engineering""]",EMPLOYEE,"[""employee"", ""engineer"", ""tech_lead"", ""architect""]",[],google_drive,synthetic://software-engineering/ENG-000394,1.0,2024-12-16,2026-09-23,2025-02-04,,ARCHIVED,True,Synthetic dataset generated for research/demo use,VALIDATED,,dc754d992c82
ENG-000395,ENG-JAVA-SER-00322,ENG-000394,Gradle Builds — Australia v2.0,"# Gradle Builds — Australia v2.0

## Purpose
This document defines the approved operating model for Gradle builds within Northstar Digital Services.

## Scope
It applies to employees, contractors, and managed service teams where the stated scope is relevant. This version applies to Australia.

## Requirements
- Gradle Builds must follow the current approved policy and ownership model. - Operational evidence for Gradle builds should be retained according to the applicable retention schedule. - Exceptions involving Gradle builds require documented approval from the responsible owner. - Teams should use standard tooling and published procedures when working with Gradle builds.

## Controls
Requests requiring elevated access must be approved by the designated owner and recorded in the enterprise service system.

## Procedure
1. Confirm that the request concerns Gradle builds.
2. Verify the relevant owner, country, environment, and current version.
3. Follow the approved workflow and capture evidence.
4. Escalate unresolved or exceptional cases to Architecture Guild.

## Validation
If the procedure does not resolve the issue, escalate to the listed owner team with timestamps, identifiers, and evidence.

## Version
Version 2.0. Status: ACTIVE.",Software Engineering,Cloud & Security,Java Services,Gradle builds,api_guide,Architecture Guild,Architecture Guild,AU,Australia,en,"[""eng"", ""gradle-builds"", ""java-services"", ""software-engineering""]","[""Gradle builds"", ""Java Services"", ""eng"", ""gradle-builds"", ""java-services"", ""software-engineering""]",INTERNAL,"[""employee"", ""engineer"", ""tech_lead"", ""architect""]",[],google_drive,synthetic://software-engineering/ENG-000395,2.0,2024-06-28,2025-09-10,2024-08-09,,ACTIVE,True,Synthetic dataset generated for research/demo use,VALIDATED,,8cc2e37b14ef
ENG-000396,ENG-TESTING-00323,,Test Data — United States,"# Test Data — United States

## Purpose
This document defines the approved operating model for test data within Northstar Digital Services.

## Scope
Archived versions remain available for audit purposes but must not be used for new decisions. This version applies to United States.

## Requirements
- Test Data must follow the current approved policy and ownership model. - Operational evidence for test data should be retained according to the applicable retention schedule. - Exceptions involving test data require documented approval from the responsible owner. - Teams should use standard tooling and published procedures when working with test data.

## Controls
Sensitive information must follow the organisation's classification and least-privilege requirements.

## Procedure
1. Confirm that the request concerns test data.
2. Verify the relevant owner, country, environment, and current version.
3. Follow the approved workflow and capture evidence.
4. Escalate unresolved or exceptional cases to Architecture Guild.

## Validation
Verify the current document version before acting.

## Version
Version 1.4. Status: ACTIVE.",Software Engineering,Corporate Functions,Testing,test data,coding_standard,Architecture Guild,Architecture Guild,US,United States,en,"[""eng"", ""software-engineering"", ""test-data"", ""testing""]","[""Testing"", ""eng"", ""software-engineering"", ""test data"", ""test-data"", ""testing""]",EMPLOYEE,"[""employee"", ""engineer"", ""tech_lead"", ""architect""]",[],google_drive,synthetic://software-engineering/ENG-000396,1.4,2025-09-17,2026-09-23,2025-10-07,,ACTIVE,True,Synthetic dataset generated for research/demo use,VALIDATED,,dafc6ceeff75
ENG-000397,ENG-ARCHITEC-00324,,Caching — Global,"# Caching — Global

## Purpose
This document defines the approved operating model for caching within Northstar Digital Services.

## Scope
It applies to employees, contractors, and managed service teams where the stated scope is relevant. This version is the global baseline; country-specific documents may impose additional requirements.

## Requirements
- Caching must follow the current approved policy and ownership model. - Operational evidence for caching should be retained according to the applicable retention schedule. - Exceptions involving caching require documented approval from the responsible owner. - Teams should use standard tooling and published procedures when working with caching.

## Controls
Changes affecting production require peer review, traceable evidence, and rollback instructions.

## Procedure
1. Confirm that the request concerns caching.
2. Verify the relevant owner, country, environment, and current version.
3. Follow the approved workflow and capture evidence.
4. Escalate unresolved or exceptional cases to Frontend Platform.

## Validation
Do not bypass required controls simply to shorten resolution time.

## Version
Version 1.1. Status: ARCHIVED. This document is archived and retained only for historical reference.",Software Engineering,Enterprise Platforms,Architecture,caching,coding_standard,Frontend Platform,Frontend Platform,GLOBAL,Global,en,"[""architecture"", ""caching"", ""eng"", ""software-engineering""]","[""Architecture"", ""architecture"", ""caching"", ""eng"", ""software-engineering""]",INTERNAL,"[""employee"", ""engineer"", ""tech_lead"", ""architect""]",[],hr_portal,synthetic://software-engineering/ENG-000397,1.1,2026-01-12,2026-07-17,2026-02-05,2026-08-19,ARCHIVED,True,Synthetic dataset generated for research/demo use,VALIDATED,,53dd8d1f6cc8
ENG-000398,ENG-FRONTEND-00325,,Next.Js Rendering — Global,"# Next.Js Rendering — Global

## Purpose
Teams must apply this guidance when working with Next.js rendering in production or employee-facing environments.

## Scope
Country-specific and role-specific exceptions override the global baseline only when explicitly documented. This version is the global baseline; country-specific documents may impose additional requirements.

## Requirements
- Next.Js Rendering must follow the current approved policy and ownership model. - Operational evidence for Next.js rendering should be retained according to the applicable retention schedule. - Exceptions involving Next.js rendering require documented approval from the responsible owner. - Teams should use standard tooling and published procedures when working with Next.js rendering.

## Controls
Requests requiring elevated access must be approved by the designated owner and recorded in the enterprise service system.

## Procedure
1. Confirm that the request concerns Next.js rendering.
2. Verify the relevant owner, country, environment, and current version.
3. Follow the approved workflow and capture evidence.
4. Escalate unresolved or exceptional cases to Data Platform.

## Validation
If the procedure does not resolve the issue, escalate to the listed owner team with timestamps, identifiers, and evidence.

## Version
Version 1.4. Status: ACTIVE.",Software Engineering,Cloud & Security,Frontend,Next.js rendering,known_issue,Data Platform,Data Platform,GLOBAL,Global,en,"[""eng"", ""frontend"", ""next-js-rendering"", ""software-engineering""]","[""Frontend"", ""Next.js rendering"", ""eng"", ""frontend"", ""next-js-rendering"", ""software-engineering""]",INTERNAL,"[""employee"", ""engineer"", ""tech_lead"", ""architect""]",[],confluence,synthetic://software-engineering/ENG-000398,1.4,2025-01-23,2026-08-22,2025-02-21,,ACTIVE,True,Synthetic dataset generated for research/demo use,VALIDATED,,218e96083ad4
ENG-000399,ENG-DATABASE-00326,,Indexing — Global v1.4,"# Indexing — Global v1.4

## Purpose
This document defines the approved operating model for indexing within Northstar Digital Services.

## Scope
It applies to employees, contractors, and managed service teams where the stated scope is relevant. This version is the global baseline; country-specific documents may impose additional requirements.

## Requirements
- Indexing must follow the current approved policy and ownership model. - Operational evidence for indexing should be retained according to the applicable retention schedule. - Exceptions involving indexing require documented approval from the responsible owner. - Teams should use standard tooling and published procedures when working with indexing.

## Controls
Requests requiring elevated access must be approved by the designated owner and recorded in the enterprise service system.

## Procedure
1. Confirm that the request concerns indexing.
2. Verify the relevant owner, country, environment, and current version.
3. Follow the approved workflow and capture evidence.
4. Escalate unresolved or exceptional cases to Data Platform.

## Validation
Do not bypass required controls simply to shorten resolution time.

## Version
Version 1.4. Status: ARCHIVED. This document is archived and retained only for historical reference.",Software Engineering,Enterprise Platforms,Databases,indexing,api_guide,Data Platform,Data Platform,GLOBAL,Global,en,"[""databases"", ""eng"", ""indexing"", ""software-engineering""]","[""Databases"", ""databases"", ""eng"", ""indexing"", ""software-engineering""]",INTERNAL,"[""employee"", ""engineer"", ""tech_lead"", ""architect""]",[],hr_portal,synthetic://software-engineering/ENG-000399,1.4,2025-07-31,2025-12-29,2025-08-21,,ARCHIVED,True,Synthetic dataset generated for research/demo use,VALIDATED,,eea64ee6c29f
ENG-000400,ENG-DATABASE-00326,ENG-000399,Indexing — Global v2.3,"# Indexing — Global v2.3

## Purpose
This document defines the approved operating model for indexing within Northstar Digital Services.

## Scope
It applies to employees, contractors, and managed service teams where the stated scope is relevant. This version is the global baseline; country-specific documents may impose additional requirements.

## Requirements
- Indexing must follow the current approved policy and ownership model. - Operational evidence for indexing should be retained according to the applicable retention schedule. - Exceptions involving indexing require documented approval from the responsible owner. - Teams should use standard tooling and published procedures when working with indexing.

## Controls
Requests requiring elevated access must be approved by the designated owner and recorded in the enterprise service system.

## Procedure
1. Confirm that the request concerns indexing.
2. Verify the relevant owner, country, environment, and current version.
3. Follow the approved workflow and capture evidence.
4. Escalate unresolved or exceptional cases to Data Platform.

## Validation
Verify the current document version before acting.

## Version
Version 2.3. Status: ACTIVE.",Software Engineering,Cloud & Security,Databases,indexing,api_guide,Data Platform,Data Platform,GLOBAL,Global,en,"[""databases"", ""eng"", ""indexing"", ""software-engineering""]","[""Databases"", ""databases"", ""eng"", ""indexing"", ""software-engineering""]",INTERNAL,"[""employee"", ""engineer"", ""tech_lead"", ""architect""]",[],sharepoint,synthetic://software-engineering/ENG-000400,2.3,2023-02-05,2023-12-07,2023-03-12,,ACTIVE,True,Synthetic dataset generated for research/demo use,VALIDATED,,cb77f62dc328
ENG-000401,ENG-DATABASE-00327,,Connection Pooling — Australia v1.0,"# Connection Pooling — Australia v1.0

## Purpose
Teams must apply this guidance when working with connection pooling in production or employee-facing environments.

## Scope
It applies to employees, contractors, and managed service teams where the stated scope is relevant. This version applies to Australia.

## Requirements
- Connection Pooling must follow the current approved policy and ownership model. - Operational evidence for connection pooling should be retained according to the applicable retention schedule. - Exceptions involving connection pooling require documented approval from the responsible owner. - Teams should use standard tooling and published procedures when working with connection pooling.

## Controls
Requests requiring elevated access must be approved by the designated owner and recorded in the enterprise service system.

## Procedure
1. Confirm that the request concerns connection pooling.
2. Verify the relevant owner, country, environment, and current version.
3. Follow the approved workflow and capture evidence.
4. Escalate unresolved or exceptional cases to Data Platform.

## Validation
Do not bypass required controls simply to shorten resolution time.

## Version
Version 1.0. Status: ARCHIVED. This document is archived and retained only for historical reference.",Software Engineering,Shared Services,Databases,connection pooling,technical_standard,Data Platform,Data Platform,AU,Australia,en,"[""connection-pooling"", ""databases"", ""eng"", ""software-engineering""]","[""Databases"", ""connection pooling"", ""connection-pooling"", ""databases"", ""eng"", ""software-engineering""]",INTERNAL,"[""employee"", ""engineer"", ""tech_lead"", ""architect""]",[],servicenow,synthetic://software-engineering/ENG-000401,1.0,2026-03-14,2026-07-13,2026-04-05,2026-10-17,ARCHIVED,True,Synthetic dataset generated for research/demo use,VALIDATED,,7ebe56910e58
ENG-000402,ENG-DATABASE-00327,ENG-000401,Connection Pooling — Australia v2.2,"# Connection Pooling — Australia v2.2

## Purpose
This document defines the approved operating model for connection pooling within Northstar Digital Services.

## Scope
Country-specific and role-specific exceptions override the global baseline only when explicitly documented. This version applies to Australia.

## Requirements
- Connection Pooling must follow the current approved policy and ownership model. - Operational evidence for connection pooling should be retained according to the applicable retention schedule. - Exceptions involving connection pooling require documented approval from the responsible owner. - Teams should use standard tooling and published procedures when working with connection pooling.

## Controls
Changes affecting production require peer review, traceable evidence, and rollback instructions.

## Procedure
1. Confirm that the request concerns connection pooling.
2. Verify the relevant owner, country, environment, and current version.
3. Follow the approved workflow and capture evidence.
4. Escalate unresolved or exceptional cases to Data Platform.

## Validation
Verify the current document version before acting.

## Version
Version 2.2. Status: ARCHIVED. This document is archived and retained only for historical reference.",Software Engineering,Shared Services,Databases,connection pooling,technical_standard,Data Platform,Data Platform,AU,Australia,en,"[""connection-pooling"", ""databases"", ""eng"", ""software-engineering""]","[""Databases"", ""connection pooling"", ""connection-pooling"", ""databases"", ""eng"", ""software-engineering""]",EMPLOYEE,"[""employee"", ""engineer"", ""tech_lead"", ""architect""]",[],confluence,synthetic://software-engineering/ENG-000402,2.2,2025-12-17,2026-06-30,2026-01-23,2027-05-26,ARCHIVED,True,Synthetic dataset generated for research/demo use,VALIDATED,,ac5a2e15ac05
ENG-000403,ENG-DATABASE-00327,ENG-000402,Connection Pooling — Australia v3.2,"# Connection Pooling — Australia v3.2

## Purpose
Teams must apply this guidance when working with connection pooling in production or employee-facing environments.

## Scope
Country-specific and role-specific exceptions override the global baseline only when explicitly documented. This version applies to Australia.

## Requirements
- Connection Pooling must follow the current approved policy and ownership model. - Operational evidence for connection pooling should be retained according to the applicable retention schedule. - Exceptions involving connection pooling require documented approval from the responsible owner. - Teams should use standard tooling and published procedures when working with connection pooling.

## Controls
Requests requiring elevated access must be approved by the designated owner and recorded in the enterprise service system.

## Procedure
1. Confirm that the request concerns connection pooling.
2. Verify the relevant owner, country, environment, and current version.
3. Follow the approved workflow and capture evidence.
4. Escalate unresolved or exceptional cases to Data Platform.

## Validation
Do not bypass required controls simply to shorten resolution time.

## Version
Version 3.2. Status: ACTIVE.",Software Engineering,Cloud & Security,Databases,connection pooling,technical_standard,Data Platform,Data Platform,AU,Australia,en,"[""connection-pooling"", ""databases"", ""eng"", ""software-engineering""]","[""Databases"", ""connection pooling"", ""connection-pooling"", ""databases"", ""eng"", ""software-engineering""]",INTERNAL,"[""employee"", ""engineer"", ""tech_lead"", ""architect""]",[],sharepoint,synthetic://software-engineering/ENG-000403,3.2,2023-05-22,2024-10-27,2023-06-26,,ACTIVE,True,Synthetic dataset generated for research/demo use,VALIDATED,,83108bb36b60
ENG-000404,ENG-JAVA-SER-00328,,Spring Boot Standard — Global,"# Spring Boot Standard — Global

## Purpose
The standard exists to reduce inconsistent implementation, avoid repeated support effort, and provide an auditable source of truth.

## Scope
It applies to employees, contractors, and managed service teams where the stated scope is relevant. This version is the global baseline; country-specific documents may impose additional requirements.

## Requirements
- Spring Boot Standard must follow the current approved policy and ownership model. - Operational evidence for Spring Boot standard should be retained according to the applicable retention schedule. - Exceptions involving Spring Boot standard require documented approval from the responsible owner. - Teams should use standard tooling and published procedures when working with Spring Boot standard.

## Controls
Sensitive information must follow the organisation's classification and least-privilege requirements.

## Procedure
1. Confirm that the request concerns Spring Boot standard.
2. Verify the relevant owner, country, environment, and current version.
3. Follow the approved workflow and capture evidence.
4. Escalate unresolved or exceptional cases to Architecture Guild.

## Validation
Do not bypass required controls simply to shorten resolution time.

## Version
Version 1.0. Status: ACTIVE.",Software Engineering,Shared Services,Java Services,Spring Boot standard,migration_guide,Architecture Guild,Architecture Guild,GLOBAL,Global,en,"[""eng"", ""java-services"", ""software-engineering"", ""spring-boot-standard""]","[""Java Services"", ""Spring Boot standard"", ""eng"", ""java-services"", ""software-engineering"", ""spring-boot-standard""]",CONFIDENTIAL,"[""tech_lead"", ""architect""]","[""Software Engineering""]",google_drive,synthetic://software-engineering/ENG-000404,1.0,2023-12-11,2024-09-25,2024-02-03,,ACTIVE,True,Synthetic dataset generated for research/demo use,VALIDATED,,f72dc08b2f50
ENG-000405,ENG-MESSAGIN-00329,,Exactly-Once Semantics — United States,"# Exactly-Once Semantics — United States

## Purpose
Teams must apply this guidance when working with exactly-once semantics in production or employee-facing environments.

## Scope
Country-specific and role-specific exceptions override the global baseline only when explicitly documented. This version applies to United States.

## Requirements
- Exactly-Once Semantics must follow the current approved policy and ownership model. - Operational evidence for exactly-once semantics should be retained according to the applicable retention schedule. - Exceptions involving exactly-once semantics require documented approval from the responsible owner. - Teams should use standard tooling and published procedures when working with exactly-once semantics.

## Controls
Sensitive information must follow the organisation's classification and least-privilege requirements.

## Procedure
1. Confirm that the request concerns exactly-once semantics.
2. Verify the relevant owner, country, environment, and current version.
3. Follow the approved workflow and capture evidence.
4. Escalate unresolved or exceptional cases to Data Platform.

## Validation
Verify the current document version before acting.

## Version
Version 1.3. Status: DRAFT.  This document is a draft and must not be treated as an approved source of policy.",Software Engineering,Enterprise Platforms,Messaging,exactly-once semantics,technical_standard,Data Platform,Data Platform,US,United States,en,"[""eng"", ""exactly-once-semantics"", ""messaging"", ""software-engineering""]","[""Messaging"", ""eng"", ""exactly-once semantics"", ""exactly-once-semantics"", ""messaging"", ""software-engineering""]",EMPLOYEE,"[""employee"", ""engineer"", ""tech_lead"", ""architect""]",[],confluence,synthetic://software-engineering/ENG-000405,1.3,2023-11-19,2025-04-16,2023-11-23,,DRAFT,True,Synthetic dataset generated for research/demo use,VALIDATED,,5fa9aa9d5f13
ENG-000406,ENG-ARCHITEC-00330,,Adr Process — United Kingdom,"# Adr Process — United Kingdom

## Purpose
This document defines the approved operating model for ADR process within Northstar Digital Services.

## Scope
Country-specific and role-specific exceptions override the global baseline only when explicitly documented. This version applies to United Kingdom.

## Requirements
- Adr Process must follow the current approved policy and ownership model. - Operational evidence for ADR process should be retained according to the applicable retention schedule. - Exceptions involving ADR process require documented approval from the responsible owner. - Teams should use standard tooling and published procedures when working with ADR process.

## Controls
Sensitive information must follow the organisation's classification and least-privilege requirements.

## Procedure
1. Confirm that the request concerns ADR process.
2. Verify the relevant owner, country, environment, and current version.
3. Follow the approved workflow and capture evidence.
4. Escalate unresolved or exceptional cases to Architecture Guild.

## Validation
If the procedure does not resolve the issue, escalate to the listed owner team with timestamps, identifiers, and evidence.

## Version
Version 1.3. Status: ACTIVE.",Software Engineering,Shared Services,Architecture,ADR process,technical_standard,Architecture Guild,Architecture Guild,UK,United Kingdom,en,"[""adr-process"", ""architecture"", ""eng"", ""software-engineering""]","[""ADR process"", ""Architecture"", ""adr-process"", ""architecture"", ""eng"", ""software-engineering""]",INTERNAL,"[""employee"", ""engineer"", ""tech_lead"", ""architect""]",[],servicenow,synthetic://software-engineering/ENG-000406,1.3,2024-02-12,2025-08-23,2024-03-23,,ACTIVE,True,Synthetic dataset generated for research/demo use,VALIDATED,,5e277d538536
ENG-000407,ENG-PYTHON-B-00331,,Fastapi Service Standard — Australia v1.3,"# Fastapi Service Standard — Australia v1.3

## Purpose
The standard exists to reduce inconsistent implementation, avoid repeated support effort, and provide an auditable source of truth.

## Scope
It applies to employees, contractors, and managed service teams where the stated scope is relevant. This version applies to Australia.

## Requirements
- Service contracts must use explicit schemas. - Health and readiness endpoints are required. - Timeouts, structured logging, and request IDs are mandatory in production. - Service contracts must use explicit schemas.

## Controls
Sensitive information must follow the organisation's classification and least-privilege requirements.

## Procedure
1. Confirm that the request concerns FastAPI service standard.
2. Verify the relevant owner, country, environment, and current version.
3. Follow the approved workflow and capture evidence.
4. Escalate unresolved or exceptional cases to Developer Experience.

## Validation
If the procedure does not resolve the issue, escalate to the listed owner team with timestamps, identifiers, and evidence.

## Version
Version 1.3. Status: ARCHIVED. This document is archived and retained only for historical reference.",Software Engineering,Shared Services,Python Backend,FastAPI service standard,known_issue,Developer Experience,Developer Experience,AU,Australia,en,"[""eng"", ""fastapi-service-standard"", ""python-backend"", ""software-engineering""]","[""FastAPI service standard"", ""Python Backend"", ""eng"", ""fastapi-service-standard"", ""python-backend"", ""software-engineering""]",INTERNAL,"[""employee"", ""engineer"", ""tech_lead"", ""architect""]",[],sharepoint,synthetic://software-engineering/ENG-000407,1.3,2026-08-23,2026-09-23,2026-09-23,,ARCHIVED,True,Synthetic dataset generated for research/demo use,VALIDATED,,bd5b5d8a2335
ENG-000408,ENG-PYTHON-B-00331,ENG-000407,Fastapi Service Standard — Australia v2.0,"# Fastapi Service Standard — Australia v2.0

## Purpose
Teams must apply this guidance when working with FastAPI service standard in production or employee-facing environments.

## Scope
Archived versions remain available for audit purposes but must not be used for new decisions. This version applies to Australia.

## Requirements
- Service contracts must use explicit schemas. - Health and readiness endpoints are required. - Timeouts, structured logging, and request IDs are mandatory in production. - Service contracts must use explicit schemas.

## Controls
Requests requiring elevated access must be approved by the designated owner and recorded in the enterprise service system.

## Procedure
1. Confirm that the request concerns FastAPI service standard.
2. Verify the relevant owner, country, environment, and current version.
3. Follow the approved workflow and capture evidence.
4. Escalate unresolved or exceptional cases to Developer Experience.

## Validation
Do not bypass required controls simply to shorten resolution time.

## Version
Version 2.0. Status: ARCHIVED. This document is archived and retained only for historical reference.",Software Engineering,Shared Services,Python Backend,FastAPI service standard,known_issue,Developer Experience,Developer Experience,AU,Australia,en,"[""eng"", ""fastapi-service-standard"", ""python-backend"", ""software-engineering""]","[""FastAPI service standard"", ""Python Backend"", ""eng"", ""fastapi-service-standard"", ""python-backend"", ""software-engineering""]",INTERNAL,"[""employee"", ""engineer"", ""tech_lead"", ""architect""]",[],hr_portal,synthetic://software-engineering/ENG-000408,2.0,2025-10-02,2026-09-23,2025-11-19,,ARCHIVED,True,Synthetic dataset generated for research/demo use,VALIDATED,,7f240d141d55
ENG-000409,ENG-PYTHON-B-00331,ENG-000408,Fastapi Service Standard — Australia v3.0,"# Fastapi Service Standard — Australia v3.0

## Purpose
This document defines the approved operating model for FastAPI service standard within Northstar Digital Services.

## Scope
It applies to employees, contractors, and managed service teams where the stated scope is relevant. This version applies to Australia.

## Requirements
- Service contracts must use explicit schemas. - Health and readiness endpoints are required. - Timeouts, structured logging, and request IDs are mandatory in production. - Service contracts must use explicit schemas.

## Controls
Changes affecting production require peer review, traceable evidence, and rollback instructions.

## Procedure
1. Confirm that the request concerns FastAPI service standard.
2. Verify the relevant owner, country, environment, and current version.
3. Follow the approved workflow and capture evidence.
4. Escalate unresolved or exceptional cases to Developer Experience.

## Validation
Do not bypass required controls simply to shorten resolution time.

## Version
Version 3.0. Status: ACTIVE.",Software Engineering,Cloud & Security,Python Backend,FastAPI service standard,known_issue,Developer Experience,Developer Experience,AU,Australia,en,"[""eng"", ""fastapi-service-standard"", ""python-backend"", ""software-engineering""]","[""FastAPI service standard"", ""Python Backend"", ""eng"", ""fastapi-service-standard"", ""python-backend"", ""software-engineering""]",INTERNAL,"[""employee"", ""engineer"", ""tech_lead"", ""architect""]",[],google_drive,synthetic://software-engineering/ENG-000409,3.0,2024-08-05,2026-04-09,2024-09-14,,ACTIVE,True,Synthetic dataset generated for research/demo use,VALIDATED,,1091f622b883
ENG-000410,ENG-DATABASE-00332,,Migration Safety — Global,"# Migration Safety — Global

## Purpose
Teams must apply this guidance when working with migration safety in production or employee-facing environments.

## Scope
It applies to employees, contractors, and managed service teams where the stated scope is relevant. This version is the global baseline; country-specific documents may impose additional requirements.

## Requirements
- Migration Safety must follow the current approved policy and ownership model. - Operational evidence for migration safety should be retained according to the applicable retention schedule. - Exceptions involving migration safety require documented approval from the responsible owner. - Teams should use standard tooling and published procedures when working with migration safety.

## Controls
Sensitive information must follow the organisation's classification and least-privilege requirements.

## Procedure
1. Confirm that the request concerns migration safety.
2. Verify the relevant owner, country, environment, and current version.
3. Follow the approved workflow and capture evidence.
4. Escalate unresolved or exceptional cases to Frontend Platform.

## Validation
Do not bypass required controls simply to shorten resolution time.

## Version
Version 1.3. Status: ACTIVE.",Software Engineering,Enterprise Platforms,Databases,migration safety,technical_standard,Frontend Platform,Frontend Platform,GLOBAL,Global,en,"[""databases"", ""eng"", ""migration-safety"", ""software-engineering""]","[""Databases"", ""databases"", ""eng"", ""migration safety"", ""migration-safety"", ""software-engineering""]",INTERNAL,"[""employee"", ""engineer"", ""tech_lead"", ""architect""]",[],sharepoint,synthetic://software-engineering/ENG-000410,1.3,2026-04-26,2026-09-23,2026-04-26,,ACTIVE,True,Synthetic dataset generated for research/demo use,VALIDATED,,5569e7b5aced
ENG-000411,ENG-PYTHON-B-00333,,Fastapi Service Standard — Ireland,"# Fastapi Service Standard — Ireland

## Purpose
The standard exists to reduce inconsistent implementation, avoid repeated support effort, and provide an auditable source of truth.

## Scope
Archived versions remain available for audit purposes but must not be used for new decisions. This version applies to Ireland.

## Requirements
- Service contracts must use explicit schemas. - Health and readiness endpoints are required. - Timeouts, structured logging, and request IDs are mandatory in production. - Service contracts must use explicit schemas.

## Controls
Changes affecting production require peer review, traceable evidence, and rollback instructions.

## Procedure
1. Confirm that the request concerns FastAPI service standard.
2. Verify the relevant owner, country, environment, and current version.
3. Follow the approved workflow and capture evidence.
4. Escalate unresolved or exceptional cases to Architecture Guild.

## Validation
Verify the current document version before acting.

## Version
Version 1.3. Status: ACTIVE.",Software Engineering,Shared Services,Python Backend,FastAPI service standard,migration_guide,Architecture Guild,Architecture Guild,IE,Ireland,en,"[""eng"", ""fastapi-service-standard"", ""python-backend"", ""software-engineering""]","[""FastAPI service standard"", ""Python Backend"", ""eng"", ""fastapi-service-standard"", ""python-backend"", ""software-engineering""]",EMPLOYEE,"[""employee"", ""engineer"", ""tech_lead"", ""architect""]",[],sharepoint,synthetic://software-engineering/ENG-000411,1.3,2025-10-09,2025-10-09,2025-12-07,,ACTIVE,True,Synthetic dataset generated for research/demo use,VALIDATED,,e9737fa3eb4b
ENG-000412,ENG-ARCHITEC-00334,,Adr Process — India,"# Adr Process — India

## Purpose
Teams must apply this guidance when working with ADR process in production or employee-facing environments.

## Scope
Country-specific and role-specific exceptions override the global baseline only when explicitly documented. This version applies to India.

## Requirements
- Adr Process must follow the current approved policy and ownership model. - Operational evidence for ADR process should be retained according to the applicable retention schedule. - Exceptions involving ADR process require documented approval from the responsible owner. - Teams should use standard tooling and published procedures when working with ADR process.

## Controls
Changes affecting production require peer review, traceable evidence, and rollback instructions.

## Procedure
1. Confirm that the request concerns ADR process.
2. Verify the relevant owner, country, environment, and current version.
3. Follow the approved workflow and capture evidence.
4. Escalate unresolved or exceptional cases to Architecture Guild.

## Validation
Do not bypass required controls simply to shorten resolution time.

## Version
Version 1.4. Status: ARCHIVED. This document is archived and retained only for historical reference.",Software Engineering,Digital Delivery,Architecture,ADR process,technical_standard,Architecture Guild,Architecture Guild,IN,India,en,"[""adr-process"", ""architecture"", ""eng"", ""software-engineering""]","[""ADR process"", ""Architecture"", ""adr-process"", ""architecture"", ""eng"", ""software-engineering""]",INTERNAL,"[""employee"", ""engineer"", ""tech_lead"", ""architect""]",[],confluence,synthetic://software-engineering/ENG-000412,1.4,2025-01-21,2026-05-09,2025-01-23,,ARCHIVED,True,Synthetic dataset generated for research/demo use,VALIDATED,,e996d644e38e
ENG-000413,ENG-TESTING-00335,,Test Data — Australia v1.2,"# Test Data — Australia v1.2

## Purpose
The standard exists to reduce inconsistent implementation, avoid repeated support effort, and provide an auditable source of truth.

## Scope
Country-specific and role-specific exceptions override the global baseline only when explicitly documented. This version applies to Australia.

## Requirements
- Test Data must follow the current approved policy and ownership model. - Operational evidence for test data should be retained according to the applicable retention schedule. - Exceptions involving test data require documented approval from the responsible owner. - Teams should use standard tooling and published procedures when working with test data.

## Controls
Requests requiring elevated access must be approved by the designated owner and recorded in the enterprise service system.

## Procedure
1. Confirm that the request concerns test data.
2. Verify the relevant owner, country, environment, and current version.
3. Follow the approved workflow and capture evidence.
4. Escalate unresolved or exceptional cases to Developer Experience.

## Validation
Verify the current document version before acting.

## Version
Version 1.2. Status: ARCHIVED. This document is archived and retained only for historical reference.",Software Engineering,Corporate Functions,Testing,test data,architecture_decision_record,Developer Experience,Developer Experience,AU,Australia,en,"[""eng"", ""software-engineering"", ""test-data"", ""testing""]","[""Testing"", ""eng"", ""software-engineering"", ""test data"", ""test-data"", ""testing""]",INTERNAL,"[""employee"", ""engineer"", ""tech_lead"", ""architect""]",[],sharepoint,synthetic://software-engineering/ENG-000413,1.2,2026-01-04,2026-09-23,2026-02-25,,ARCHIVED,True,Synthetic dataset generated for research/demo use,VALIDATED,,fd986fabdfbf
ENG-000414,ENG-TESTING-00335,ENG-000413,Test Data — Australia v2.3,"# Test Data — Australia v2.3

## Purpose
Teams must apply this guidance when working with test data in production or employee-facing environments.

## Scope
It applies to employees, contractors, and managed service teams where the stated scope is relevant. This version applies to Australia.

## Requirements
- Test Data must follow the current approved policy and ownership model. - Operational evidence for test data should be retained according to the applicable retention schedule. - Exceptions involving test data require documented approval from the responsible owner. - Teams should use standard tooling and published procedures when working with test data.

## Controls
Requests requiring elevated access must be approved by the designated owner and recorded in the enterprise service system.

## Procedure
1. Confirm that the request concerns test data.
2. Verify the relevant owner, country, environment, and current version.
3. Follow the approved workflow and capture evidence.
4. Escalate unresolved or exceptional cases to Developer Experience.

## Validation
Do not bypass required controls simply to shorten resolution time.

## Version
Version 2.3. Status: ACTIVE.",Software Engineering,Corporate Functions,Testing,test data,architecture_decision_record,Developer Experience,Developer Experience,AU,Australia,en,"[""eng"", ""software-engineering"", ""test-data"", ""testing""]","[""Testing"", ""eng"", ""software-engineering"", ""test data"", ""test-data"", ""testing""]",INTERNAL,"[""employee"", ""engineer"", ""tech_lead"", ""architect""]",[],confluence,synthetic://software-engineering/ENG-000414,2.3,2025-05-01,2025-12-17,2025-06-29,,ACTIVE,True,Synthetic dataset generated for research/demo use,VALIDATED,,28d19f098cb4
ENG-000415,ENG-ARCHITEC-00336,,Service Boundaries — Global,"# Service Boundaries — Global

## Purpose
Teams must apply this guidance when working with service boundaries in production or employee-facing environments.

## Scope
It applies to employees, contractors, and managed service teams where the stated scope is relevant. This version is the global baseline; country-specific documents may impose additional requirements.

## Requirements
- Service Boundaries must follow the current approved policy and ownership model. - Operational evidence for service boundaries should be retained according to the applicable retention schedule. - Exceptions involving service boundaries require documented approval from the responsible owner. - Teams should use standard tooling and published procedures when working with service boundaries.

## Controls
Requests requiring elevated access must be approved by the designated owner and recorded in the enterprise service system.

## Procedure
1. Confirm that the request concerns service boundaries.
2. Verify the relevant owner, country, environment, and current version.
3. Follow the approved workflow and capture evidence.
4. Escalate unresolved or exceptional cases to Backend Platform.

## Validation
If the procedure does not resolve the issue, escalate to the listed owner team with timestamps, identifiers, and evidence.

## Version
Version 1.2. Status: ACTIVE.",Software Engineering,Digital Delivery,Architecture,service boundaries,architecture_decision_record,Backend Platform,Backend Platform,GLOBAL,Global,en,"[""architecture"", ""eng"", ""service-boundaries"", ""software-engineering""]","[""Architecture"", ""architecture"", ""eng"", ""service boundaries"", ""service-boundaries"", ""software-engineering""]",INTERNAL,"[""employee"", ""engineer"", ""tech_lead"", ""architect""]",[],servicenow,synthetic://software-engineering/ENG-000415,1.2,2024-09-04,2025-06-29,2024-10-07,,ACTIVE,True,Synthetic dataset generated for research/demo use,VALIDATED,,49b8ca2db080
ENG-000416,ENG-ARCHITEC-00337,,Backpressure — Australia,"# Backpressure — Australia

## Purpose
Teams must apply this guidance when working with backpressure in production or employee-facing environments.

## Scope
Country-specific and role-specific exceptions override the global baseline only when explicitly documented. This version applies to Australia.

## Requirements
- Backpressure must follow the current approved policy and ownership model. - Operational evidence for backpressure should be retained according to the applicable retention schedule. - Exceptions involving backpressure require documented approval from the responsible owner. - Teams should use standard tooling and published procedures when working with backpressure.

## Controls
Sensitive information must follow the organisation's classification and least-privilege requirements.

## Procedure
1. Confirm that the request concerns backpressure.
2. Verify the relevant owner, country, environment, and current version.
3. Follow the approved workflow and capture evidence.
4. Escalate unresolved or exceptional cases to Architecture Guild.

## Validation
Verify the current document version before acting.

## Version
Version 1.3. Status: ACTIVE.",Software Engineering,Digital Delivery,Architecture,backpressure,technical_standard,Architecture Guild,Architecture Guild,AU,Australia,en,"[""architecture"", ""backpressure"", ""eng"", ""software-engineering""]","[""Architecture"", ""architecture"", ""backpressure"", ""eng"", ""software-engineering""]",CONFIDENTIAL,"[""tech_lead"", ""architect""]","[""Software Engineering""]",github,synthetic://software-engineering/ENG-000416,1.3,2025-12-29,2026-09-23,2026-01-15,,ACTIVE,True,Synthetic dataset generated for research/demo use,VALIDATED,,bc2aa77041aa
ENG-000417,ENG-DATABASE-00338,,Connection Pooling — Global,"# Connection Pooling — Global

## Purpose
Teams must apply this guidance when working with connection pooling in production or employee-facing environments.

## Scope
Archived versions remain available for audit purposes but must not be used for new decisions. This version is the global baseline; country-specific documents may impose additional requirements.

## Requirements
- Connection Pooling must follow the current approved policy and ownership model. - Operational evidence for connection pooling should be retained according to the applicable retention schedule. - Exceptions involving connection pooling require documented approval from the responsible owner. - Teams should use standard tooling and published procedures when working with connection pooling.

## Controls
Sensitive information must follow the organisation's classification and least-privilege requirements.

## Procedure
1. Confirm that the request concerns connection pooling.
2. Verify the relevant owner, country, environment, and current version.
3. Follow the approved workflow and capture evidence.
4. Escalate unresolved or exceptional cases to Frontend Platform.

## Validation
Verify the current document version before acting.

## Version
Version 1.2. Status: ACTIVE.",Software Engineering,Enterprise Platforms,Databases,connection pooling,coding_standard,Frontend Platform,Frontend Platform,GLOBAL,Global,en,"[""connection-pooling"", ""databases"", ""eng"", ""software-engineering""]","[""Databases"", ""connection pooling"", ""connection-pooling"", ""databases"", ""eng"", ""software-engineering""]",EMPLOYEE,"[""employee"", ""engineer"", ""tech_lead"", ""architect""]",[],hr_portal,synthetic://software-engineering/ENG-000417,1.2,2023-04-19,2024-09-08,2023-04-23,,ACTIVE,True,Synthetic dataset generated for research/demo use,VALIDATED,,7331dfda6931
ENG-000418,ENG-ARCHITEC-00339,,Backpressure — Ireland,"# Backpressure — Ireland

## Purpose
The standard exists to reduce inconsistent implementation, avoid repeated support effort, and provide an auditable source of truth.

## Scope
Archived versions remain available for audit purposes but must not be used for new decisions. This version applies to Ireland.

## Requirements
- Backpressure must follow the current approved policy and ownership model. - Operational evidence for backpressure should be retained according to the applicable retention schedule. - Exceptions involving backpressure require documented approval from the responsible owner. - Teams should use standard tooling and published procedures when working with backpressure.

## Controls
Changes affecting production require peer review, traceable evidence, and rollback instructions.

## Procedure
1. Confirm that the request concerns backpressure.
2. Verify the relevant owner, country, environment, and current version.
3. Follow the approved workflow and capture evidence.
4. Escalate unresolved or exceptional cases to Developer Experience.

## Validation
Verify the current document version before acting.

## Version
Version 1.2. Status: ARCHIVED. This document is archived and retained only for historical reference.",Software Engineering,Enterprise Platforms,Architecture,backpressure,technical_standard,Developer Experience,Developer Experience,IE,Ireland,en,"[""architecture"", ""backpressure"", ""eng"", ""software-engineering""]","[""Architecture"", ""architecture"", ""backpressure"", ""eng"", ""software-engineering""]",EMPLOYEE,"[""employee"", ""engineer"", ""tech_lead"", ""architect""]",[],sharepoint,synthetic://software-engineering/ENG-000418,1.2,2024-11-09,2025-10-23,2024-12-28,2026-09-29,ARCHIVED,True,Synthetic dataset generated for research/demo use,VALIDATED,,3a7459e8e69a
ENG-000419,ENG-MESSAGIN-00340,,Consumer Retries — India,"# Consumer Retries — India

## Purpose
The standard exists to reduce inconsistent implementation, avoid repeated support effort, and provide an auditable source of truth.

## Scope
Country-specific and role-specific exceptions override the global baseline only when explicitly documented. This version applies to India.

## Requirements
- Consumer Retries must follow the current approved policy and ownership model. - Operational evidence for consumer retries should be retained according to the applicable retention schedule. - Exceptions involving consumer retries require documented approval from the responsible owner. - Teams should use standard tooling and published procedures when working with consumer retries.

## Controls
Changes affecting production require peer review, traceable evidence, and rollback instructions.

## Procedure
1. Confirm that the request concerns consumer retries.
2. Verify the relevant owner, country, environment, and current version.
3. Follow the approved workflow and capture evidence.
4. Escalate unresolved or exceptional cases to Developer Experience.

## Validation
Verify the current document version before acting.

## Version
Version 1.1. Status: ACTIVE.",Software Engineering,Enterprise Platforms,Messaging,consumer retries,api_guide,Developer Experience,Developer Experience,IN,India,en,"[""consumer-retries"", ""eng"", ""messaging"", ""software-engineering""]","[""Messaging"", ""consumer retries"", ""consumer-retries"", ""eng"", ""messaging"", ""software-engineering""]",CONFIDENTIAL,"[""tech_lead"", ""architect""]","[""Software Engineering""]",github,synthetic://software-engineering/ENG-000419,1.1,2023-01-31,2023-04-15,2023-03-23,,ACTIVE,True,Synthetic dataset generated for research/demo use,VALIDATED,,74edc4a960f1
ENG-000420,ENG-FRONTEND-00341,,Performance Budgets — United States,"# Performance Budgets — United States

## Purpose
Teams must apply this guidance when working with performance budgets in production or employee-facing environments.

## Scope
Archived versions remain available for audit purposes but must not be used for new decisions. This version applies to United States.

## Requirements
- Performance Budgets must follow the current approved policy and ownership model. - Operational evidence for performance budgets should be retained according to the applicable retention schedule. - Exceptions involving performance budgets require documented approval from the responsible owner. - Teams should use standard tooling and published procedures when working with performance budgets.

## Controls
Changes affecting production require peer review, traceable evidence, and rollback instructions.

## Procedure
1. Confirm that the request concerns performance budgets.
2. Verify the relevant owner, country, environment, and current version.
3. Follow the approved workflow and capture evidence.
4. Escalate unresolved or exceptional cases to Architecture Guild.

## Validation
If the procedure does not resolve the issue, escalate to the listed owner team with timestamps, identifiers, and evidence.

## Version
Version 1.0. Status: ACTIVE.",Software Engineering,Shared Services,Frontend,performance budgets,migration_guide,Architecture Guild,Architecture Guild,US,United States,en,"[""eng"", ""frontend"", ""performance-budgets"", ""software-engineering""]","[""Frontend"", ""eng"", ""frontend"", ""performance budgets"", ""performance-budgets"", ""software-engineering""]",INTERNAL,"[""employee"", ""engineer"", ""tech_lead"", ""architect""]",[],hr_portal,synthetic://software-engineering/ENG-000420,1.0,2025-09-14,2025-12-26,2025-10-11,,ACTIVE,True,Synthetic dataset generated for research/demo use,VALIDATED,,b5f5c4b7308f
ENG-000421,ENG-MESSAGIN-00342,,Kafka Event Design — Global,"# Kafka Event Design — Global

## Purpose
The standard exists to reduce inconsistent implementation, avoid repeated support effort, and provide an auditable source of truth.

## Scope
Archived versions remain available for audit purposes but must not be used for new decisions. This version is the global baseline; country-specific documents may impose additional requirements.

## Requirements
- Kafka Event Design must follow the current approved policy and ownership model. - Operational evidence for Kafka event design should be retained according to the applicable retention schedule. - Exceptions involving Kafka event design require documented approval from the responsible owner. - Teams should use standard tooling and published procedures when working with Kafka event design.

## Controls
Sensitive information must follow the organisation's classification and least-privilege requirements.

## Procedure
1. Confirm that the request concerns Kafka event design.
2. Verify the relevant owner, country, environment, and current version.
3. Follow the approved workflow and capture evidence.
4. Escalate unresolved or exceptional cases to Backend Platform.

## Validation
If the procedure does not resolve the issue, escalate to the listed owner team with timestamps, identifiers, and evidence.

## Version
Version 1.3. Status: ACTIVE.",Software Engineering,Corporate Functions,Messaging,Kafka event design,technical_standard,Backend Platform,Backend Platform,GLOBAL,Global,en,"[""eng"", ""kafka-event-design"", ""messaging"", ""software-engineering""]","[""Kafka event design"", ""Messaging"", ""eng"", ""kafka-event-design"", ""messaging"", ""software-engineering""]",INTERNAL,"[""employee"", ""engineer"", ""tech_lead"", ""architect""]",[],github,synthetic://software-engineering/ENG-000421,1.3,2024-10-03,2026-02-26,2024-10-25,,ACTIVE,True,Synthetic dataset generated for research/demo use,VALIDATED,,285d53e0d50f
ENG-000422,ENG-PYTHON-B-00343,,Pytest Strategy — Australia,"# Pytest Strategy — Australia

## Purpose
This document defines the approved operating model for pytest strategy within Northstar Digital Services.

## Scope
Archived versions remain available for audit purposes but must not be used for new decisions. This version applies to Australia.

## Requirements
- Pytest Strategy must follow the current approved policy and ownership model. - Operational evidence for pytest strategy should be retained according to the applicable retention schedule. - Exceptions involving pytest strategy require documented approval from the responsible owner. - Teams should use standard tooling and published procedures when working with pytest strategy.

## Controls
Sensitive information must follow the organisation's classification and least-privilege requirements.

## Procedure
1. Confirm that the request concerns pytest strategy.
2. Verify the relevant owner, country, environment, and current version.
3. Follow the approved workflow and capture evidence.
4. Escalate unresolved or exceptional cases to Architecture Guild.

## Validation
Verify the current document version before acting.

## Version
Version 1.2. Status: ACTIVE.",Software Engineering,Enterprise Platforms,Python Backend,pytest strategy,api_guide,Architecture Guild,Architecture Guild,AU,Australia,en,"[""eng"", ""pytest-strategy"", ""python-backend"", ""software-engineering""]","[""Python Backend"", ""eng"", ""pytest strategy"", ""pytest-strategy"", ""python-backend"", ""software-engineering""]",INTERNAL,"[""employee"", ""engineer"", ""tech_lead"", ""architect""]",[],hr_portal,synthetic://software-engineering/ENG-000422,1.2,2026-06-17,2026-07-24,2026-07-07,,ACTIVE,True,Synthetic dataset generated for research/demo use,VALIDATED,,1e2f87006404
ENG-000423,ENG-PYTHON-B-00344,,Pytest Strategy — Global,"# Pytest Strategy — Global

## Purpose
This document defines the approved operating model for pytest strategy within Northstar Digital Services.

## Scope
Archived versions remain available for audit purposes but must not be used for new decisions. This version is the global baseline; country-specific documents may impose additional requirements.

## Requirements
- Pytest Strategy must follow the current approved policy and ownership model. - Operational evidence for pytest strategy should be retained according to the applicable retention schedule. - Exceptions involving pytest strategy require documented approval from the responsible owner. - Teams should use standard tooling and published procedures when working with pytest strategy.

## Controls
Changes affecting production require peer review, traceable evidence, and rollback instructions.

## Procedure
1. Confirm that the request concerns pytest strategy.
2. Verify the relevant owner, country, environment, and current version.
3. Follow the approved workflow and capture evidence.
4. Escalate unresolved or exceptional cases to Developer Experience.

## Validation
Do not bypass required controls simply to shorten resolution time.

## Version
Version 1.3. Status: ACTIVE.",Software Engineering,Digital Delivery,Python Backend,pytest strategy,technical_standard,Developer Experience,Developer Experience,GLOBAL,Global,en,"[""eng"", ""pytest-strategy"", ""python-backend"", ""software-engineering""]","[""Python Backend"", ""eng"", ""pytest strategy"", ""pytest-strategy"", ""python-backend"", ""software-engineering""]",EMPLOYEE,"[""employee"", ""engineer"", ""tech_lead"", ""architect""]",[],sharepoint,synthetic://software-engineering/ENG-000423,1.3,2025-07-16,2025-12-22,2025-07-26,,ACTIVE,True,Synthetic dataset generated for research/demo use,VALIDATED,,a474697f2461
ENG-000424,ENG-JAVA-SER-00345,,Service Templates — United Kingdom v1.0,"# Service Templates — United Kingdom v1.0

## Purpose
Teams must apply this guidance when working with service templates in production or employee-facing environments.

## Scope
It applies to employees, contractors, and managed service teams where the stated scope is relevant. This version applies to United Kingdom.

## Requirements
- Service Templates must follow the current approved policy and ownership model. - Operational evidence for service templates should be retained according to the applicable retention schedule. - Exceptions involving service templates require documented approval from the responsible owner. - Teams should use standard tooling and published procedures when working with service templates.

## Controls
Requests requiring elevated access must be approved by the designated owner and recorded in the enterprise service system.

## Procedure
1. Confirm that the request concerns service templates.
2. Verify the relevant owner, country, environment, and current version.
3. Follow the approved workflow and capture evidence.
4. Escalate unresolved or exceptional cases to Backend Platform.

## Validation
Do not bypass required controls simply to shorten resolution time.

## Version
Version 1.0. Status: ARCHIVED. This document is archived and retained only for historical reference.",Software Engineering,Shared Services,Java Services,service templates,migration_guide,Backend Platform,Backend Platform,UK,United Kingdom,en,"[""eng"", ""java-services"", ""service-templates"", ""software-engineering""]","[""Java Services"", ""eng"", ""java-services"", ""service templates"", ""service-templates"", ""software-engineering""]",EMPLOYEE,"[""employee"", ""engineer"", ""tech_lead"", ""architect""]",[],confluence,synthetic://software-engineering/ENG-000424,1.0,2026-01-25,2026-09-23,2026-02-12,,ARCHIVED,True,Synthetic dataset generated for research/demo use,VALIDATED,,77a23ea90281
ENG-000425,ENG-JAVA-SER-00345,ENG-000424,Service Templates — United Kingdom v2.3,"# Service Templates — United Kingdom v2.3

## Purpose
Teams must apply this guidance when working with service templates in production or employee-facing environments.

## Scope
Country-specific and role-specific exceptions override the global baseline only when explicitly documented. This version applies to United Kingdom.

## Requirements
- Service Templates must follow the current approved policy and ownership model. - Operational evidence for service templates should be retained according to the applicable retention schedule. - Exceptions involving service templates require documented approval from the responsible owner. - Teams should use standard tooling and published procedures when working with service templates.

## Controls
Sensitive information must follow the organisation's classification and least-privilege requirements.

## Procedure
1. Confirm that the request concerns service templates.
2. Verify the relevant owner, country, environment, and current version.
3. Follow the approved workflow and capture evidence.
4. Escalate unresolved or exceptional cases to Backend Platform.

## Validation
If the procedure does not resolve the issue, escalate to the listed owner team with timestamps, identifiers, and evidence.

## Version
Version 2.3. Status: ARCHIVED. This document is archived and retained only for historical reference.",Software Engineering,Corporate Functions,Java Services,service templates,migration_guide,Backend Platform,Backend Platform,UK,United Kingdom,en,"[""eng"", ""java-services"", ""service-templates"", ""software-engineering""]","[""Java Services"", ""eng"", ""java-services"", ""service templates"", ""service-templates"", ""software-engineering""]",INTERNAL,"[""employee"", ""engineer"", ""tech_lead"", ""architect""]",[],servicenow,synthetic://software-engineering/ENG-000425,2.3,2023-09-17,2025-02-19,2023-10-30,2024-07-07,ARCHIVED,True,Synthetic dataset generated for research/demo use,VALIDATED,,ea4dd94b1932
ENG-000426,ENG-JAVA-SER-00345,ENG-000425,Service Templates — United Kingdom v3.1,"# Service Templates — United Kingdom v3.1

## Purpose
This document defines the approved operating model for service templates within Northstar Digital Services.

## Scope
It applies to employees, contractors, and managed service teams where the stated scope is relevant. This version applies to United Kingdom.

## Requirements
- Service Templates must follow the current approved policy and ownership model. - Operational evidence for service templates should be retained according to the applicable retention schedule. - Exceptions involving service templates require documented approval from the responsible owner. - Teams should use standard tooling and published procedures when working with service templates.

## Controls
Sensitive information must follow the organisation's classification and least-privilege requirements.

## Procedure
1. Confirm that the request concerns service templates.
2. Verify the relevant owner, country, environment, and current version.
3. Follow the approved workflow and capture evidence.
4. Escalate unresolved or exceptional cases to Backend Platform.

## Validation
If the procedure does not resolve the issue, escalate to the listed owner team with timestamps, identifiers, and evidence.

## Version
Version 3.1. Status: ACTIVE.",Software Engineering,Cloud & Security,Java Services,service templates,migration_guide,Backend Platform,Backend Platform,UK,United Kingdom,en,"[""eng"", ""java-services"", ""service-templates"", ""software-engineering""]","[""Java Services"", ""eng"", ""java-services"", ""service templates"", ""service-templates"", ""software-engineering""]",EMPLOYEE,"[""employee"", ""engineer"", ""tech_lead"", ""architect""]",[],hr_portal,synthetic://software-engineering/ENG-000426,3.1,2025-04-03,2026-05-29,2025-04-23,,ACTIVE,True,Synthetic dataset generated for research/demo use,VALIDATED,,2c389253ebbf
ENG-000427,ENG-PYTHON-B-00346,,Pydantic Contracts — Global,"# Pydantic Contracts — Global

## Purpose
The standard exists to reduce inconsistent implementation, avoid repeated support effort, and provide an auditable source of truth.

## Scope
It applies to employees, contractors, and managed service teams where the stated scope is relevant. This version is the global baseline; country-specific documents may impose additional requirements.

## Requirements
- Pydantic Contracts must follow the current approved policy and ownership model. - Operational evidence for Pydantic contracts should be retained according to the applicable retention schedule. - Exceptions involving Pydantic contracts require documented approval from the responsible owner. - Teams should use standard tooling and published procedures when working with Pydantic contracts.

## Controls
Changes affecting production require peer review, traceable evidence, and rollback instructions.

## Procedure
1. Confirm that the request concerns Pydantic contracts.
2. Verify the relevant owner, country, environment, and current version.
3. Follow the approved workflow and capture evidence.
4. Escalate unresolved or exceptional cases to Frontend Platform.

## Validation
If the procedure does not resolve the issue, escalate to the listed owner team with timestamps, identifiers, and evidence.

## Version
Version 1.0. Status: ACTIVE.",Software Engineering,Shared Services,Python Backend,Pydantic contracts,design_note,Frontend Platform,Frontend Platform,GLOBAL,Global,en,"[""eng"", ""pydantic-contracts"", ""python-backend"", ""software-engineering""]","[""Pydantic contracts"", ""Python Backend"", ""eng"", ""pydantic-contracts"", ""python-backend"", ""software-engineering""]",EMPLOYEE,"[""employee"", ""engineer"", ""tech_lead"", ""architect""]",[],hr_portal,synthetic://software-engineering/ENG-000427,1.0,2024-02-16,2025-02-09,2024-04-15,,ACTIVE,True,Synthetic dataset generated for research/demo use,VALIDATED,,9b7f976aaf5f
ENG-000428,ENG-JAVA-SER-00347,,Jvm Tuning — Global,"# Jvm Tuning — Global

## Purpose
Teams must apply this guidance when working with JVM tuning in production or employee-facing environments.

## Scope
It applies to employees, contractors, and managed service teams where the stated scope is relevant. This version is the global baseline; country-specific documents may impose additional requirements.

## Requirements
- Jvm Tuning must follow the current approved policy and ownership model. - Operational evidence for JVM tuning should be retained according to the applicable retention schedule. - Exceptions involving JVM tuning require documented approval from the responsible owner. - Teams should use standard tooling and published procedures when working with JVM tuning.

## Controls
Changes affecting production require peer review, traceable evidence, and rollback instructions.

## Procedure
1. Confirm that the request concerns JVM tuning.
2. Verify the relevant owner, country, environment, and current version.
3. Follow the approved workflow and capture evidence.
4. Escalate unresolved or exceptional cases to Architecture Guild.

## Validation
If the procedure does not resolve the issue, escalate to the listed owner team with timestamps, identifiers, and evidence.

## Version
Version 1.1. Status: ACTIVE.",Software Engineering,Digital Delivery,Java Services,JVM tuning,api_guide,Architecture Guild,Architecture Guild,GLOBAL,Global,en,"[""eng"", ""java-services"", ""jvm-tuning"", ""software-engineering""]","[""JVM tuning"", ""Java Services"", ""eng"", ""java-services"", ""jvm-tuning"", ""software-engineering""]",INTERNAL,"[""employee"", ""engineer"", ""tech_lead"", ""architect""]",[],github,synthetic://software-engineering/ENG-000428,1.1,2024-11-01,2025-01-16,2024-11-17,,ACTIVE,True,Synthetic dataset generated for research/demo use,VALIDATED,,c4d104af81e3
ENG-000429,ENG-PYTHON-B-00348,,Fastapi Service Standard — India,"# Fastapi Service Standard — India

## Purpose
Teams must apply this guidance when working with FastAPI service standard in production or employee-facing environments.

## Scope
Archived versions remain available for audit purposes but must not be used for new decisions. This version applies to India.

## Requirements
- Service contracts must use explicit schemas. - Health and readiness endpoints are required. - Timeouts, structured logging, and request IDs are mandatory in production. - Service contracts must use explicit schemas.

## Controls
Requests requiring elevated access must be approved by the designated owner and recorded in the enterprise service system.

## Procedure
1. Confirm that the request concerns FastAPI service standard.
2. Verify the relevant owner, country, environment, and current version.
3. Follow the approved workflow and capture evidence.
4. Escalate unresolved or exceptional cases to Frontend Platform.

## Validation
If the procedure does not resolve the issue, escalate to the listed owner team with timestamps, identifiers, and evidence.

## Version
Version 1.4. Status: ACTIVE.",Software Engineering,Shared Services,Python Backend,FastAPI service standard,api_guide,Frontend Platform,Frontend Platform,IN,India,en,"[""eng"", ""fastapi-service-standard"", ""python-backend"", ""software-engineering""]","[""FastAPI service standard"", ""Python Backend"", ""eng"", ""fastapi-service-standard"", ""python-backend"", ""software-engineering""]",EMPLOYEE,"[""employee"", ""engineer"", ""tech_lead"", ""architect""]",[],hr_portal,synthetic://software-engineering/ENG-000429,1.4,2024-08-02,2025-07-10,2024-09-19,,ACTIVE,True,Synthetic dataset generated for research/demo use,VALIDATED,,cfc310abba8b
ENG-000430,ENG-JAVA-SER-00349,,Java Runtime — United Kingdom,"# Java Runtime — United Kingdom

## Purpose
The standard exists to reduce inconsistent implementation, avoid repeated support effort, and provide an auditable source of truth.

## Scope
Archived versions remain available for audit purposes but must not be used for new decisions. This version applies to United Kingdom.

## Requirements
- Java Runtime must follow the current approved policy and ownership model. - Operational evidence for Java runtime should be retained according to the applicable retention schedule. - Exceptions involving Java runtime require documented approval from the responsible owner. - Teams should use standard tooling and published procedures when working with Java runtime.

## Controls
Requests requiring elevated access must be approved by the designated owner and recorded in the enterprise service system.

## Procedure
1. Confirm that the request concerns Java runtime.
2. Verify the relevant owner, country, environment, and current version.
3. Follow the approved workflow and capture evidence.
4. Escalate unresolved or exceptional cases to Architecture Guild.

## Validation
Verify the current document version before acting.

## Version
Version 1.2. Status: ACTIVE.",Software Engineering,Enterprise Platforms,Java Services,Java runtime,migration_guide,Architecture Guild,Architecture Guild,UK,United Kingdom,en,"[""eng"", ""java-runtime"", ""java-services"", ""software-engineering""]","[""Java Services"", ""Java runtime"", ""eng"", ""java-runtime"", ""java-services"", ""software-engineering""]",EMPLOYEE,"[""employee"", ""engineer"", ""tech_lead"", ""architect""]",[],hr_portal,synthetic://software-engineering/ENG-000430,1.2,2026-08-28,2026-09-23,2026-09-09,,ACTIVE,True,Synthetic dataset generated for research/demo use,VALIDATED,,3ef12d467bc5
ENG-000431,ENG-FRONTEND-00350,,Accessibility — Global,"# Accessibility — Global

## Purpose
The standard exists to reduce inconsistent implementation, avoid repeated support effort, and provide an auditable source of truth.

## Scope
Archived versions remain available for audit purposes but must not be used for new decisions. This version is the global baseline; country-specific documents may impose additional requirements.

## Requirements
- Accessibility must follow the current approved policy and ownership model. - Operational evidence for accessibility should be retained according to the applicable retention schedule. - Exceptions involving accessibility require documented approval from the responsible owner. - Teams should use standard tooling and published procedures when working with accessibility.

## Controls
Requests requiring elevated access must be approved by the designated owner and recorded in the enterprise service system.

## Procedure
1. Confirm that the request concerns accessibility.
2. Verify the relevant owner, country, environment, and current version.
3. Follow the approved workflow and capture evidence.
4. Escalate unresolved or exceptional cases to Backend Platform.

## Validation
Verify the current document version before acting.

## Version
Version 1.2. Status: ACTIVE.",Software Engineering,Enterprise Platforms,Frontend,accessibility,design_note,Backend Platform,Backend Platform,GLOBAL,Global,en,"[""accessibility"", ""eng"", ""frontend"", ""software-engineering""]","[""Frontend"", ""accessibility"", ""eng"", ""frontend"", ""software-engineering""]",INTERNAL,"[""employee"", ""engineer"", ""tech_lead"", ""architect""]",[],hr_portal,synthetic://software-engineering/ENG-000431,1.2,2025-02-01,2026-09-23,2025-02-14,,ACTIVE,True,Synthetic dataset generated for research/demo use,VALIDATED,,bddc0daf4401
ENG-000432,ENG-MESSAGIN-00351,,Dead-Letter Queues — Global,"# Dead-Letter Queues — Global

## Purpose
This document defines the approved operating model for dead-letter queues within Northstar Digital Services.

## Scope
It applies to employees, contractors, and managed service teams where the stated scope is relevant. This version is the global baseline; country-specific documents may impose additional requirements.

## Requirements
- Dead-Letter Queues must follow the current approved policy and ownership model. - Operational evidence for dead-letter queues should be retained according to the applicable retention schedule. - Exceptions involving dead-letter queues require documented approval from the responsible owner. - Teams should use standard tooling and published procedures when working with dead-letter queues.

## Controls
Changes affecting production require peer review, traceable evidence, and rollback instructions.

## Procedure
1. Confirm that the request concerns dead-letter queues.
2. Verify the relevant owner, country, environment, and current version.
3. Follow the approved workflow and capture evidence.
4. Escalate unresolved or exceptional cases to Backend Platform.

## Validation
Verify the current document version before acting.

## Version
Version 1.3. Status: ACTIVE.",Software Engineering,Corporate Functions,Messaging,dead-letter queues,api_guide,Backend Platform,Backend Platform,GLOBAL,Global,en,"[""dead-letter-queues"", ""eng"", ""messaging"", ""software-engineering""]","[""Messaging"", ""dead-letter queues"", ""dead-letter-queues"", ""eng"", ""messaging"", ""software-engineering""]",INTERNAL,"[""employee"", ""engineer"", ""tech_lead"", ""architect""]",[],sharepoint,synthetic://software-engineering/ENG-000432,1.3,2026-07-17,2026-09-23,2026-08-04,,ACTIVE,True,Synthetic dataset generated for research/demo use,VALIDATED,,207f97cdf02f
ENG-000433,ENG-JAVA-SER-00352,,Spring Boot Standard — Ireland,"# Spring Boot Standard — Ireland

## Purpose
The standard exists to reduce inconsistent implementation, avoid repeated support effort, and provide an auditable source of truth.

## Scope
It applies to employees, contractors, and managed service teams where the stated scope is relevant. This version applies to Ireland.

## Requirements
- Spring Boot Standard must follow the current approved policy and ownership model. - Operational evidence for Spring Boot standard should be retained according to the applicable retention schedule. - Exceptions involving Spring Boot standard require documented approval from the responsible owner. - Teams should use standard tooling and published procedures when working with Spring Boot standard.

## Controls
Changes affecting production require peer review, traceable evidence, and rollback instructions.

## Procedure
1. Confirm that the request concerns Spring Boot standard.
2. Verify the relevant owner, country, environment, and current version.
3. Follow the approved workflow and capture evidence.
4. Escalate unresolved or exceptional cases to Developer Experience.

## Validation
Do not bypass required controls simply to shorten resolution time.

## Version
Version 1.3. Status: ACTIVE.",Software Engineering,Cloud & Security,Java Services,Spring Boot standard,coding_standard,Developer Experience,Developer Experience,IE,Ireland,en,"[""eng"", ""java-services"", ""software-engineering"", ""spring-boot-standard""]","[""Java Services"", ""Spring Boot standard"", ""eng"", ""java-services"", ""software-engineering"", ""spring-boot-standard""]",EMPLOYEE,"[""employee"", ""engineer"", ""tech_lead"", ""architect""]",[],google_drive,synthetic://software-engineering/ENG-000433,1.3,2023-06-20,2024-04-14,2023-08-03,,ACTIVE,True,Synthetic dataset generated for research/demo use,VALIDATED,,28b98251e4c1
ENG-000434,ENG-TESTING-00353,,Coverage Policy — United States v1.1,"# Coverage Policy — United States v1.1

## Purpose
This document defines the approved operating model for coverage policy within Northstar Digital Services.

## Scope
Archived versions remain available for audit purposes but must not be used for new decisions. This version applies to United States.

## Requirements
- Coverage Policy must follow the current approved policy and ownership model. - Operational evidence for coverage policy should be retained according to the applicable retention schedule. - Exceptions involving coverage policy require documented approval from the responsible owner. - Teams should use standard tooling and published procedures when working with coverage policy.

## Controls
Changes affecting production require peer review, traceable evidence, and rollback instructions.

## Procedure
1. Confirm that the request concerns coverage policy.
2. Verify the relevant owner, country, environment, and current version.
3. Follow the approved workflow and capture evidence.
4. Escalate unresolved or exceptional cases to Frontend Platform.

## Validation
Verify the current document version before acting.

## Version
Version 1.1. Status: ARCHIVED. This document is archived and retained only for historical reference.",Software Engineering,Digital Delivery,Testing,coverage policy,api_guide,Frontend Platform,Frontend Platform,US,United States,en,"[""coverage-policy"", ""eng"", ""software-engineering"", ""testing""]","[""Testing"", ""coverage policy"", ""coverage-policy"", ""eng"", ""software-engineering"", ""testing""]",INTERNAL,"[""employee"", ""engineer"", ""tech_lead"", ""architect""]",[],github,synthetic://software-engineering/ENG-000434,1.1,2024-06-19,2025-11-18,2024-08-13,2025-10-14,ARCHIVED,True,Synthetic dataset generated for research/demo use,VALIDATED,,e0cceba1eb3d
ENG-000435,ENG-TESTING-00353,ENG-000434,Coverage Policy — United States v2.2,"# Coverage Policy — United States v2.2

## Purpose
This document defines the approved operating model for coverage policy within Northstar Digital Services.

## Scope
It applies to employees, contractors, and managed service teams where the stated scope is relevant. This version applies to United States.

## Requirements
- Coverage Policy must follow the current approved policy and ownership model. - Operational evidence for coverage policy should be retained according to the applicable retention schedule. - Exceptions involving coverage policy require documented approval from the responsible owner. - Teams should use standard tooling and published procedures when working with coverage policy.

## Controls
Changes affecting production require peer review, traceable evidence, and rollback instructions.

## Procedure
1. Confirm that the request concerns coverage policy.
2. Verify the relevant owner, country, environment, and current version.
3. Follow the approved workflow and capture evidence.
4. Escalate unresolved or exceptional cases to Frontend Platform.

## Validation
If the procedure does not resolve the issue, escalate to the listed owner team with timestamps, identifiers, and evidence.

## Version
Version 2.2. Status: ACTIVE.",Software Engineering,Shared Services,Testing,coverage policy,api_guide,Frontend Platform,Frontend Platform,US,United States,en,"[""coverage-policy"", ""eng"", ""software-engineering"", ""testing""]","[""Testing"", ""coverage policy"", ""coverage-policy"", ""eng"", ""software-engineering"", ""testing""]",INTERNAL,"[""employee"", ""engineer"", ""tech_lead"", ""architect""]",[],servicenow,synthetic://software-engineering/ENG-000435,2.2,2025-11-01,2026-09-23,2025-12-24,,ACTIVE,True,Synthetic dataset generated for research/demo use,VALIDATED,,6775af4776dd
ENG-000436,ENG-APIS-00354,,Rest Versioning — Global,"# Rest Versioning — Global

## Purpose
The standard exists to reduce inconsistent implementation, avoid repeated support effort, and provide an auditable source of truth.

## Scope
Country-specific and role-specific exceptions override the global baseline only when explicitly documented. This version is the global baseline; country-specific documents may impose additional requirements.

## Requirements
- Breaking changes require a new externally visible contract version. - Backward compatibility should be preserved where feasible. - Deprecated versions must publish a retirement schedule. - Breaking changes require a new externally visible contract version.

## Controls
Changes affecting production require peer review, traceable evidence, and rollback instructions.

## Procedure
1. Confirm that the request concerns REST versioning.
2. Verify the relevant owner, country, environment, and current version.
3. Follow the approved workflow and capture evidence.
4. Escalate unresolved or exceptional cases to Developer Experience.

## Validation
If the procedure does not resolve the issue, escalate to the listed owner team with timestamps, identifiers, and evidence.

## Version
Version 1.2. Status: ACTIVE.",Software Engineering,Cloud & Security,APIs,REST versioning,architecture_decision_record,Developer Experience,Developer Experience,GLOBAL,Global,en,"[""apis"", ""eng"", ""rest-versioning"", ""software-engineering""]","[""APIs"", ""REST versioning"", ""apis"", ""eng"", ""rest-versioning"", ""software-engineering""]",INTERNAL,"[""employee"", ""engineer"", ""tech_lead"", ""architect""]",[],github,synthetic://software-engineering/ENG-000436,1.2,2025-04-01,2026-06-07,2025-05-01,,ACTIVE,True,Synthetic dataset generated for research/demo use,VALIDATED,,b7e94803974e
ENG-000437,ENG-DATABASE-00355,,Postgresql Schema Changes — Ireland v1.3,"# Postgresql Schema Changes — Ireland v1.3

## Purpose
This document defines the approved operating model for PostgreSQL schema changes within Northstar Digital Services.

## Scope
Country-specific and role-specific exceptions override the global baseline only when explicitly documented. This version applies to Ireland.

## Requirements
- Postgresql Schema Changes must follow the current approved policy and ownership model. - Operational evidence for PostgreSQL schema changes should be retained according to the applicable retention schedule. - Exceptions involving PostgreSQL schema changes require documented approval from the responsible owner. - Teams should use standard tooling and published procedures when working with PostgreSQL schema changes.

## Controls
Changes affecting production require peer review, traceable evidence, and rollback instructions.

## Procedure
1. Confirm that the request concerns PostgreSQL schema changes.
2. Verify the relevant owner, country, environment, and current version.
3. Follow the approved workflow and capture evidence.
4. Escalate unresolved or exceptional cases to Data Platform.

## Validation
Do not bypass required controls simply to shorten resolution time.

## Version
Version 1.3. Status: ARCHIVED. This document is archived and retained only for historical reference.",Software Engineering,Shared Services,Databases,PostgreSQL schema changes,migration_guide,Data Platform,Data Platform,IE,Ireland,en,"[""databases"", ""eng"", ""postgresql-schema-changes"", ""software-engineering""]","[""Databases"", ""PostgreSQL schema changes"", ""databases"", ""eng"", ""postgresql-schema-changes"", ""software-engineering""]",INTERNAL,"[""employee"", ""engineer"", ""tech_lead"", ""architect""]",[],servicenow,synthetic://software-engineering/ENG-000437,1.3,2026-04-28,2026-09-23,2026-05-27,,ARCHIVED,True,Synthetic dataset generated for research/demo use,VALIDATED,,8a696beccafc
ENG-000438,ENG-DATABASE-00355,ENG-000437,Postgresql Schema Changes — Ireland v2.2,"# Postgresql Schema Changes — Ireland v2.2

## Purpose
This document defines the approved operating model for PostgreSQL schema changes within Northstar Digital Services.

## Scope
Country-specific and role-specific exceptions override the global baseline only when explicitly documented. This version applies to Ireland.

## Requirements
- Postgresql Schema Changes must follow the current approved policy and ownership model. - Operational evidence for PostgreSQL schema changes should be retained according to the applicable retention schedule. - Exceptions involving PostgreSQL schema changes require documented approval from the responsible owner. - Teams should use standard tooling and published procedures when working with PostgreSQL schema changes.

## Controls
Sensitive information must follow the organisation's classification and least-privilege requirements.

## Procedure
1. Confirm that the request concerns PostgreSQL schema changes.
2. Verify the relevant owner, country, environment, and current version.
3. Follow the approved workflow and capture evidence.
4. Escalate unresolved or exceptional cases to Data Platform.

## Validation
Verify the current document version before acting.

## Version
Version 2.2. Status: ARCHIVED. This document is archived and retained only for historical reference.",Software Engineering,Corporate Functions,Databases,PostgreSQL schema changes,migration_guide,Data Platform,Data Platform,IE,Ireland,en,"[""databases"", ""eng"", ""postgresql-schema-changes"", ""software-engineering""]","[""Databases"", ""PostgreSQL schema changes"", ""databases"", ""eng"", ""postgresql-schema-changes"", ""software-engineering""]",INTERNAL,"[""employee"", ""engineer"", ""tech_lead"", ""architect""]",[],sharepoint,synthetic://software-engineering/ENG-000438,2.2,2025-03-22,2025-06-10,2025-05-17,,ARCHIVED,True,Synthetic dataset generated for research/demo use,VALIDATED,,112f18e8b300
ENG-000439,ENG-DATABASE-00355,ENG-000438,Postgresql Schema Changes — Ireland v3.4,"# Postgresql Schema Changes — Ireland v3.4

## Purpose
Teams must apply this guidance when working with PostgreSQL schema changes in production or employee-facing environments.

## Scope
Archived versions remain available for audit purposes but must not be used for new decisions. This version applies to Ireland.

## Requirements
- Postgresql Schema Changes must follow the current approved policy and ownership model. - Operational evidence for PostgreSQL schema changes should be retained according to the applicable retention schedule. - Exceptions involving PostgreSQL schema changes require documented approval from the responsible owner. - Teams should use standard tooling and published procedures when working with PostgreSQL schema changes.

## Controls
Requests requiring elevated access must be approved by the designated owner and recorded in the enterprise service system.

## Procedure
1. Confirm that the request concerns PostgreSQL schema changes.
2. Verify the relevant owner, country, environment, and current version.
3. Follow the approved workflow and capture evidence.
4. Escalate unresolved or exceptional cases to Data Platform.

## Validation
Do not bypass required controls simply to shorten resolution time.

## Version
Version 3.4. Status: ACTIVE.",Software Engineering,Digital Delivery,Databases,PostgreSQL schema changes,migration_guide,Data Platform,Data Platform,IE,Ireland,en,"[""databases"", ""eng"", ""postgresql-schema-changes"", ""software-engineering""]","[""Databases"", ""PostgreSQL schema changes"", ""databases"", ""eng"", ""postgresql-schema-changes"", ""software-engineering""]",INTERNAL,"[""employee"", ""engineer"", ""tech_lead"", ""architect""]",[],google_drive,synthetic://software-engineering/ENG-000439,3.4,2025-04-20,2026-09-23,2025-06-11,,ACTIVE,True,Synthetic dataset generated for research/demo use,VALIDATED,,8cba5a37d64d
ENG-000440,ENG-JAVA-SER-00356,,Service Templates — Global,"# Service Templates — Global

## Purpose
Teams must apply this guidance when working with service templates in production or employee-facing environments.

## Scope
Country-specific and role-specific exceptions override the global baseline only when explicitly documented. This version is the global baseline; country-specific documents may impose additional requirements.

## Requirements
- Service Templates must follow the current approved policy and ownership model. - Operational evidence for service templates should be retained according to the applicable retention schedule. - Exceptions involving service templates require documented approval from the responsible owner. - Teams should use standard tooling and published procedures when working with service templates.

## Controls
Changes affecting production require peer review, traceable evidence, and rollback instructions.

## Procedure
1. Confirm that the request concerns service templates.
2. Verify the relevant owner, country, environment, and current version.
3. Follow the approved workflow and capture evidence.
4. Escalate unresolved or exceptional cases to Developer Experience.

## Validation
Do not bypass required controls simply to shorten resolution time.

## Version
Version 1.3. Status: DRAFT.  This document is a draft and must not be treated as an approved source of policy.",Software Engineering,Corporate Functions,Java Services,service templates,api_guide,Developer Experience,Developer Experience,GLOBAL,Global,en,"[""eng"", ""java-services"", ""service-templates"", ""software-engineering""]","[""Java Services"", ""eng"", ""java-services"", ""service templates"", ""service-templates"", ""software-engineering""]",INTERNAL,"[""employee"", ""engineer"", ""tech_lead"", ""architect""]",[],google_drive,synthetic://software-engineering/ENG-000440,1.3,2024-08-01,2024-10-26,2024-08-20,,DRAFT,True,Synthetic dataset generated for research/demo use,VALIDATED,,2b5e7f8aa2d0
ENG-000441,ENG-ARCHITEC-00357,,Adr Process — Singapore,"# Adr Process — Singapore

## Purpose
The standard exists to reduce inconsistent implementation, avoid repeated support effort, and provide an auditable source of truth.

## Scope
Archived versions remain available for audit purposes but must not be used for new decisions. This version applies to Singapore.

## Requirements
- Adr Process must follow the current approved policy and ownership model. - Operational evidence for ADR process should be retained according to the applicable retention schedule. - Exceptions involving ADR process require documented approval from the responsible owner. - Teams should use standard tooling and published procedures when working with ADR process.

## Controls
Requests requiring elevated access must be approved by the designated owner and recorded in the enterprise service system.

## Procedure
1. Confirm that the request concerns ADR process.
2. Verify the relevant owner, country, environment, and current version.
3. Follow the approved workflow and capture evidence.
4. Escalate unresolved or exceptional cases to Data Platform.

## Validation
Verify the current document version before acting.

## Version
Version 1.3. Status: ACTIVE.",Software Engineering,Cloud & Security,Architecture,ADR process,api_guide,Data Platform,Data Platform,SG,Singapore,en,"[""adr-process"", ""architecture"", ""eng"", ""software-engineering""]","[""ADR process"", ""Architecture"", ""adr-process"", ""architecture"", ""eng"", ""software-engineering""]",INTERNAL,"[""employee"", ""engineer"", ""tech_lead"", ""architect""]",[],github,synthetic://software-engineering/ENG-000441,1.3,2023-09-24,2023-10-08,2023-09-30,,ACTIVE,True,Synthetic dataset generated for research/demo use,VALIDATED,,99e56ffec578
ENG-000442,ENG-ARCHITEC-00358,,Event-Driven Design — Global,"# Event-Driven Design — Global

## Purpose
Teams must apply this guidance when working with event-driven design in production or employee-facing environments.

## Scope
It applies to employees, contractors, and managed service teams where the stated scope is relevant. This version is the global baseline; country-specific documents may impose additional requirements.

## Requirements
- Event-Driven Design must follow the current approved policy and ownership model. - Operational evidence for event-driven design should be retained according to the applicable retention schedule. - Exceptions involving event-driven design require documented approval from the responsible owner. - Teams should use standard tooling and published procedures when working with event-driven design.

## Controls
Changes affecting production require peer review, traceable evidence, and rollback instructions.

## Procedure
1. Confirm that the request concerns event-driven design.
2. Verify the relevant owner, country, environment, and current version.
3. Follow the approved workflow and capture evidence.
4. Escalate unresolved or exceptional cases to Data Platform.

## Validation
If the procedure does not resolve the issue, escalate to the listed owner team with timestamps, identifiers, and evidence.

## Version
Version 1.1. Status: ACTIVE.",Software Engineering,Enterprise Platforms,Architecture,event-driven design,architecture_decision_record,Data Platform,Data Platform,GLOBAL,Global,en,"[""architecture"", ""eng"", ""event-driven-design"", ""software-engineering""]","[""Architecture"", ""architecture"", ""eng"", ""event-driven design"", ""event-driven-design"", ""software-engineering""]",INTERNAL,"[""employee"", ""engineer"", ""tech_lead"", ""architect""]",[],sharepoint,synthetic://software-engineering/ENG-000442,1.1,2023-03-07,2023-03-21,2023-03-17,,ACTIVE,True,Synthetic dataset generated for research/demo use,VALIDATED,,98d6c74642a2
ENG-000443,ENG-PYTHON-B-00359,,Python Runtime — Singapore,"# Python Runtime — Singapore

## Purpose
The standard exists to reduce inconsistent implementation, avoid repeated support effort, and provide an auditable source of truth.

## Scope
Archived versions remain available for audit purposes but must not be used for new decisions. This version applies to Singapore.

## Requirements
- Supported runtime versions are centrally maintained. - Unsupported runtimes must not be introduced into new production services. - Upgrade plans are required before end-of-support. - Supported runtime versions are centrally maintained.

## Controls
Changes affecting production require peer review, traceable evidence, and rollback instructions.

## Procedure
1. Confirm that the request concerns Python runtime.
2. Verify the relevant owner, country, environment, and current version.
3. Follow the approved workflow and capture evidence.
4. Escalate unresolved or exceptional cases to Frontend Platform.

## Validation
Verify the current document version before acting.

## Version
Version 1.3. Status: ACTIVE.",Software Engineering,Corporate Functions,Python Backend,Python runtime,design_note,Frontend Platform,Frontend Platform,SG,Singapore,en,"[""eng"", ""python-backend"", ""python-runtime"", ""software-engineering""]","[""Python Backend"", ""Python runtime"", ""eng"", ""python-backend"", ""python-runtime"", ""software-engineering""]",INTERNAL,"[""employee"", ""engineer"", ""tech_lead"", ""architect""]",[],confluence,synthetic://software-engineering/ENG-000443,1.3,2024-09-21,2025-06-09,2024-09-30,,ACTIVE,True,Synthetic dataset generated for research/demo use,VALIDATED,,b2d3e83a0052
ENG-000444,ENG-ARCHITEC-00360,,Event-Driven Design — Global,"# Event-Driven Design — Global

## Purpose
This document defines the approved operating model for event-driven design within Northstar Digital Services.

## Scope
It applies to employees, contractors, and managed service teams where the stated scope is relevant. This version is the global baseline; country-specific documents may impose additional requirements.

## Requirements
- Event-Driven Design must follow the current approved policy and ownership model. - Operational evidence for event-driven design should be retained according to the applicable retention schedule. - Exceptions involving event-driven design require documented approval from the responsible owner. - Teams should use standard tooling and published procedures when working with event-driven design.

## Controls
Changes affecting production require peer review, traceable evidence, and rollback instructions.

## Procedure
1. Confirm that the request concerns event-driven design.
2. Verify the relevant owner, country, environment, and current version.
3. Follow the approved workflow and capture evidence.
4. Escalate unresolved or exceptional cases to Frontend Platform.

## Validation
If the procedure does not resolve the issue, escalate to the listed owner team with timestamps, identifiers, and evidence.

## Version
Version 1.0. Status: ACTIVE.",Software Engineering,Digital Delivery,Architecture,event-driven design,known_issue,Frontend Platform,Frontend Platform,GLOBAL,Global,en,"[""architecture"", ""eng"", ""event-driven-design"", ""software-engineering""]","[""Architecture"", ""architecture"", ""eng"", ""event-driven design"", ""event-driven-design"", ""software-engineering""]",INTERNAL,"[""employee"", ""engineer"", ""tech_lead"", ""architect""]",[],github,synthetic://software-engineering/ENG-000444,1.0,2024-12-03,2025-03-24,2025-01-11,,ACTIVE,True,Synthetic dataset generated for research/demo use,VALIDATED,,ffc745933393
ENG-000445,ENG-MESSAGIN-00361,,Ordering — United Kingdom,"# Ordering — United Kingdom

## Purpose
The standard exists to reduce inconsistent implementation, avoid repeated support effort, and provide an auditable source of truth.

## Scope
Archived versions remain available for audit purposes but must not be used for new decisions. This version applies to United Kingdom.

## Requirements
- Ordering must follow the current approved policy and ownership model. - Operational evidence for ordering should be retained according to the applicable retention schedule. - Exceptions involving ordering require documented approval from the responsible owner. - Teams should use standard tooling and published procedures when working with ordering.

## Controls
Changes affecting production require peer review, traceable evidence, and rollback instructions.

## Procedure
1. Confirm that the request concerns ordering.
2. Verify the relevant owner, country, environment, and current version.
3. Follow the approved workflow and capture evidence.
4. Escalate unresolved or exceptional cases to Data Platform.

## Validation
Do not bypass required controls simply to shorten resolution time.

## Version
Version 1.1. Status: ACTIVE.",Software Engineering,Corporate Functions,Messaging,ordering,coding_standard,Data Platform,Data Platform,UK,United Kingdom,en,"[""eng"", ""messaging"", ""ordering"", ""software-engineering""]","[""Messaging"", ""eng"", ""messaging"", ""ordering"", ""software-engineering""]",EMPLOYEE,"[""employee"", ""engineer"", ""tech_lead"", ""architect""]",[],servicenow,synthetic://software-engineering/ENG-000445,1.1,2025-12-09,2026-09-23,2025-12-19,,ACTIVE,True,Synthetic dataset generated for research/demo use,VALIDATED,,b146e8832ca6
ENG-000446,ENG-MESSAGIN-00362,,Ordering — India v1.2,"# Ordering — India v1.2

## Purpose
The standard exists to reduce inconsistent implementation, avoid repeated support effort, and provide an auditable source of truth.

## Scope
It applies to employees, contractors, and managed service teams where the stated scope is relevant. This version applies to India.

## Requirements
- Ordering must follow the current approved policy and ownership model. - Operational evidence for ordering should be retained according to the applicable retention schedule. - Exceptions involving ordering require documented approval from the responsible owner. - Teams should use standard tooling and published procedures when working with ordering.

## Controls
Changes affecting production require peer review, traceable evidence, and rollback instructions.

## Procedure
1. Confirm that the request concerns ordering.
2. Verify the relevant owner, country, environment, and current version.
3. Follow the approved workflow and capture evidence.
4. Escalate unresolved or exceptional cases to Developer Experience.

## Validation
If the procedure does not resolve the issue, escalate to the listed owner team with timestamps, identifiers, and evidence.

## Version
Version 1.2. Status: ARCHIVED. This document is archived and retained only for historical reference.",Software Engineering,Cloud & Security,Messaging,ordering,architecture_decision_record,Developer Experience,Developer Experience,IN,India,en,"[""eng"", ""messaging"", ""ordering"", ""software-engineering""]","[""Messaging"", ""eng"", ""messaging"", ""ordering"", ""software-engineering""]",INTERNAL,"[""employee"", ""engineer"", ""tech_lead"", ""architect""]",[],hr_portal,synthetic://software-engineering/ENG-000446,1.2,2025-04-26,2026-05-16,2025-06-03,2026-06-07,ARCHIVED,True,Synthetic dataset generated for research/demo use,VALIDATED,,6aefe869ae43
ENG-000447,ENG-MESSAGIN-00362,ENG-000446,Ordering — India v2.4,"# Ordering — India v2.4

## Purpose
Teams must apply this guidance when working with ordering in production or employee-facing environments.

## Scope
Archived versions remain available for audit purposes but must not be used for new decisions. This version applies to India.

## Requirements
- Ordering must follow the current approved policy and ownership model. - Operational evidence for ordering should be retained according to the applicable retention schedule. - Exceptions involving ordering require documented approval from the responsible owner. - Teams should use standard tooling and published procedures when working with ordering.

## Controls
Sensitive information must follow the organisation's classification and least-privilege requirements.

## Procedure
1. Confirm that the request concerns ordering.
2. Verify the relevant owner, country, environment, and current version.
3. Follow the approved workflow and capture evidence.
4. Escalate unresolved or exceptional cases to Developer Experience.

## Validation
If the procedure does not resolve the issue, escalate to the listed owner team with timestamps, identifiers, and evidence.

## Version
Version 2.4. Status: ACTIVE.",Software Engineering,Cloud & Security,Messaging,ordering,architecture_decision_record,Developer Experience,Developer Experience,IN,India,en,"[""eng"", ""messaging"", ""ordering"", ""software-engineering""]","[""Messaging"", ""eng"", ""messaging"", ""ordering"", ""software-engineering""]",INTERNAL,"[""employee"", ""engineer"", ""tech_lead"", ""architect""]",[],sharepoint,synthetic://software-engineering/ENG-000447,2.4,2023-06-29,2025-02-06,2023-07-02,,ACTIVE,True,Synthetic dataset generated for research/demo use,VALIDATED,,1df928e94884
ENG-000448,ENG-MESSAGIN-00363,,Schema Evolution — Global,"# Schema Evolution — Global

## Purpose
The standard exists to reduce inconsistent implementation, avoid repeated support effort, and provide an auditable source of truth.

## Scope
Country-specific and role-specific exceptions override the global baseline only when explicitly documented. This version is the global baseline; country-specific documents may impose additional requirements.

## Requirements
- Schema Evolution must follow the current approved policy and ownership model. - Operational evidence for schema evolution should be retained according to the applicable retention schedule. - Exceptions involving schema evolution require documented approval from the responsible owner. - Teams should use standard tooling and published procedures when working with schema evolution.

## Controls
Requests requiring elevated access must be approved by the designated owner and recorded in the enterprise service system.

## Procedure
1. Confirm that the request concerns schema evolution.
2. Verify the relevant owner, country, environment, and current version.
3. Follow the approved workflow and capture evidence.
4. Escalate unresolved or exceptional cases to Developer Experience.

## Validation
Verify the current document version before acting.

## Version
Version 1.1. Status: ACTIVE.",Software Engineering,Shared Services,Messaging,schema evolution,known_issue,Developer Experience,Developer Experience,GLOBAL,Global,en,"[""eng"", ""messaging"", ""schema-evolution"", ""software-engineering""]","[""Messaging"", ""eng"", ""messaging"", ""schema evolution"", ""schema-evolution"", ""software-engineering""]",INTERNAL,"[""employee"", ""engineer"", ""tech_lead"", ""architect""]",[],hr_portal,synthetic://software-engineering/ENG-000448,1.1,2024-09-29,2024-10-12,2024-11-04,,ACTIVE,True,Synthetic dataset generated for research/demo use,VALIDATED,,47372cb8dc70
ENG-000449,ENG-ARCHITEC-00364,,Event-Driven Design — Singapore,"# Event-Driven Design — Singapore

## Purpose
Teams must apply this guidance when working with event-driven design in production or employee-facing environments.

## Scope
Country-specific and role-specific exceptions override the global baseline only when explicitly documented. This version applies to Singapore.

## Requirements
- Event-Driven Design must follow the current approved policy and ownership model. - Operational evidence for event-driven design should be retained according to the applicable retention schedule. - Exceptions involving event-driven design require documented approval from the responsible owner. - Teams should use standard tooling and published procedures when working with event-driven design.

## Controls
Requests requiring elevated access must be approved by the designated owner and recorded in the enterprise service system.

## Procedure
1. Confirm that the request concerns event-driven design.
2. Verify the relevant owner, country, environment, and current version.
3. Follow the approved workflow and capture evidence.
4. Escalate unresolved or exceptional cases to Developer Experience.

## Validation
Do not bypass required controls simply to shorten resolution time.

## Version
Version 1.4. Status: ARCHIVED. This document is archived and retained only for historical reference.",Software Engineering,Cloud & Security,Architecture,event-driven design,technical_standard,Developer Experience,Developer Experience,SG,Singapore,en,"[""architecture"", ""eng"", ""event-driven-design"", ""software-engineering""]","[""Architecture"", ""architecture"", ""eng"", ""event-driven design"", ""event-driven-design"", ""software-engineering""]",INTERNAL,"[""employee"", ""engineer"", ""tech_lead"", ""architect""]",[],servicenow,synthetic://software-engineering/ENG-000449,1.4,2024-08-25,2025-11-27,2024-09-10,2025-11-10,ARCHIVED,True,Synthetic dataset generated for research/demo use,VALIDATED,,4295ce245b55
ENG-000450,ENG-TESTING-00365,,Integration Testing — Singapore,"# Integration Testing — Singapore

## Purpose
Teams must apply this guidance when working with integration testing in production or employee-facing environments.

## Scope
It applies to employees, contractors, and managed service teams where the stated scope is relevant. This version applies to Singapore.

## Requirements
- Integration Testing must follow the current approved policy and ownership model. - Operational evidence for integration testing should be retained according to the applicable retention schedule. - Exceptions involving integration testing require documented approval from the responsible owner. - Teams should use standard tooling and published procedures when working with integration testing.

## Controls
Requests requiring elevated access must be approved by the designated owner and recorded in the enterprise service system.

## Procedure
1. Confirm that the request concerns integration testing.
2. Verify the relevant owner, country, environment, and current version.
3. Follow the approved workflow and capture evidence.
4. Escalate unresolved or exceptional cases to Frontend Platform.

## Validation
Verify the current document version before acting.

## Version
Version 1.0. Status: ACTIVE.",Software Engineering,Enterprise Platforms,Testing,integration testing,technical_standard,Frontend Platform,Frontend Platform,SG,Singapore,en,"[""eng"", ""integration-testing"", ""software-engineering"", ""testing""]","[""Testing"", ""eng"", ""integration testing"", ""integration-testing"", ""software-engineering"", ""testing""]",INTERNAL,"[""employee"", ""engineer"", ""tech_lead"", ""architect""]",[],sharepoint,synthetic://software-engineering/ENG-000450,1.0,2025-06-03,2026-09-23,2025-06-15,,ACTIVE,True,Synthetic dataset generated for research/demo use,VALIDATED,,1877f692f37f
ENG-000451,ENG-APIS-00366,,Pagination — United States,"# Pagination — United States

## Purpose
Teams must apply this guidance when working with pagination in production or employee-facing environments.

## Scope
Country-specific and role-specific exceptions override the global baseline only when explicitly documented. This version applies to United States.

## Requirements
- Pagination must follow the current approved policy and ownership model. - Operational evidence for pagination should be retained according to the applicable retention schedule. - Exceptions involving pagination require documented approval from the responsible owner. - Teams should use standard tooling and published procedures when working with pagination.

## Controls
Changes affecting production require peer review, traceable evidence, and rollback instructions.

## Procedure
1. Confirm that the request concerns pagination.
2. Verify the relevant owner, country, environment, and current version.
3. Follow the approved workflow and capture evidence.
4. Escalate unresolved or exceptional cases to Backend Platform.

## Validation
If the procedure does not resolve the issue, escalate to the listed owner team with timestamps, identifiers, and evidence.

## Version
Version 1.4. Status: ACTIVE.",Software Engineering,Digital Delivery,APIs,pagination,coding_standard,Backend Platform,Backend Platform,US,United States,en,"[""apis"", ""eng"", ""pagination"", ""software-engineering""]","[""APIs"", ""apis"", ""eng"", ""pagination"", ""software-engineering""]",INTERNAL,"[""employee"", ""engineer"", ""tech_lead"", ""architect""]",[],servicenow,synthetic://software-engineering/ENG-000451,1.4,2024-05-23,2025-08-22,2024-05-24,,ACTIVE,True,Synthetic dataset generated for research/demo use,VALIDATED,,7e69f1519a98
ENG-000452,ENG-DATABASE-00367,,Indexing — Global,"# Indexing — Global

## Purpose
The standard exists to reduce inconsistent implementation, avoid repeated support effort, and provide an auditable source of truth.

## Scope
Country-specific and role-specific exceptions override the global baseline only when explicitly documented. This version is the global baseline; country-specific documents may impose additional requirements.

## Requirements
- Indexing must follow the current approved policy and ownership model. - Operational evidence for indexing should be retained according to the applicable retention schedule. - Exceptions involving indexing require documented approval from the responsible owner. - Teams should use standard tooling and published procedures when working with indexing.

## Controls
Requests requiring elevated access must be approved by the designated owner and recorded in the enterprise service system.

## Procedure
1. Confirm that the request concerns indexing.
2. Verify the relevant owner, country, environment, and current version.
3. Follow the approved workflow and capture evidence.
4. Escalate unresolved or exceptional cases to Architecture Guild.

## Validation
Do not bypass required controls simply to shorten resolution time.

## Version
Version 1.2. Status: ACTIVE.",Software Engineering,Cloud & Security,Databases,indexing,design_note,Architecture Guild,Architecture Guild,GLOBAL,Global,en,"[""databases"", ""eng"", ""indexing"", ""software-engineering""]","[""Databases"", ""databases"", ""eng"", ""indexing"", ""software-engineering""]",INTERNAL,"[""employee"", ""engineer"", ""tech_lead"", ""architect""]",[],hr_portal,synthetic://software-engineering/ENG-000452,1.2,2025-02-28,2026-05-13,2025-04-14,,ACTIVE,True,Synthetic dataset generated for research/demo use,VALIDATED,,308e034817b5
ENG-000453,ENG-ARCHITEC-00368,,Event-Driven Design — Global v1.1,"# Event-Driven Design — Global v1.1

## Purpose
This document defines the approved operating model for event-driven design within Northstar Digital Services.

## Scope
Country-specific and role-specific exceptions override the global baseline only when explicitly documented. This version is the global baseline; country-specific documents may impose additional requirements.

## Requirements
- Event-Driven Design must follow the current approved policy and ownership model. - Operational evidence for event-driven design should be retained according to the applicable retention schedule. - Exceptions involving event-driven design require documented approval from the responsible owner. - Teams should use standard tooling and published procedures when working with event-driven design.

## Controls
Sensitive information must follow the organisation's classification and least-privilege requirements.

## Procedure
1. Confirm that the request concerns event-driven design.
2. Verify the relevant owner, country, environment, and current version.
3. Follow the approved workflow and capture evidence.
4. Escalate unresolved or exceptional cases to Architecture Guild.

## Validation
Do not bypass required controls simply to shorten resolution time.

## Version
Version 1.1. Status: ARCHIVED. This document is archived and retained only for historical reference.",Software Engineering,Corporate Functions,Architecture,event-driven design,known_issue,Architecture Guild,Architecture Guild,GLOBAL,Global,en,"[""architecture"", ""eng"", ""event-driven-design"", ""software-engineering""]","[""Architecture"", ""architecture"", ""eng"", ""event-driven design"", ""event-driven-design"", ""software-engineering""]",CONFIDENTIAL,"[""tech_lead"", ""architect""]","[""Software Engineering""]",confluence,synthetic://software-engineering/ENG-000453,1.1,2024-10-19,2025-12-25,2024-12-08,2025-11-16,ARCHIVED,True,Synthetic dataset generated for research/demo use,VALIDATED,,8b2654cc966a
ENG-000454,ENG-ARCHITEC-00368,ENG-000453,Event-Driven Design — Global v2.4,"# Event-Driven Design — Global v2.4

## Purpose
The standard exists to reduce inconsistent implementation, avoid repeated support effort, and provide an auditable source of truth.

## Scope
Country-specific and role-specific exceptions override the global baseline only when explicitly documented. This version is the global baseline; country-specific documents may impose additional requirements.

## Requirements
- Event-Driven Design must follow the current approved policy and ownership model. - Operational evidence for event-driven design should be retained according to the applicable retention schedule. - Exceptions involving event-driven design require documented approval from the responsible owner. - Teams should use standard tooling and published procedures when working with event-driven design.

## Controls
Requests requiring elevated access must be approved by the designated owner and recorded in the enterprise service system.

## Procedure
1. Confirm that the request concerns event-driven design.
2. Verify the relevant owner, country, environment, and current version.
3. Follow the approved workflow and capture evidence.
4. Escalate unresolved or exceptional cases to Architecture Guild.

## Validation
If the procedure does not resolve the issue, escalate to the listed owner team with timestamps, identifiers, and evidence.

## Version
Version 2.4. Status: ARCHIVED. This document is archived and retained only for historical reference.",Software Engineering,Shared Services,Architecture,event-driven design,known_issue,Architecture Guild,Architecture Guild,GLOBAL,Global,en,"[""architecture"", ""eng"", ""event-driven-design"", ""software-engineering""]","[""Architecture"", ""architecture"", ""eng"", ""event-driven design"", ""event-driven-design"", ""software-engineering""]",EMPLOYEE,"[""employee"", ""engineer"", ""tech_lead"", ""architect""]",[],confluence,synthetic://software-engineering/ENG-000454,2.4,2024-02-29,2024-04-13,2024-04-15,2026-09-29,ARCHIVED,True,Synthetic dataset generated for research/demo use,VALIDATED,,5260ff1ea231
ENG-000455,ENG-ARCHITEC-00368,ENG-000454,Event-Driven Design — Global v3.4,"# Event-Driven Design — Global v3.4

## Purpose
Teams must apply this guidance when working with event-driven design in production or employee-facing environments.

## Scope
It applies to employees, contractors, and managed service teams where the stated scope is relevant. This version is the global baseline; country-specific documents may impose additional requirements.

## Requirements
- Event-Driven Design must follow the current approved policy and ownership model. - Operational evidence for event-driven design should be retained according to the applicable retention schedule. - Exceptions involving event-driven design require documented approval from the responsible owner. - Teams should use standard tooling and published procedures when working with event-driven design.

## Controls
Sensitive information must follow the organisation's classification and least-privilege requirements.

## Procedure
1. Confirm that the request concerns event-driven design.
2. Verify the relevant owner, country, environment, and current version.
3. Follow the approved workflow and capture evidence.
4. Escalate unresolved or exceptional cases to Architecture Guild.

## Validation
If the procedure does not resolve the issue, escalate to the listed owner team with timestamps, identifiers, and evidence.

## Version
Version 3.4. Status: ACTIVE.",Software Engineering,Enterprise Platforms,Architecture,event-driven design,known_issue,Architecture Guild,Architecture Guild,GLOBAL,Global,en,"[""architecture"", ""eng"", ""event-driven-design"", ""software-engineering""]","[""Architecture"", ""architecture"", ""eng"", ""event-driven design"", ""event-driven-design"", ""software-engineering""]",INTERNAL,"[""employee"", ""engineer"", ""tech_lead"", ""architect""]",[],confluence,synthetic://software-engineering/ENG-000455,3.4,2023-09-23,2025-06-14,2023-10-06,,ACTIVE,True,Synthetic dataset generated for research/demo use,VALIDATED,,24e0e8625476
ENG-000456,ENG-FRONTEND-00369,,React Standards — Global v1.3,"# React Standards — Global v1.3

## Purpose
This document defines the approved operating model for React standards within Northstar Digital Services.

## Scope
Country-specific and role-specific exceptions override the global baseline only when explicitly documented. This version is the global baseline; country-specific documents may impose additional requirements.

## Requirements
- React Standards must follow the current approved policy and ownership model. - Operational evidence for React standards should be retained according to the applicable retention schedule. - Exceptions involving React standards require documented approval from the responsible owner. - Teams should use standard tooling and published procedures when working with React standards.

## Controls
Changes affecting production require peer review, traceable evidence, and rollback instructions.

## Procedure
1. Confirm that the request concerns React standards.
2. Verify the relevant owner, country, environment, and current version.
3. Follow the approved workflow and capture evidence.
4. Escalate unresolved or exceptional cases to Developer Experience.

## Validation
Do not bypass required controls simply to shorten resolution time.

## Version
Version 1.3. Status: ARCHIVED. This document is archived and retained only for historical reference.",Software Engineering,Shared Services,Frontend,React standards,coding_standard,Developer Experience,Developer Experience,GLOBAL,Global,en,"[""eng"", ""frontend"", ""react-standards"", ""software-engineering""]","[""Frontend"", ""React standards"", ""eng"", ""frontend"", ""react-standards"", ""software-engineering""]",INTERNAL,"[""employee"", ""engineer"", ""tech_lead"", ""architect""]",[],hr_portal,synthetic://software-engineering/ENG-000456,1.3,2024-09-11,2024-09-29,2024-10-19,,ARCHIVED,True,Synthetic dataset generated for research/demo use,VALIDATED,,416ea31c051c
ENG-000457,ENG-FRONTEND-00369,ENG-000456,React Standards — Global v2.0,"# React Standards — Global v2.0

## Purpose
This document defines the approved operating model for React standards within Northstar Digital Services.

## Scope
It applies to employees, contractors, and managed service teams where the stated scope is relevant. This version is the global baseline; country-specific documents may impose additional requirements.

## Requirements
- React Standards must follow the current approved policy and ownership model. - Operational evidence for React standards should be retained according to the applicable retention schedule. - Exceptions involving React standards require documented approval from the responsible owner. - Teams should use standard tooling and published procedures when working with React standards.

## Controls
Requests requiring elevated access must be approved by the designated owner and recorded in the enterprise service system.

## Procedure
1. Confirm that the request concerns React standards.
2. Verify the relevant owner, country, environment, and current version.
3. Follow the approved workflow and capture evidence.
4. Escalate unresolved or exceptional cases to Developer Experience.

## Validation
Do not bypass required controls simply to shorten resolution time.

## Version
Version 2.0. Status: ARCHIVED. This document is archived and retained only for historical reference.",Software Engineering,Shared Services,Frontend,React standards,coding_standard,Developer Experience,Developer Experience,GLOBAL,Global,en,"[""eng"", ""frontend"", ""react-standards"", ""software-engineering""]","[""Frontend"", ""React standards"", ""eng"", ""frontend"", ""react-standards"", ""software-engineering""]",INTERNAL,"[""employee"", ""engineer"", ""tech_lead"", ""architect""]",[],hr_portal,synthetic://software-engineering/ENG-000457,2.0,2026-01-06,2026-09-23,2026-02-07,,ARCHIVED,True,Synthetic dataset generated for research/demo use,VALIDATED,,47ddb87eebf9
ENG-000458,ENG-FRONTEND-00369,ENG-000457,React Standards — Global v3.0,"# React Standards — Global v3.0

## Purpose
Teams must apply this guidance when working with React standards in production or employee-facing environments.

## Scope
It applies to employees, contractors, and managed service teams where the stated scope is relevant. This version is the global baseline; country-specific documents may impose additional requirements.

## Requirements
- React Standards must follow the current approved policy and ownership model. - Operational evidence for React standards should be retained according to the applicable retention schedule. - Exceptions involving React standards require documented approval from the responsible owner. - Teams should use standard tooling and published procedures when working with React standards.

## Controls
Sensitive information must follow the organisation's classification and least-privilege requirements.

## Procedure
1. Confirm that the request concerns React standards.
2. Verify the relevant owner, country, environment, and current version.
3. Follow the approved workflow and capture evidence.
4. Escalate unresolved or exceptional cases to Developer Experience.

## Validation
Verify the current document version before acting.

## Version
Version 3.0. Status: ACTIVE.",Software Engineering,Enterprise Platforms,Frontend,React standards,coding_standard,Developer Experience,Developer Experience,GLOBAL,Global,en,"[""eng"", ""frontend"", ""react-standards"", ""software-engineering""]","[""Frontend"", ""React standards"", ""eng"", ""frontend"", ""react-standards"", ""software-engineering""]",INTERNAL,"[""employee"", ""engineer"", ""tech_lead"", ""architect""]",[],confluence,synthetic://software-engineering/ENG-000458,3.0,2023-05-19,2024-08-02,2023-06-11,,ACTIVE,True,Synthetic dataset generated for research/demo use,VALIDATED,,edef022c2354
ENG-000459,ENG-APIS-00370,,Error Envelopes — Global,"# Error Envelopes — Global

## Purpose
This document defines the approved operating model for error envelopes within Northstar Digital Services.

## Scope
It applies to employees, contractors, and managed service teams where the stated scope is relevant. This version is the global baseline; country-specific documents may impose additional requirements.

## Requirements
- Error Envelopes must follow the current approved policy and ownership model. - Operational evidence for error envelopes should be retained according to the applicable retention schedule. - Exceptions involving error envelopes require documented approval from the responsible owner. - Teams should use standard tooling and published procedures when working with error envelopes.

## Controls
Changes affecting production require peer review, traceable evidence, and rollback instructions.

## Procedure
1. Confirm that the request concerns error envelopes.
2. Verify the relevant owner, country, environment, and current version.
3. Follow the approved workflow and capture evidence.
4. Escalate unresolved or exceptional cases to Frontend Platform.

## Validation
If the procedure does not resolve the issue, escalate to the listed owner team with timestamps, identifiers, and evidence.

## Version
Version 1.2. Status: ACTIVE.",Software Engineering,Enterprise Platforms,APIs,error envelopes,api_guide,Frontend Platform,Frontend Platform,GLOBAL,Global,en,"[""apis"", ""eng"", ""error-envelopes"", ""software-engineering""]","[""APIs"", ""apis"", ""eng"", ""error envelopes"", ""error-envelopes"", ""software-engineering""]",INTERNAL,"[""employee"", ""engineer"", ""tech_lead"", ""architect""]",[],sharepoint,synthetic://software-engineering/ENG-000459,1.2,2023-12-05,2024-09-20,2023-12-18,,ACTIVE,True,Synthetic dataset generated for research/demo use,VALIDATED,,63482ad9650f
ENG-000460,ENG-APIS-00371,,Openapi Contracts — Singapore,"# Openapi Contracts — Singapore

## Purpose
This document defines the approved operating model for OpenAPI contracts within Northstar Digital Services.

## Scope
Archived versions remain available for audit purposes but must not be used for new decisions. This version applies to Singapore.

## Requirements
- Openapi Contracts must follow the current approved policy and ownership model. - Operational evidence for OpenAPI contracts should be retained according to the applicable retention schedule. - Exceptions involving OpenAPI contracts require documented approval from the responsible owner. - Teams should use standard tooling and published procedures when working with OpenAPI contracts.

## Controls
Requests requiring elevated access must be approved by the designated owner and recorded in the enterprise service system.

## Procedure
1. Confirm that the request concerns OpenAPI contracts.
2. Verify the relevant owner, country, environment, and current version.
3. Follow the approved workflow and capture evidence.
4. Escalate unresolved or exceptional cases to Frontend Platform.

## Validation
Verify the current document version before acting.

## Version
Version 1.1. Status: ACTIVE.",Software Engineering,Corporate Functions,APIs,OpenAPI contracts,design_note,Frontend Platform,Frontend Platform,SG,Singapore,en,"[""apis"", ""eng"", ""openapi-contracts"", ""software-engineering""]","[""APIs"", ""OpenAPI contracts"", ""apis"", ""eng"", ""openapi-contracts"", ""software-engineering""]",CONFIDENTIAL,"[""tech_lead"", ""architect""]","[""Software Engineering""]",confluence,synthetic://software-engineering/ENG-000460,1.1,2025-07-09,2026-02-12,2025-08-21,,ACTIVE,True,Synthetic dataset generated for research/demo use,VALIDATED,,fc4956ab7571
ENG-000461,ENG-ARCHITEC-00372,,Adr Process — United States,"# Adr Process — United States

## Purpose
This document defines the approved operating model for ADR process within Northstar Digital Services.

## Scope
It applies to employees, contractors, and managed service teams where the stated scope is relevant. This version applies to United States.

## Requirements
- Adr Process must follow the current approved policy and ownership model. - Operational evidence for ADR process should be retained according to the applicable retention schedule. - Exceptions involving ADR process require documented approval from the responsible owner. - Teams should use standard tooling and published procedures when working with ADR process.

## Controls
Changes affecting production require peer review, traceable evidence, and rollback instructions.

## Procedure
1. Confirm that the request concerns ADR process.
2. Verify the relevant owner, country, environment, and current version.
3. Follow the approved workflow and capture evidence.
4. Escalate unresolved or exceptional cases to Frontend Platform.

## Validation
Do not bypass required controls simply to shorten resolution time.

## Version
Version 1.2. Status: ACTIVE.",Software Engineering,Corporate Functions,Architecture,ADR process,known_issue,Frontend Platform,Frontend Platform,US,United States,en,"[""adr-process"", ""architecture"", ""eng"", ""software-engineering""]","[""ADR process"", ""Architecture"", ""adr-process"", ""architecture"", ""eng"", ""software-engineering""]",INTERNAL,"[""employee"", ""engineer"", ""tech_lead"", ""architect""]",[],github,synthetic://software-engineering/ENG-000461,1.2,2024-01-08,2025-03-08,2024-02-28,,ACTIVE,True,Synthetic dataset generated for research/demo use,VALIDATED,,7d19d7d998f2
ENG-000462,ENG-JAVA-SER-00373,,Java Runtime — Global,"# Java Runtime — Global

## Purpose
The standard exists to reduce inconsistent implementation, avoid repeated support effort, and provide an auditable source of truth.

## Scope
Archived versions remain available for audit purposes but must not be used for new decisions. This version is the global baseline; country-specific documents may impose additional requirements.

## Requirements
- Java Runtime must follow the current approved policy and ownership model. - Operational evidence for Java runtime should be retained according to the applicable retention schedule. - Exceptions involving Java runtime require documented approval from the responsible owner. - Teams should use standard tooling and published procedures when working with Java runtime.

## Controls
Sensitive information must follow the organisation's classification and least-privilege requirements.

## Procedure
1. Confirm that the request concerns Java runtime.
2. Verify the relevant owner, country, environment, and current version.
3. Follow the approved workflow and capture evidence.
4. Escalate unresolved or exceptional cases to Frontend Platform.

## Validation
If the procedure does not resolve the issue, escalate to the listed owner team with timestamps, identifiers, and evidence.

## Version
Version 1.0. Status: ACTIVE.",Software Engineering,Digital Delivery,Java Services,Java runtime,coding_standard,Frontend Platform,Frontend Platform,GLOBAL,Global,en,"[""eng"", ""java-runtime"", ""java-services"", ""software-engineering""]","[""Java Services"", ""Java runtime"", ""eng"", ""java-runtime"", ""java-services"", ""software-engineering""]",EMPLOYEE,"[""employee"", ""engineer"", ""tech_lead"", ""architect""]",[],hr_portal,synthetic://software-engineering/ENG-000462,1.0,2026-05-10,2026-09-23,2026-06-26,,ACTIVE,True,Synthetic dataset generated for research/demo use,VALIDATED,,c5646274dd72
ENG-000463,ENG-APIS-00374,,Error Envelopes — Global,"# Error Envelopes — Global

## Purpose
This document defines the approved operating model for error envelopes within Northstar Digital Services.

## Scope
Archived versions remain available for audit purposes but must not be used for new decisions. This version is the global baseline; country-specific documents may impose additional requirements.

## Requirements
- Error Envelopes must follow the current approved policy and ownership model. - Operational evidence for error envelopes should be retained according to the applicable retention schedule. - Exceptions involving error envelopes require documented approval from the responsible owner. - Teams should use standard tooling and published procedures when working with error envelopes.

## Controls
Requests requiring elevated access must be approved by the designated owner and recorded in the enterprise service system.

## Procedure
1. Confirm that the request concerns error envelopes.
2. Verify the relevant owner, country, environment, and current version.
3. Follow the approved workflow and capture evidence.
4. Escalate unresolved or exceptional cases to Backend Platform.

## Validation
Do not bypass required controls simply to shorten resolution time.

## Version
Version 1.2. Status: ACTIVE.",Software Engineering,Digital Delivery,APIs,error envelopes,design_note,Backend Platform,Backend Platform,GLOBAL,Global,en,"[""apis"", ""eng"", ""error-envelopes"", ""software-engineering""]","[""APIs"", ""apis"", ""eng"", ""error envelopes"", ""error-envelopes"", ""software-engineering""]",CONFIDENTIAL,"[""tech_lead"", ""architect""]","[""Software Engineering""]",google_drive,synthetic://software-engineering/ENG-000463,1.2,2023-06-23,2023-09-27,2023-08-20,,ACTIVE,True,Synthetic dataset generated for research/demo use,VALIDATED,,f469a4f76dd9
ENG-000464,ENG-MESSAGIN-00375,,Consumer Retries — Global,"# Consumer Retries — Global

## Purpose
This document defines the approved operating model for consumer retries within Northstar Digital Services.

## Scope
Country-specific and role-specific exceptions override the global baseline only when explicitly documented. This version is the global baseline; country-specific documents may impose additional requirements.

## Requirements
- Consumer Retries must follow the current approved policy and ownership model. - Operational evidence for consumer retries should be retained according to the applicable retention schedule. - Exceptions involving consumer retries require documented approval from the responsible owner. - Teams should use standard tooling and published procedures when working with consumer retries.

## Controls
Sensitive information must follow the organisation's classification and least-privilege requirements.

## Procedure
1. Confirm that the request concerns consumer retries.
2. Verify the relevant owner, country, environment, and current version.
3. Follow the approved workflow and capture evidence.
4. Escalate unresolved or exceptional cases to Frontend Platform.

## Validation
Do not bypass required controls simply to shorten resolution time.

## Version
Version 1.1. Status: ACTIVE.",Software Engineering,Enterprise Platforms,Messaging,consumer retries,known_issue,Frontend Platform,Frontend Platform,GLOBAL,Global,en,"[""consumer-retries"", ""eng"", ""messaging"", ""software-engineering""]","[""Messaging"", ""consumer retries"", ""consumer-retries"", ""eng"", ""messaging"", ""software-engineering""]",EMPLOYEE,"[""employee"", ""engineer"", ""tech_lead"", ""architect""]",[],sharepoint,synthetic://software-engineering/ENG-000464,1.1,2024-07-20,2024-09-18,2024-09-04,,ACTIVE,True,Synthetic dataset generated for research/demo use,VALIDATED,,d3b29add00b5
ENG-000465,ENG-JAVA-SER-00376,,Dependency Management — Global,"# Dependency Management — Global

## Purpose
Teams must apply this guidance when working with dependency management in production or employee-facing environments.

## Scope
Archived versions remain available for audit purposes but must not be used for new decisions. This version is the global baseline; country-specific documents may impose additional requirements.

## Requirements
- Dependency Management must follow the current approved policy and ownership model. - Operational evidence for dependency management should be retained according to the applicable retention schedule. - Exceptions involving dependency management require documented approval from the responsible owner. - Teams should use standard tooling and published procedures when working with dependency management.

## Controls
Sensitive information must follow the organisation's classification and least-privilege requirements.

## Procedure
1. Confirm that the request concerns dependency management.
2. Verify the relevant owner, country, environment, and current version.
3. Follow the approved workflow and capture evidence.
4. Escalate unresolved or exceptional cases to Architecture Guild.

## Validation
If the procedure does not resolve the issue, escalate to the listed owner team with timestamps, identifiers, and evidence.

## Version
Version 1.3. Status: ACTIVE.",Software Engineering,Corporate Functions,Java Services,dependency management,known_issue,Architecture Guild,Architecture Guild,GLOBAL,Global,en,"[""dependency-management"", ""eng"", ""java-services"", ""software-engineering""]","[""Java Services"", ""dependency management"", ""dependency-management"", ""eng"", ""java-services"", ""software-engineering""]",INTERNAL,"[""employee"", ""engineer"", ""tech_lead"", ""architect""]",[],servicenow,synthetic://software-engineering/ENG-000465,1.3,2024-08-25,2026-05-26,2024-09-02,,ACTIVE,True,Synthetic dataset generated for research/demo use,VALIDATED,,cf43ef60d168
ENG-000466,ENG-FRONTEND-00377,,React Standards — United Kingdom v1.4,"# React Standards — United Kingdom v1.4

## Purpose
Teams must apply this guidance when working with React standards in production or employee-facing environments.

## Scope
Archived versions remain available for audit purposes but must not be used for new decisions. This version applies to United Kingdom.

## Requirements
- React Standards must follow the current approved policy and ownership model. - Operational evidence for React standards should be retained according to the applicable retention schedule. - Exceptions involving React standards require documented approval from the responsible owner. - Teams should use standard tooling and published procedures when working with React standards.

## Controls
Requests requiring elevated access must be approved by the designated owner and recorded in the enterprise service system.

## Procedure
1. Confirm that the request concerns React standards.
2. Verify the relevant owner, country, environment, and current version.
3. Follow the approved workflow and capture evidence.
4. Escalate unresolved or exceptional cases to Frontend Platform.

## Validation
If the procedure does not resolve the issue, escalate to the listed owner team with timestamps, identifiers, and evidence.

## Version
Version 1.4. Status: ARCHIVED. This document is archived and retained only for historical reference.",Software Engineering,Corporate Functions,Frontend,React standards,design_note,Frontend Platform,Frontend Platform,UK,United Kingdom,en,"[""eng"", ""frontend"", ""react-standards"", ""software-engineering""]","[""Frontend"", ""React standards"", ""eng"", ""frontend"", ""react-standards"", ""software-engineering""]",CONFIDENTIAL,"[""tech_lead"", ""architect""]","[""Software Engineering""]",confluence,synthetic://software-engineering/ENG-000466,1.4,2024-05-26,2024-12-21,2024-07-09,2026-02-25,ARCHIVED,True,Synthetic dataset generated for research/demo use,VALIDATED,,74a7f680032f
ENG-000467,ENG-FRONTEND-00377,ENG-000466,React Standards — United Kingdom v2.1,"# React Standards — United Kingdom v2.1

## Purpose
This document defines the approved operating model for React standards within Northstar Digital Services.

## Scope
It applies to employees, contractors, and managed service teams where the stated scope is relevant. This version applies to United Kingdom.

## Requirements
- React Standards must follow the current approved policy and ownership model. - Operational evidence for React standards should be retained according to the applicable retention schedule. - Exceptions involving React standards require documented approval from the responsible owner. - Teams should use standard tooling and published procedures when working with React standards.

## Controls
Sensitive information must follow the organisation's classification and least-privilege requirements.

## Procedure
1. Confirm that the request concerns React standards.
2. Verify the relevant owner, country, environment, and current version.
3. Follow the approved workflow and capture evidence.
4. Escalate unresolved or exceptional cases to Frontend Platform.

## Validation
Verify the current document version before acting.

## Version
Version 2.1. Status: ARCHIVED. This document is archived and retained only for historical reference.",Software Engineering,Enterprise Platforms,Frontend,React standards,design_note,Frontend Platform,Frontend Platform,UK,United Kingdom,en,"[""eng"", ""frontend"", ""react-standards"", ""software-engineering""]","[""Frontend"", ""React standards"", ""eng"", ""frontend"", ""react-standards"", ""software-engineering""]",INTERNAL,"[""employee"", ""engineer"", ""tech_lead"", ""architect""]",[],sharepoint,synthetic://software-engineering/ENG-000467,2.1,2023-12-30,2025-04-02,2024-02-24,,ARCHIVED,True,Synthetic dataset generated for research/demo use,VALIDATED,,ec04816b7340
ENG-000468,ENG-FRONTEND-00377,ENG-000467,React Standards — United Kingdom v3.1,"# React Standards — United Kingdom v3.1

## Purpose
The standard exists to reduce inconsistent implementation, avoid repeated support effort, and provide an auditable source of truth.

## Scope
It applies to employees, contractors, and managed service teams where the stated scope is relevant. This version applies to United Kingdom.

## Requirements
- React Standards must follow the current approved policy and ownership model. - Operational evidence for React standards should be retained according to the applicable retention schedule. - Exceptions involving React standards require documented approval from the responsible owner. - Teams should use standard tooling and published procedures when working with React standards.

## Controls
Requests requiring elevated access must be approved by the designated owner and recorded in the enterprise service system.

## Procedure
1. Confirm that the request concerns React standards.
2. Verify the relevant owner, country, environment, and current version.
3. Follow the approved workflow and capture evidence.
4. Escalate unresolved or exceptional cases to Frontend Platform.

## Validation
Do not bypass required controls simply to shorten resolution time.

## Version
Version 3.1. Status: ACTIVE.",Software Engineering,Enterprise Platforms,Frontend,React standards,design_note,Frontend Platform,Frontend Platform,UK,United Kingdom,en,"[""eng"", ""frontend"", ""react-standards"", ""software-engineering""]","[""Frontend"", ""React standards"", ""eng"", ""frontend"", ""react-standards"", ""software-engineering""]",EMPLOYEE,"[""employee"", ""engineer"", ""tech_lead"", ""architect""]",[],confluence,synthetic://software-engineering/ENG-000468,3.1,2025-11-09,2026-06-25,2025-12-30,,ACTIVE,True,Synthetic dataset generated for research/demo use,VALIDATED,,dfe5c227d475
ENG-000469,ENG-JAVA-SER-00378,,Java Runtime — Global,"# Java Runtime — Global

## Purpose
The standard exists to reduce inconsistent implementation, avoid repeated support effort, and provide an auditable source of truth.

## Scope
Country-specific and role-specific exceptions override the global baseline only when explicitly documented. This version is the global baseline; country-specific documents may impose additional requirements.

## Requirements
- Java Runtime must follow the current approved policy and ownership model. - Operational evidence for Java runtime should be retained according to the applicable retention schedule. - Exceptions involving Java runtime require documented approval from the responsible owner. - Teams should use standard tooling and published procedures when working with Java runtime.

## Controls
Changes affecting production require peer review, traceable evidence, and rollback instructions.

## Procedure
1. Confirm that the request concerns Java runtime.
2. Verify the relevant owner, country, environment, and current version.
3. Follow the approved workflow and capture evidence.
4. Escalate unresolved or exceptional cases to Developer Experience.

## Validation
If the procedure does not resolve the issue, escalate to the listed owner team with timestamps, identifiers, and evidence.

## Version
Version 1.4. Status: ACTIVE.",Software Engineering,Enterprise Platforms,Java Services,Java runtime,api_guide,Developer Experience,Developer Experience,GLOBAL,Global,en,"[""eng"", ""java-runtime"", ""java-services"", ""software-engineering""]","[""Java Services"", ""Java runtime"", ""eng"", ""java-runtime"", ""java-services"", ""software-engineering""]",EMPLOYEE,"[""employee"", ""engineer"", ""tech_lead"", ""architect""]",[],google_drive,synthetic://software-engineering/ENG-000469,1.4,2023-12-18,2025-07-01,2024-01-03,,ACTIVE,True,Synthetic dataset generated for research/demo use,VALIDATED,,582cd42d2a75
ENG-000470,ENG-DATABASE-00379,,Postgresql Schema Changes — Singapore v1.0,"# Postgresql Schema Changes — Singapore v1.0

## Purpose
This document defines the approved operating model for PostgreSQL schema changes within Northstar Digital Services.

## Scope
Country-specific and role-specific exceptions override the global baseline only when explicitly documented. This version applies to Singapore.

## Requirements
- Postgresql Schema Changes must follow the current approved policy and ownership model. - Operational evidence for PostgreSQL schema changes should be retained according to the applicable retention schedule. - Exceptions involving PostgreSQL schema changes require documented approval from the responsible owner. - Teams should use standard tooling and published procedures when working with PostgreSQL schema changes.

## Controls
Changes affecting production require peer review, traceable evidence, and rollback instructions.

## Procedure
1. Confirm that the request concerns PostgreSQL schema changes.
2. Verify the relevant owner, country, environment, and current version.
3. Follow the approved workflow and capture evidence.
4. Escalate unresolved or exceptional cases to Developer Experience.

## Validation
If the procedure does not resolve the issue, escalate to the listed owner team with timestamps, identifiers, and evidence.

## Version
Version 1.0. Status: ARCHIVED. This document is archived and retained only for historical reference.",Software Engineering,Corporate Functions,Databases,PostgreSQL schema changes,architecture_decision_record,Developer Experience,Developer Experience,SG,Singapore,en,"[""databases"", ""eng"", ""postgresql-schema-changes"", ""software-engineering""]","[""Databases"", ""PostgreSQL schema changes"", ""databases"", ""eng"", ""postgresql-schema-changes"", ""software-engineering""]",INTERNAL,"[""employee"", ""engineer"", ""tech_lead"", ""architect""]",[],google_drive,synthetic://software-engineering/ENG-000470,1.0,2024-01-07,2024-03-28,2024-02-18,2025-12-25,ARCHIVED,True,Synthetic dataset generated for research/demo use,VALIDATED,,f7f5a404fa49
ENG-000471,ENG-DATABASE-00379,ENG-000470,Postgresql Schema Changes — Singapore v2.3,"# Postgresql Schema Changes — Singapore v2.3

## Purpose
The standard exists to reduce inconsistent implementation, avoid repeated support effort, and provide an auditable source of truth.

## Scope
Country-specific and role-specific exceptions override the global baseline only when explicitly documented. This version applies to Singapore.

## Requirements
- Postgresql Schema Changes must follow the current approved policy and ownership model. - Operational evidence for PostgreSQL schema changes should be retained according to the applicable retention schedule. - Exceptions involving PostgreSQL schema changes require documented approval from the responsible owner. - Teams should use standard tooling and published procedures when working with PostgreSQL schema changes.

## Controls
Sensitive information must follow the organisation's classification and least-privilege requirements.

## Procedure
1. Confirm that the request concerns PostgreSQL schema changes.
2. Verify the relevant owner, country, environment, and current version.
3. Follow the approved workflow and capture evidence.
4. Escalate unresolved or exceptional cases to Developer Experience.

## Validation
If the procedure does not resolve the issue, escalate to the listed owner team with timestamps, identifiers, and evidence.

## Version
Version 2.3. Status: ARCHIVED. This document is archived and retained only for historical reference.",Software Engineering,Cloud & Security,Databases,PostgreSQL schema changes,architecture_decision_record,Developer Experience,Developer Experience,SG,Singapore,en,"[""databases"", ""eng"", ""postgresql-schema-changes"", ""software-engineering""]","[""Databases"", ""PostgreSQL schema changes"", ""databases"", ""eng"", ""postgresql-schema-changes"", ""software-engineering""]",INTERNAL,"[""employee"", ""engineer"", ""tech_lead"", ""architect""]",[],hr_portal,synthetic://software-engineering/ENG-000471,2.3,2024-02-14,2025-03-07,2024-02-20,,ARCHIVED,True,Synthetic dataset generated for research/demo use,VALIDATED,,9420999ffe76
ENG-000472,ENG-DATABASE-00379,ENG-000471,Postgresql Schema Changes — Singapore v3.2,"# Postgresql Schema Changes — Singapore v3.2

## Purpose
The standard exists to reduce inconsistent implementation, avoid repeated support effort, and provide an auditable source of truth.

## Scope
It applies to employees, contractors, and managed service teams where the stated scope is relevant. This version applies to Singapore.

## Requirements
- Postgresql Schema Changes must follow the current approved policy and ownership model. - Operational evidence for PostgreSQL schema changes should be retained according to the applicable retention schedule. - Exceptions involving PostgreSQL schema changes require documented approval from the responsible owner. - Teams should use standard tooling and published procedures when working with PostgreSQL schema changes.

## Controls
Changes affecting production require peer review, traceable evidence, and rollback instructions.

## Procedure
1. Confirm that the request concerns PostgreSQL schema changes.
2. Verify the relevant owner, country, environment, and current version.
3. Follow the approved workflow and capture evidence.
4. Escalate unresolved or exceptional cases to Developer Experience.

## Validation
Do not bypass required controls simply to shorten resolution time.

## Version
Version 3.2. Status: ACTIVE.",Software Engineering,Cloud & Security,Databases,PostgreSQL schema changes,architecture_decision_record,Developer Experience,Developer Experience,SG,Singapore,en,"[""databases"", ""eng"", ""postgresql-schema-changes"", ""software-engineering""]","[""Databases"", ""PostgreSQL schema changes"", ""databases"", ""eng"", ""postgresql-schema-changes"", ""software-engineering""]",INTERNAL,"[""employee"", ""engineer"", ""tech_lead"", ""architect""]",[],hr_portal,synthetic://software-engineering/ENG-000472,3.2,2023-12-24,2025-01-14,2024-01-31,,ACTIVE,True,Synthetic dataset generated for research/demo use,VALIDATED,,01a32e30164c
ENG-000473,ENG-PYTHON-B-00380,,Pydantic Contracts — Global,"# Pydantic Contracts — Global

## Purpose
The standard exists to reduce inconsistent implementation, avoid repeated support effort, and provide an auditable source of truth.

## Scope
It applies to employees, contractors, and managed service teams where the stated scope is relevant. This version is the global baseline; country-specific documents may impose additional requirements.

## Requirements
- Pydantic Contracts must follow the current approved policy and ownership model. - Operational evidence for Pydantic contracts should be retained according to the applicable retention schedule. - Exceptions involving Pydantic contracts require documented approval from the responsible owner. - Teams should use standard tooling and published procedures when working with Pydantic contracts.

## Controls
Requests requiring elevated access must be approved by the designated owner and recorded in the enterprise service system.

## Procedure
1. Confirm that the request concerns Pydantic contracts.
2. Verify the relevant owner, country, environment, and current version.
3. Follow the approved workflow and capture evidence.
4. Escalate unresolved or exceptional cases to Backend Platform.

## Validation
Verify the current document version before acting.

## Version
Version 1.1. Status: ACTIVE.",Software Engineering,Digital Delivery,Python Backend,Pydantic contracts,migration_guide,Backend Platform,Backend Platform,GLOBAL,Global,en,"[""eng"", ""pydantic-contracts"", ""python-backend"", ""software-engineering""]","[""Pydantic contracts"", ""Python Backend"", ""eng"", ""pydantic-contracts"", ""python-backend"", ""software-engineering""]",CONFIDENTIAL,"[""tech_lead"", ""architect""]","[""Software Engineering""]",confluence,synthetic://software-engineering/ENG-000473,1.1,2026-04-26,2026-09-23,2026-05-30,,ACTIVE,True,Synthetic dataset generated for research/demo use,VALIDATED,,dc6e30370f96
ENG-000474,ENG-ARCHITEC-00381,,Backpressure — United Kingdom,"# Backpressure — United Kingdom

## Purpose
The standard exists to reduce inconsistent implementation, avoid repeated support effort, and provide an auditable source of truth.

## Scope
It applies to employees, contractors, and managed service teams where the stated scope is relevant. This version applies to United Kingdom.

## Requirements
- Backpressure must follow the current approved policy and ownership model. - Operational evidence for backpressure should be retained according to the applicable retention schedule. - Exceptions involving backpressure require documented approval from the responsible owner. - Teams should use standard tooling and published procedures when working with backpressure.

## Controls
Changes affecting production require peer review, traceable evidence, and rollback instructions.

## Procedure
1. Confirm that the request concerns backpressure.
2. Verify the relevant owner, country, environment, and current version.
3. Follow the approved workflow and capture evidence.
4. Escalate unresolved or exceptional cases to Developer Experience.

## Validation
Do not bypass required controls simply to shorten resolution time.

## Version
Version 1.0. Status: ARCHIVED. This document is archived and retained only for historical reference.",Software Engineering,Corporate Functions,Architecture,backpressure,api_guide,Developer Experience,Developer Experience,UK,United Kingdom,en,"[""architecture"", ""backpressure"", ""eng"", ""software-engineering""]","[""Architecture"", ""architecture"", ""backpressure"", ""eng"", ""software-engineering""]",CONFIDENTIAL,"[""tech_lead"", ""architect""]","[""Software Engineering""]",servicenow,synthetic://software-engineering/ENG-000474,1.0,2024-04-22,2024-07-17,2024-06-20,,ARCHIVED,True,Synthetic dataset generated for research/demo use,VALIDATED,,8c9ecebb83d2
ENG-000475,ENG-MESSAGIN-00382,,Kafka Event Design — Global,"# Kafka Event Design — Global

## Purpose
Teams must apply this guidance when working with Kafka event design in production or employee-facing environments.

## Scope
Archived versions remain available for audit purposes but must not be used for new decisions. This version is the global baseline; country-specific documents may impose additional requirements.

## Requirements
- Kafka Event Design must follow the current approved policy and ownership model. - Operational evidence for Kafka event design should be retained according to the applicable retention schedule. - Exceptions involving Kafka event design require documented approval from the responsible owner. - Teams should use standard tooling and published procedures when working with Kafka event design.

## Controls
Changes affecting production require peer review, traceable evidence, and rollback instructions.

## Procedure
1. Confirm that the request concerns Kafka event design.
2. Verify the relevant owner, country, environment, and current version.
3. Follow the approved workflow and capture evidence.
4. Escalate unresolved or exceptional cases to Developer Experience.

## Validation
Verify the current document version before acting.

## Version
Version 1.2. Status: ACTIVE.",Software Engineering,Enterprise Platforms,Messaging,Kafka event design,coding_standard,Developer Experience,Developer Experience,GLOBAL,Global,en,"[""eng"", ""kafka-event-design"", ""messaging"", ""software-engineering""]","[""Kafka event design"", ""Messaging"", ""eng"", ""kafka-event-design"", ""messaging"", ""software-engineering""]",INTERNAL,"[""employee"", ""engineer"", ""tech_lead"", ""architect""]",[],google_drive,synthetic://software-engineering/ENG-000475,1.2,2026-07-02,2026-09-23,2026-07-16,,ACTIVE,True,Synthetic dataset generated for research/demo use,VALIDATED,,f9957c059951
ENG-000476,ENG-APIS-00383,,Rest Versioning — Global,"# Rest Versioning — Global

## Purpose
Teams must apply this guidance when working with REST versioning in production or employee-facing environments.

## Scope
Archived versions remain available for audit purposes but must not be used for new decisions. This version is the global baseline; country-specific documents may impose additional requirements.

## Requirements
- Breaking changes require a new externally visible contract version. - Backward compatibility should be preserved where feasible. - Deprecated versions must publish a retirement schedule. - Breaking changes require a new externally visible contract version.

## Controls
Sensitive information must follow the organisation's classification and least-privilege requirements.

## Procedure
1. Confirm that the request concerns REST versioning.
2. Verify the relevant owner, country, environment, and current version.
3. Follow the approved workflow and capture evidence.
4. Escalate unresolved or exceptional cases to Data Platform.

## Validation
If the procedure does not resolve the issue, escalate to the listed owner team with timestamps, identifiers, and evidence.

## Version
Version 1.4. Status: ACTIVE.",Software Engineering,Enterprise Platforms,APIs,REST versioning,technical_standard,Data Platform,Data Platform,GLOBAL,Global,en,"[""apis"", ""eng"", ""rest-versioning"", ""software-engineering""]","[""APIs"", ""REST versioning"", ""apis"", ""eng"", ""rest-versioning"", ""software-engineering""]",INTERNAL,"[""employee"", ""engineer"", ""tech_lead"", ""architect""]",[],servicenow,synthetic://software-engineering/ENG-000476,1.4,2024-06-16,2026-02-14,2024-06-26,,ACTIVE,True,Synthetic dataset generated for research/demo use,VALIDATED,,e2b34dce1bea
ENG-000477,ENG-MESSAGIN-00384,,Kafka Event Design — Global,"# Kafka Event Design — Global

## Purpose
This document defines the approved operating model for Kafka event design within Northstar Digital Services.

## Scope
Country-specific and role-specific exceptions override the global baseline only when explicitly documented. This version is the global baseline; country-specific documents may impose additional requirements.

## Requirements
- Kafka Event Design must follow the current approved policy and ownership model. - Operational evidence for Kafka event design should be retained according to the applicable retention schedule. - Exceptions involving Kafka event design require documented approval from the responsible owner. - Teams should use standard tooling and published procedures when working with Kafka event design.

## Controls
Sensitive information must follow the organisation's classification and least-privilege requirements.

## Procedure
1. Confirm that the request concerns Kafka event design.
2. Verify the relevant owner, country, environment, and current version.
3. Follow the approved workflow and capture evidence.
4. Escalate unresolved or exceptional cases to Backend Platform.

## Validation
If the procedure does not resolve the issue, escalate to the listed owner team with timestamps, identifiers, and evidence.

## Version
Version 1.1. Status: ACTIVE.",Software Engineering,Enterprise Platforms,Messaging,Kafka event design,technical_standard,Backend Platform,Backend Platform,GLOBAL,Global,en,"[""eng"", ""kafka-event-design"", ""messaging"", ""software-engineering""]","[""Kafka event design"", ""Messaging"", ""eng"", ""kafka-event-design"", ""messaging"", ""software-engineering""]",EMPLOYEE,"[""employee"", ""engineer"", ""tech_lead"", ""architect""]",[],google_drive,synthetic://software-engineering/ENG-000477,1.1,2023-09-09,2024-10-15,2023-09-10,,ACTIVE,True,Synthetic dataset generated for research/demo use,VALIDATED,,a6471a0bb99b
ENG-000478,ENG-JAVA-SER-00385,,Jvm Tuning — Global,"# Jvm Tuning — Global

## Purpose
Teams must apply this guidance when working with JVM tuning in production or employee-facing environments.

## Scope
Archived versions remain available for audit purposes but must not be used for new decisions. This version is the global baseline; country-specific documents may impose additional requirements.

## Requirements
- Jvm Tuning must follow the current approved policy and ownership model. - Operational evidence for JVM tuning should be retained according to the applicable retention schedule. - Exceptions involving JVM tuning require documented approval from the responsible owner. - Teams should use standard tooling and published procedures when working with JVM tuning.

## Controls
Sensitive information must follow the organisation's classification and least-privilege requirements.

## Procedure
1. Confirm that the request concerns JVM tuning.
2. Verify the relevant owner, country, environment, and current version.
3. Follow the approved workflow and capture evidence.
4. Escalate unresolved or exceptional cases to Backend Platform.

## Validation
Verify the current document version before acting.

## Version
Version 1.3. Status: ACTIVE.",Software Engineering,Enterprise Platforms,Java Services,JVM tuning,api_guide,Backend Platform,Backend Platform,GLOBAL,Global,en,"[""eng"", ""java-services"", ""jvm-tuning"", ""software-engineering""]","[""JVM tuning"", ""Java Services"", ""eng"", ""java-services"", ""jvm-tuning"", ""software-engineering""]",INTERNAL,"[""employee"", ""engineer"", ""tech_lead"", ""architect""]",[],sharepoint,synthetic://software-engineering/ENG-000478,1.3,2025-01-20,2025-10-01,2025-02-15,,ACTIVE,True,Synthetic dataset generated for research/demo use,VALIDATED,,7bcfe80cf058
ENG-000479,ENG-FRONTEND-00386,,Performance Budgets — Ireland,"# Performance Budgets — Ireland

## Purpose
This document defines the approved operating model for performance budgets within Northstar Digital Services.

## Scope
Archived versions remain available for audit purposes but must not be used for new decisions. This version applies to Ireland.

## Requirements
- Performance Budgets must follow the current approved policy and ownership model. - Operational evidence for performance budgets should be retained according to the applicable retention schedule. - Exceptions involving performance budgets require documented approval from the responsible owner. - Teams should use standard tooling and published procedures when working with performance budgets.

## Controls
Requests requiring elevated access must be approved by the designated owner and recorded in the enterprise service system.

## Procedure
1. Confirm that the request concerns performance budgets.
2. Verify the relevant owner, country, environment, and current version.
3. Follow the approved workflow and capture evidence.
4. Escalate unresolved or exceptional cases to Frontend Platform.

## Validation
If the procedure does not resolve the issue, escalate to the listed owner team with timestamps, identifiers, and evidence.

## Version
Version 1.1. Status: ACTIVE.",Software Engineering,Enterprise Platforms,Frontend,performance budgets,known_issue,Frontend Platform,Frontend Platform,IE,Ireland,en,"[""eng"", ""frontend"", ""performance-budgets"", ""software-engineering""]","[""Frontend"", ""eng"", ""frontend"", ""performance budgets"", ""performance-budgets"", ""software-engineering""]",EMPLOYEE,"[""employee"", ""engineer"", ""tech_lead"", ""architect""]",[],servicenow,synthetic://software-engineering/ENG-000479,1.1,2025-03-22,2025-10-05,2025-05-04,,ACTIVE,True,Synthetic dataset generated for research/demo use,VALIDATED,,03a506239c75
ENG-000480,ENG-MESSAGIN-00387,,Consumer Retries — Singapore,"# Consumer Retries — Singapore

## Purpose
This document defines the approved operating model for consumer retries within Northstar Digital Services.

## Scope
Archived versions remain available for audit purposes but must not be used for new decisions. This version applies to Singapore.

## Requirements
- Consumer Retries must follow the current approved policy and ownership model. - Operational evidence for consumer retries should be retained according to the applicable retention schedule. - Exceptions involving consumer retries require documented approval from the responsible owner. - Teams should use standard tooling and published procedures when working with consumer retries.

## Controls
Changes affecting production require peer review, traceable evidence, and rollback instructions.

## Procedure
1. Confirm that the request concerns consumer retries.
2. Verify the relevant owner, country, environment, and current version.
3. Follow the approved workflow and capture evidence.
4. Escalate unresolved or exceptional cases to Data Platform.

## Validation
Verify the current document version before acting.

## Version
Version 1.0. Status: ACTIVE.",Software Engineering,Digital Delivery,Messaging,consumer retries,known_issue,Data Platform,Data Platform,SG,Singapore,en,"[""consumer-retries"", ""eng"", ""messaging"", ""software-engineering""]","[""Messaging"", ""consumer retries"", ""consumer-retries"", ""eng"", ""messaging"", ""software-engineering""]",INTERNAL,"[""employee"", ""engineer"", ""tech_lead"", ""architect""]",[],sharepoint,synthetic://software-engineering/ENG-000480,1.0,2025-03-24,2025-11-30,2025-04-17,,ACTIVE,True,Synthetic dataset generated for research/demo use,VALIDATED,,3fda9f3b07cc
ENG-000481,ENG-JAVA-SER-00388,,Dependency Management — United Kingdom,"# Dependency Management — United Kingdom

## Purpose
Teams must apply this guidance when working with dependency management in production or employee-facing environments.

## Scope
Country-specific and role-specific exceptions override the global baseline only when explicitly documented. This version applies to United Kingdom.

## Requirements
- Dependency Management must follow the current approved policy and ownership model. - Operational evidence for dependency management should be retained according to the applicable retention schedule. - Exceptions involving dependency management require documented approval from the responsible owner. - Teams should use standard tooling and published procedures when working with dependency management.

## Controls
Sensitive information must follow the organisation's classification and least-privilege requirements.

## Procedure
1. Confirm that the request concerns dependency management.
2. Verify the relevant owner, country, environment, and current version.
3. Follow the approved workflow and capture evidence.
4. Escalate unresolved or exceptional cases to Data Platform.

## Validation
Verify the current document version before acting.

## Version
Version 1.4. Status: ACTIVE.",Software Engineering,Enterprise Platforms,Java Services,dependency management,technical_standard,Data Platform,Data Platform,UK,United Kingdom,en,"[""dependency-management"", ""eng"", ""java-services"", ""software-engineering""]","[""Java Services"", ""dependency management"", ""dependency-management"", ""eng"", ""java-services"", ""software-engineering""]",INTERNAL,"[""employee"", ""engineer"", ""tech_lead"", ""architect""]",[],hr_portal,synthetic://software-engineering/ENG-000481,1.4,2024-01-31,2025-12-07,2024-03-26,,ACTIVE,True,Synthetic dataset generated for research/demo use,VALIDATED,,22a1e3333792
ENG-000482,ENG-DATABASE-00389,,Transaction Boundaries — Global,"# Transaction Boundaries — Global

## Purpose
Teams must apply this guidance when working with transaction boundaries in production or employee-facing environments.

## Scope
Archived versions remain available for audit purposes but must not be used for new decisions. This version is the global baseline; country-specific documents may impose additional requirements.

## Requirements
- Transaction Boundaries must follow the current approved policy and ownership model. - Operational evidence for transaction boundaries should be retained according to the applicable retention schedule. - Exceptions involving transaction boundaries require documented approval from the responsible owner. - Teams should use standard tooling and published procedures when working with transaction boundaries.

## Controls
Requests requiring elevated access must be approved by the designated owner and recorded in the enterprise service system.

## Procedure
1. Confirm that the request concerns transaction boundaries.
2. Verify the relevant owner, country, environment, and current version.
3. Follow the approved workflow and capture evidence.
4. Escalate unresolved or exceptional cases to Backend Platform.

## Validation
Verify the current document version before acting.

## Version
Version 1.0. Status: ACTIVE.",Software Engineering,Cloud & Security,Databases,transaction boundaries,technical_standard,Backend Platform,Backend Platform,GLOBAL,Global,en,"[""databases"", ""eng"", ""software-engineering"", ""transaction-boundaries""]","[""Databases"", ""databases"", ""eng"", ""software-engineering"", ""transaction boundaries"", ""transaction-boundaries""]",EMPLOYEE,"[""employee"", ""engineer"", ""tech_lead"", ""architect""]",[],hr_portal,synthetic://software-engineering/ENG-000482,1.0,2023-04-04,2023-09-29,2023-05-17,,ACTIVE,True,Synthetic dataset generated for research/demo use,VALIDATED,,e83cfb41ec93
ENG-000483,ENG-DATABASE-00390,,Transaction Boundaries — Global,"# Transaction Boundaries — Global

## Purpose
This document defines the approved operating model for transaction boundaries within Northstar Digital Services.

## Scope
Archived versions remain available for audit purposes but must not be used for new decisions. This version is the global baseline; country-specific documents may impose additional requirements.

## Requirements
- Transaction Boundaries must follow the current approved policy and ownership model. - Operational evidence for transaction boundaries should be retained according to the applicable retention schedule. - Exceptions involving transaction boundaries require documented approval from the responsible owner. - Teams should use standard tooling and published procedures when working with transaction boundaries.

## Controls
Sensitive information must follow the organisation's classification and least-privilege requirements.

## Procedure
1. Confirm that the request concerns transaction boundaries.
2. Verify the relevant owner, country, environment, and current version.
3. Follow the approved workflow and capture evidence.
4. Escalate unresolved or exceptional cases to Architecture Guild.

## Validation
If the procedure does not resolve the issue, escalate to the listed owner team with timestamps, identifiers, and evidence.

## Version
Version 1.3. Status: ACTIVE.",Software Engineering,Digital Delivery,Databases,transaction boundaries,architecture_decision_record,Architecture Guild,Architecture Guild,GLOBAL,Global,en,"[""databases"", ""eng"", ""software-engineering"", ""transaction-boundaries""]","[""Databases"", ""databases"", ""eng"", ""software-engineering"", ""transaction boundaries"", ""transaction-boundaries""]",EMPLOYEE,"[""employee"", ""engineer"", ""tech_lead"", ""architect""]",[],sharepoint,synthetic://software-engineering/ENG-000483,1.3,2023-09-13,2025-04-28,2023-10-20,,ACTIVE,True,Synthetic dataset generated for research/demo use,VALIDATED,,806c0b709e62
ENG-000484,ENG-MESSAGIN-00391,,Ordering — United States,"# Ordering — United States

## Purpose
The standard exists to reduce inconsistent implementation, avoid repeated support effort, and provide an auditable source of truth.

## Scope
It applies to employees, contractors, and managed service teams where the stated scope is relevant. This version applies to United States.

## Requirements
- Ordering must follow the current approved policy and ownership model. - Operational evidence for ordering should be retained according to the applicable retention schedule. - Exceptions involving ordering require documented approval from the responsible owner. - Teams should use standard tooling and published procedures when working with ordering.

## Controls
Requests requiring elevated access must be approved by the designated owner and recorded in the enterprise service system.

## Procedure
1. Confirm that the request concerns ordering.
2. Verify the relevant owner, country, environment, and current version.
3. Follow the approved workflow and capture evidence.
4. Escalate unresolved or exceptional cases to Developer Experience.

## Validation
Do not bypass required controls simply to shorten resolution time.

## Version
Version 1.1. Status: ARCHIVED. This document is archived and retained only for historical reference.",Software Engineering,Enterprise Platforms,Messaging,ordering,architecture_decision_record,Developer Experience,Developer Experience,US,United States,en,"[""eng"", ""messaging"", ""ordering"", ""software-engineering""]","[""Messaging"", ""eng"", ""messaging"", ""ordering"", ""software-engineering""]",INTERNAL,"[""employee"", ""engineer"", ""tech_lead"", ""architect""]",[],github,synthetic://software-engineering/ENG-000484,1.1,2024-02-02,2024-06-29,2024-03-07,2025-02-07,ARCHIVED,True,Synthetic dataset generated for research/demo use,VALIDATED,,f69cbe914101
ENG-000485,ENG-ARCHITEC-00392,,Service Boundaries — Global,"# Service Boundaries — Global

## Purpose
This document defines the approved operating model for service boundaries within Northstar Digital Services.

## Scope
It applies to employees, contractors, and managed service teams where the stated scope is relevant. This version is the global baseline; country-specific documents may impose additional requirements.

## Requirements
- Service Boundaries must follow the current approved policy and ownership model. - Operational evidence for service boundaries should be retained according to the applicable retention schedule. - Exceptions involving service boundaries require documented approval from the responsible owner. - Teams should use standard tooling and published procedures when working with service boundaries.

## Controls
Sensitive information must follow the organisation's classification and least-privilege requirements.

## Procedure
1. Confirm that the request concerns service boundaries.
2. Verify the relevant owner, country, environment, and current version.
3. Follow the approved workflow and capture evidence.
4. Escalate unresolved or exceptional cases to Data Platform.

## Validation
Verify the current document version before acting.

## Version
Version 1.4. Status: ACTIVE.",Software Engineering,Digital Delivery,Architecture,service boundaries,coding_standard,Data Platform,Data Platform,GLOBAL,Global,en,"[""architecture"", ""eng"", ""service-boundaries"", ""software-engineering""]","[""Architecture"", ""architecture"", ""eng"", ""service boundaries"", ""service-boundaries"", ""software-engineering""]",INTERNAL,"[""employee"", ""engineer"", ""tech_lead"", ""architect""]",[],hr_portal,synthetic://software-engineering/ENG-000485,1.4,2023-08-25,2023-09-15,2023-10-12,,ACTIVE,True,Synthetic dataset generated for research/demo use,VALIDATED,,510b6ef77436
ENG-000486,ENG-JAVA-SER-00393,,Spring Boot Standard — India v1.3,"# Spring Boot Standard — India v1.3

## Purpose
Teams must apply this guidance when working with Spring Boot standard in production or employee-facing environments.

## Scope
It applies to employees, contractors, and managed service teams where the stated scope is relevant. This version applies to India.

## Requirements
- Spring Boot Standard must follow the current approved policy and ownership model. - Operational evidence for Spring Boot standard should be retained according to the applicable retention schedule. - Exceptions involving Spring Boot standard require documented approval from the responsible owner. - Teams should use standard tooling and published procedures when working with Spring Boot standard.

## Controls
Requests requiring elevated access must be approved by the designated owner and recorded in the enterprise service system.

## Procedure
1. Confirm that the request concerns Spring Boot standard.
2. Verify the relevant owner, country, environment, and current version.
3. Follow the approved workflow and capture evidence.
4. Escalate unresolved or exceptional cases to Architecture Guild.

## Validation
If the procedure does not resolve the issue, escalate to the listed owner team with timestamps, identifiers, and evidence.

## Version
Version 1.3. Status: ARCHIVED. This document is archived and retained only for historical reference.",Software Engineering,Corporate Functions,Java Services,Spring Boot standard,architecture_decision_record,Architecture Guild,Architecture Guild,IN,India,en,"[""eng"", ""java-services"", ""software-engineering"", ""spring-boot-standard""]","[""Java Services"", ""Spring Boot standard"", ""eng"", ""java-services"", ""software-engineering"", ""spring-boot-standard""]",INTERNAL,"[""employee"", ""engineer"", ""tech_lead"", ""architect""]",[],sharepoint,synthetic://software-engineering/ENG-000486,1.3,2024-10-02,2024-10-30,2024-11-13,,ARCHIVED,True,Synthetic dataset generated for research/demo use,VALIDATED,,d5a12dba8a8f
ENG-000487,ENG-JAVA-SER-00393,ENG-000486,Spring Boot Standard — India v2.1,"# Spring Boot Standard — India v2.1

## Purpose
The standard exists to reduce inconsistent implementation, avoid repeated support effort, and provide an auditable source of truth.

## Scope
Archived versions remain available for audit purposes but must not be used for new decisions. This version applies to India.

## Requirements
- Spring Boot Standard must follow the current approved policy and ownership model. - Operational evidence for Spring Boot standard should be retained according to the applicable retention schedule. - Exceptions involving Spring Boot standard require documented approval from the responsible owner. - Teams should use standard tooling and published procedures when working with Spring Boot standard.

## Controls
Requests requiring elevated access must be approved by the designated owner and recorded in the enterprise service system.

## Procedure
1. Confirm that the request concerns Spring Boot standard.
2. Verify the relevant owner, country, environment, and current version.
3. Follow the approved workflow and capture evidence.
4. Escalate unresolved or exceptional cases to Architecture Guild.

## Validation
Verify the current document version before acting.

## Version
Version 2.1. Status: ARCHIVED. This document is archived and retained only for historical reference.",Software Engineering,Enterprise Platforms,Java Services,Spring Boot standard,architecture_decision_record,Architecture Guild,Architecture Guild,IN,India,en,"[""eng"", ""java-services"", ""software-engineering"", ""spring-boot-standard""]","[""Java Services"", ""Spring Boot standard"", ""eng"", ""java-services"", ""software-engineering"", ""spring-boot-standard""]",INTERNAL,"[""employee"", ""engineer"", ""tech_lead"", ""architect""]",[],sharepoint,synthetic://software-engineering/ENG-000487,2.1,2026-07-17,2026-09-23,2026-08-25,,ARCHIVED,True,Synthetic dataset generated for research/demo use,VALIDATED,,a8f1c5daa8bd
ENG-000488,ENG-JAVA-SER-00393,ENG-000487,Spring Boot Standard — India v3.0,"# Spring Boot Standard — India v3.0

## Purpose
Teams must apply this guidance when working with Spring Boot standard in production or employee-facing environments.

## Scope
It applies to employees, contractors, and managed service teams where the stated scope is relevant. This version applies to India.

## Requirements
- Spring Boot Standard must follow the current approved policy and ownership model. - Operational evidence for Spring Boot standard should be retained according to the applicable retention schedule. - Exceptions involving Spring Boot standard require documented approval from the responsible owner. - Teams should use standard tooling and published procedures when working with Spring Boot standard.

## Controls
Sensitive information must follow the organisation's classification and least-privilege requirements.

## Procedure
1. Confirm that the request concerns Spring Boot standard.
2. Verify the relevant owner, country, environment, and current version.
3. Follow the approved workflow and capture evidence.
4. Escalate unresolved or exceptional cases to Architecture Guild.

## Validation
Do not bypass required controls simply to shorten resolution time.

## Version
Version 3.0. Status: ACTIVE.",Software Engineering,Cloud & Security,Java Services,Spring Boot standard,architecture_decision_record,Architecture Guild,Architecture Guild,IN,India,en,"[""eng"", ""java-services"", ""software-engineering"", ""spring-boot-standard""]","[""Java Services"", ""Spring Boot standard"", ""eng"", ""java-services"", ""software-engineering"", ""spring-boot-standard""]",EMPLOYEE,"[""employee"", ""engineer"", ""tech_lead"", ""architect""]",[],sharepoint,synthetic://software-engineering/ENG-000488,3.0,2025-11-13,2026-09-23,2026-01-07,,ACTIVE,True,Synthetic dataset generated for research/demo use,VALIDATED,,db816c2087f7
ENG-000489,ENG-FRONTEND-00394,,State Management — India,"# State Management — India

## Purpose
The standard exists to reduce inconsistent implementation, avoid repeated support effort, and provide an auditable source of truth.

## Scope
Country-specific and role-specific exceptions override the global baseline only when explicitly documented. This version applies to India.

## Requirements
- State Management must follow the current approved policy and ownership model. - Operational evidence for state management should be retained according to the applicable retention schedule. - Exceptions involving state management require documented approval from the responsible owner. - Teams should use standard tooling and published procedures when working with state management.

## Controls
Requests requiring elevated access must be approved by the designated owner and recorded in the enterprise service system.

## Procedure
1. Confirm that the request concerns state management.
2. Verify the relevant owner, country, environment, and current version.
3. Follow the approved workflow and capture evidence.
4. Escalate unresolved or exceptional cases to Backend Platform.

## Validation
If the procedure does not resolve the issue, escalate to the listed owner team with timestamps, identifiers, and evidence.

## Version
Version 1.1. Status: ACTIVE.",Software Engineering,Enterprise Platforms,Frontend,state management,api_guide,Backend Platform,Backend Platform,IN,India,en,"[""eng"", ""frontend"", ""software-engineering"", ""state-management""]","[""Frontend"", ""eng"", ""frontend"", ""software-engineering"", ""state management"", ""state-management""]",CONFIDENTIAL,"[""tech_lead"", ""architect""]","[""Software Engineering""]",servicenow,synthetic://software-engineering/ENG-000489,1.1,2025-11-12,2026-01-27,2025-12-05,,ACTIVE,True,Synthetic dataset generated for research/demo use,VALIDATED,,f79f92b2bf91
ENG-000490,ENG-ARCHITEC-00395,,Caching — Global,"# Caching — Global

## Purpose
This document defines the approved operating model for caching within Northstar Digital Services.

## Scope
Archived versions remain available for audit purposes but must not be used for new decisions. This version is the global baseline; country-specific documents may impose additional requirements.

## Requirements
- Caching must follow the current approved policy and ownership model. - Operational evidence for caching should be retained according to the applicable retention schedule. - Exceptions involving caching require documented approval from the responsible owner. - Teams should use standard tooling and published procedures when working with caching.

## Controls
Sensitive information must follow the organisation's classification and least-privilege requirements.

## Procedure
1. Confirm that the request concerns caching.
2. Verify the relevant owner, country, environment, and current version.
3. Follow the approved workflow and capture evidence.
4. Escalate unresolved or exceptional cases to Frontend Platform.

## Validation
Verify the current document version before acting.

## Version
Version 1.4. Status: ARCHIVED. This document is archived and retained only for historical reference.",Software Engineering,Cloud & Security,Architecture,caching,architecture_decision_record,Frontend Platform,Frontend Platform,GLOBAL,Global,en,"[""architecture"", ""caching"", ""eng"", ""software-engineering""]","[""Architecture"", ""architecture"", ""caching"", ""eng"", ""software-engineering""]",INTERNAL,"[""employee"", ""engineer"", ""tech_lead"", ""architect""]",[],servicenow,synthetic://software-engineering/ENG-000490,1.4,2025-02-22,2025-04-19,2025-02-25,,ARCHIVED,True,Synthetic dataset generated for research/demo use,VALIDATED,,06e71085332c
ENG-000491,ENG-PYTHON-B-00396,,Dependency Pinning — Global,"# Dependency Pinning — Global

## Purpose
This document defines the approved operating model for dependency pinning within Northstar Digital Services.

## Scope
Country-specific and role-specific exceptions override the global baseline only when explicitly documented. This version is the global baseline; country-specific documents may impose additional requirements.

## Requirements
- Dependency Pinning must follow the current approved policy and ownership model. - Operational evidence for dependency pinning should be retained according to the applicable retention schedule. - Exceptions involving dependency pinning require documented approval from the responsible owner. - Teams should use standard tooling and published procedures when working with dependency pinning.

## Controls
Changes affecting production require peer review, traceable evidence, and rollback instructions.

## Procedure
1. Confirm that the request concerns dependency pinning.
2. Verify the relevant owner, country, environment, and current version.
3. Follow the approved workflow and capture evidence.
4. Escalate unresolved or exceptional cases to Architecture Guild.

## Validation
If the procedure does not resolve the issue, escalate to the listed owner team with timestamps, identifiers, and evidence.

## Version
Version 1.2. Status: ACTIVE.",Software Engineering,Corporate Functions,Python Backend,dependency pinning,known_issue,Architecture Guild,Architecture Guild,GLOBAL,Global,en,"[""dependency-pinning"", ""eng"", ""python-backend"", ""software-engineering""]","[""Python Backend"", ""dependency pinning"", ""dependency-pinning"", ""eng"", ""python-backend"", ""software-engineering""]",INTERNAL,"[""employee"", ""engineer"", ""tech_lead"", ""architect""]",[],hr_portal,synthetic://software-engineering/ENG-000491,1.2,2024-03-18,2025-12-25,2024-05-13,,ACTIVE,True,Synthetic dataset generated for research/demo use,VALIDATED,,3cb68cc91161
ENG-000492,ENG-TESTING-00397,,Test Data — Global,"# Test Data — Global

## Purpose
Teams must apply this guidance when working with test data in production or employee-facing environments.

## Scope
It applies to employees, contractors, and managed service teams where the stated scope is relevant. This version is the global baseline; country-specific documents may impose additional requirements.

## Requirements
- Test Data must follow the current approved policy and ownership model. - Operational evidence for test data should be retained according to the applicable retention schedule. - Exceptions involving test data require documented approval from the responsible owner. - Teams should use standard tooling and published procedures when working with test data.

## Controls
Sensitive information must follow the organisation's classification and least-privilege requirements.

## Procedure
1. Confirm that the request concerns test data.
2. Verify the relevant owner, country, environment, and current version.
3. Follow the approved workflow and capture evidence.
4. Escalate unresolved or exceptional cases to Frontend Platform.

## Validation
Do not bypass required controls simply to shorten resolution time.

## Version
Version 1.2. Status: ACTIVE.",Software Engineering,Cloud & Security,Testing,test data,technical_standard,Frontend Platform,Frontend Platform,GLOBAL,Global,en,"[""eng"", ""software-engineering"", ""test-data"", ""testing""]","[""Testing"", ""eng"", ""software-engineering"", ""test data"", ""test-data"", ""testing""]",INTERNAL,"[""employee"", ""engineer"", ""tech_lead"", ""architect""]",[],servicenow,synthetic://software-engineering/ENG-000492,1.2,2024-12-09,2025-04-27,2024-12-11,,ACTIVE,True,Synthetic dataset generated for research/demo use,VALIDATED,,545035aefc5a
ENG-000493,ENG-PYTHON-B-00398,,Fastapi Service Standard — Global,"# Fastapi Service Standard — Global

## Purpose
This document defines the approved operating model for FastAPI service standard within Northstar Digital Services.

## Scope
Archived versions remain available for audit purposes but must not be used for new decisions. This version is the global baseline; country-specific documents may impose additional requirements.

## Requirements
- Service contracts must use explicit schemas. - Health and readiness endpoints are required. - Timeouts, structured logging, and request IDs are mandatory in production. - Service contracts must use explicit schemas.

## Controls
Sensitive information must follow the organisation's classification and least-privilege requirements.

## Procedure
1. Confirm that the request concerns FastAPI service standard.
2. Verify the relevant owner, country, environment, and current version.
3. Follow the approved workflow and capture evidence.
4. Escalate unresolved or exceptional cases to Architecture Guild.

## Validation
Verify the current document version before acting.

## Version
Version 1.4. Status: ACTIVE.",Software Engineering,Digital Delivery,Python Backend,FastAPI service standard,migration_guide,Architecture Guild,Architecture Guild,GLOBAL,Global,en,"[""eng"", ""fastapi-service-standard"", ""python-backend"", ""software-engineering""]","[""FastAPI service standard"", ""Python Backend"", ""eng"", ""fastapi-service-standard"", ""python-backend"", ""software-engineering""]",INTERNAL,"[""employee"", ""engineer"", ""tech_lead"", ""architect""]",[],google_drive,synthetic://software-engineering/ENG-000493,1.4,2024-04-05,2024-06-22,2024-05-31,,ACTIVE,True,Synthetic dataset generated for research/demo use,VALIDATED,,7694c14197ca
ENG-000494,ENG-APIS-00399,,Error Envelopes — Global,"# Error Envelopes — Global

## Purpose
This document defines the approved operating model for error envelopes within Northstar Digital Services.

## Scope
Country-specific and role-specific exceptions override the global baseline only when explicitly documented. This version is the global baseline; country-specific documents may impose additional requirements.

## Requirements
- Error Envelopes must follow the current approved policy and ownership model. - Operational evidence for error envelopes should be retained according to the applicable retention schedule. - Exceptions involving error envelopes require documented approval from the responsible owner. - Teams should use standard tooling and published procedures when working with error envelopes.

## Controls
Sensitive information must follow the organisation's classification and least-privilege requirements.

## Procedure
1. Confirm that the request concerns error envelopes.
2. Verify the relevant owner, country, environment, and current version.
3. Follow the approved workflow and capture evidence.
4. Escalate unresolved or exceptional cases to Architecture Guild.

## Validation
Verify the current document version before acting.

## Version
Version 1.4. Status: ACTIVE.",Software Engineering,Corporate Functions,APIs,error envelopes,architecture_decision_record,Architecture Guild,Architecture Guild,GLOBAL,Global,en,"[""apis"", ""eng"", ""error-envelopes"", ""software-engineering""]","[""APIs"", ""apis"", ""eng"", ""error envelopes"", ""error-envelopes"", ""software-engineering""]",EMPLOYEE,"[""employee"", ""engineer"", ""tech_lead"", ""architect""]",[],github,synthetic://software-engineering/ENG-000494,1.4,2025-03-16,2025-11-06,2025-04-01,,ACTIVE,True,Synthetic dataset generated for research/demo use,VALIDATED,,bff4d464e272
ENG-000495,ENG-ARCHITEC-00400,,Monolith Decomposition — United Kingdom v1.3,"# Monolith Decomposition — United Kingdom v1.3

## Purpose
Teams must apply this guidance when working with monolith decomposition in production or employee-facing environments.

## Scope
Archived versions remain available for audit purposes but must not be used for new decisions. This version applies to United Kingdom.

## Requirements
- Monolith Decomposition must follow the current approved policy and ownership model. - Operational evidence for monolith decomposition should be retained according to the applicable retention schedule. - Exceptions involving monolith decomposition require documented approval from the responsible owner. - Teams should use standard tooling and published procedures when working with monolith decomposition.

## Controls
Changes affecting production require peer review, traceable evidence, and rollback instructions.

## Procedure
1. Confirm that the request concerns monolith decomposition.
2. Verify the relevant owner, country, environment, and current version.
3. Follow the approved workflow and capture evidence.
4. Escalate unresolved or exceptional cases to Architecture Guild.

## Validation
Do not bypass required controls simply to shorten resolution time.

## Version
Version 1.3. Status: ARCHIVED. This document is archived and retained only for historical reference.",Software Engineering,Digital Delivery,Architecture,monolith decomposition,coding_standard,Architecture Guild,Architecture Guild,UK,United Kingdom,en,"[""architecture"", ""eng"", ""monolith-decomposition"", ""software-engineering""]","[""Architecture"", ""architecture"", ""eng"", ""monolith decomposition"", ""monolith-decomposition"", ""software-engineering""]",INTERNAL,"[""employee"", ""engineer"", ""tech_lead"", ""architect""]",[],github,synthetic://software-engineering/ENG-000495,1.3,2026-06-21,2026-09-23,2026-07-21,,ARCHIVED,True,Synthetic dataset generated for research/demo use,VALIDATED,,69d00575508c
ENG-000496,ENG-ARCHITEC-00400,ENG-000495,Monolith Decomposition — United Kingdom v2.4,"# Monolith Decomposition — United Kingdom v2.4

## Purpose
Teams must apply this guidance when working with monolith decomposition in production or employee-facing environments.

## Scope
Country-specific and role-specific exceptions override the global baseline only when explicitly documented. This version applies to United Kingdom.

## Requirements
- Monolith Decomposition must follow the current approved policy and ownership model. - Operational evidence for monolith decomposition should be retained according to the applicable retention schedule. - Exceptions involving monolith decomposition require documented approval from the responsible owner. - Teams should use standard tooling and published procedures when working with monolith decomposition.

## Controls
Sensitive information must follow the organisation's classification and least-privilege requirements.

## Procedure
1. Confirm that the request concerns monolith decomposition.
2. Verify the relevant owner, country, environment, and current version.
3. Follow the approved workflow and capture evidence.
4. Escalate unresolved or exceptional cases to Architecture Guild.

## Validation
Do not bypass required controls simply to shorten resolution time.

## Version
Version 2.4. Status: ARCHIVED. This document is archived and retained only for historical reference.",Software Engineering,Enterprise Platforms,Architecture,monolith decomposition,coding_standard,Architecture Guild,Architecture Guild,UK,United Kingdom,en,"[""architecture"", ""eng"", ""monolith-decomposition"", ""software-engineering""]","[""Architecture"", ""architecture"", ""eng"", ""monolith decomposition"", ""monolith-decomposition"", ""software-engineering""]",EMPLOYEE,"[""employee"", ""engineer"", ""tech_lead"", ""architect""]",[],servicenow,synthetic://software-engineering/ENG-000496,2.4,2024-07-21,2024-12-21,2024-08-29,,ARCHIVED,True,Synthetic dataset generated for research/demo use,VALIDATED,,c78a02c26f34
ENG-000497,ENG-ARCHITEC-00400,ENG-000496,Monolith Decomposition — United Kingdom v3.0,"# Monolith Decomposition — United Kingdom v3.0

## Purpose
This document defines the approved operating model for monolith decomposition within Northstar Digital Services.

## Scope
It applies to employees, contractors, and managed service teams where the stated scope is relevant. This version applies to United Kingdom.

## Requirements
- Monolith Decomposition must follow the current approved policy and ownership model. - Operational evidence for monolith decomposition should be retained according to the applicable retention schedule. - Exceptions involving monolith decomposition require documented approval from the responsible owner. - Teams should use standard tooling and published procedures when working with monolith decomposition.

## Controls
Requests requiring elevated access must be approved by the designated owner and recorded in the enterprise service system.

## Procedure
1. Confirm that the request concerns monolith decomposition.
2. Verify the relevant owner, country, environment, and current version.
3. Follow the approved workflow and capture evidence.
4. Escalate unresolved or exceptional cases to Architecture Guild.

## Validation
If the procedure does not resolve the issue, escalate to the listed owner team with timestamps, identifiers, and evidence.

## Version
Version 3.0. Status: ACTIVE.",Software Engineering,Cloud & Security,Architecture,monolith decomposition,coding_standard,Architecture Guild,Architecture Guild,UK,United Kingdom,en,"[""architecture"", ""eng"", ""monolith-decomposition"", ""software-engineering""]","[""Architecture"", ""architecture"", ""eng"", ""monolith decomposition"", ""monolith-decomposition"", ""software-engineering""]",EMPLOYEE,"[""employee"", ""engineer"", ""tech_lead"", ""architect""]",[],confluence,synthetic://software-engineering/ENG-000497,3.0,2023-02-16,2024-06-17,2023-03-16,,ACTIVE,True,Synthetic dataset generated for research/demo use,VALIDATED,,ea15b25aa18d
ENG-000498,ENG-FRONTEND-00401,,Design Tokens — Australia v1.2,"# Design Tokens — Australia v1.2

## Purpose
Teams must apply this guidance when working with design tokens in production or employee-facing environments.

## Scope
It applies to employees, contractors, and managed service teams where the stated scope is relevant. This version applies to Australia.

## Requirements
- Design Tokens must follow the current approved policy and ownership model. - Operational evidence for design tokens should be retained according to the applicable retention schedule. - Exceptions involving design tokens require documented approval from the responsible owner. - Teams should use standard tooling and published procedures when working with design tokens.

## Controls
Sensitive information must follow the organisation's classification and least-privilege requirements.

## Procedure
1. Confirm that the request concerns design tokens.
2. Verify the relevant owner, country, environment, and current version.
3. Follow the approved workflow and capture evidence.
4. Escalate unresolved or exceptional cases to Architecture Guild.

## Validation
Do not bypass required controls simply to shorten resolution time.

## Version
Version 1.2. Status: ARCHIVED. This document is archived and retained only for historical reference.",Software Engineering,Enterprise Platforms,Frontend,design tokens,architecture_decision_record,Architecture Guild,Architecture Guild,AU,Australia,en,"[""design-tokens"", ""eng"", ""frontend"", ""software-engineering""]","[""Frontend"", ""design tokens"", ""design-tokens"", ""eng"", ""frontend"", ""software-engineering""]",INTERNAL,"[""employee"", ""engineer"", ""tech_lead"", ""architect""]",[],github,synthetic://software-engineering/ENG-000498,1.2,2026-06-19,2026-09-23,2026-06-27,,ARCHIVED,True,Synthetic dataset generated for research/demo use,VALIDATED,,7dfe385468fe
ENG-000499,ENG-FRONTEND-00401,ENG-000498,Design Tokens — Australia v2.2,"# Design Tokens — Australia v2.2

## Purpose
Teams must apply this guidance when working with design tokens in production or employee-facing environments.

## Scope
Archived versions remain available for audit purposes but must not be used for new decisions. This version applies to Australia.

## Requirements
- Design Tokens must follow the current approved policy and ownership model. - Operational evidence for design tokens should be retained according to the applicable retention schedule. - Exceptions involving design tokens require documented approval from the responsible owner. - Teams should use standard tooling and published procedures when working with design tokens.

## Controls
Requests requiring elevated access must be approved by the designated owner and recorded in the enterprise service system.

## Procedure
1. Confirm that the request concerns design tokens.
2. Verify the relevant owner, country, environment, and current version.
3. Follow the approved workflow and capture evidence.
4. Escalate unresolved or exceptional cases to Architecture Guild.

## Validation
Do not bypass required controls simply to shorten resolution time.

## Version
Version 2.2. Status: ARCHIVED. This document is archived and retained only for historical reference.",Software Engineering,Corporate Functions,Frontend,design tokens,architecture_decision_record,Architecture Guild,Architecture Guild,AU,Australia,en,"[""design-tokens"", ""eng"", ""frontend"", ""software-engineering""]","[""Frontend"", ""design tokens"", ""design-tokens"", ""eng"", ""frontend"", ""software-engineering""]",INTERNAL,"[""employee"", ""engineer"", ""tech_lead"", ""architect""]",[],google_drive,synthetic://software-engineering/ENG-000499,2.2,2023-08-05,2025-03-12,2023-09-22,,ARCHIVED,True,Synthetic dataset generated for research/demo use,VALIDATED,,6bcc7ca18a0a
ENG-000500,ENG-FRONTEND-00401,ENG-000499,Design Tokens — Australia v3.4,"# Design Tokens — Australia v3.4

## Purpose
The standard exists to reduce inconsistent implementation, avoid repeated support effort, and provide an auditable source of truth.

## Scope
Country-specific and role-specific exceptions override the global baseline only when explicitly documented. This version applies to Australia.

## Requirements
- Design Tokens must follow the current approved policy and ownership model. - Operational evidence for design tokens should be retained according to the applicable retention schedule. - Exceptions involving design tokens require documented approval from the responsible owner. - Teams should use standard tooling and published procedures when working with design tokens.

## Controls
Changes affecting production require peer review, traceable evidence, and rollback instructions.

## Procedure
1. Confirm that the request concerns design tokens.
2. Verify the relevant owner, country, environment, and current version.
3. Follow the approved workflow and capture evidence.
4. Escalate unresolved or exceptional cases to Architecture Guild.

## Validation
Do not bypass required controls simply to shorten resolution time.

## Version
Version 3.4. Status: ACTIVE.",Software Engineering,Cloud & Security,Frontend,design tokens,architecture_decision_record,Architecture Guild,Architecture Guild,AU,Australia,en,"[""design-tokens"", ""eng"", ""frontend"", ""software-engineering""]","[""Frontend"", ""design tokens"", ""design-tokens"", ""eng"", ""frontend"", ""software-engineering""]",EMPLOYEE,"[""employee"", ""engineer"", ""tech_lead"", ""architect""]",[],github,synthetic://software-engineering/ENG-000500,3.4,2025-11-20,2026-09-23,2025-12-19,,ACTIVE,True,Synthetic dataset generated for research/demo use,VALIDATED,,8e5e1bbabe05
